student_id,programme,semester,attendance_rate,lms_logins,lms_activity_minutes,assignment_completion_rate,late_submissions,assessment_score,help_requests,feedback_score,disengagement_label
S0001,Information Technology,2,68.0,35,500.0,95.0,0,85.0,0,4.7,0
S0002,Artificial Intelligence,6,68.0,35,500.0,95.0,0,85.0,0,4.7,0
S0003,Data Science,7,68.0,35,500.0,95.0,0,85.0,0,4.7,0
S0004,Artificial Intelligence,4,94.0,5,80.0,55.0,4,48.0,4,2.2,1
S0005,Artificial Intelligence,5,94.0,5,80.0,55.0,4,48.0,4,2.2,1
S0006,Business Administration,8,94.0,5,80.0,55.0,4,48.0,4,2.2,1
S0007,Data Science,4,90.0,2,30.0,100.0,0,75.0,0,4.0,0
S0008,Data Science,7,90.0,2,30.0,100.0,0,75.0,0,4.0,0
S0009,Data Science,4,90.0,2,30.0,100.0,0,75.0,0,4.0,0
S0010,Artificial Intelligence,8,89.0,17,0.0,64.8,2,61.9,1,3.0,1
S0011,Information Technology,5,71.1,16,483.0,95.9,0,55.8,2,4.4,0
S0012,Data Science,4,82.3,15,367.0,67.3,1,86.0,0,3.5,0
S0013,Artificial Intelligence,5,79.3,27,389.0,73.8,0,73.3,1,4.0,0
S0014,Business Administration,7,89.4,23,364.0,100.0,2,71.7,0,4.4,0
S0015,Information Technology,5,81.8,17,276.0,100.0,2,74.8,1,3.7,0
S0016,Business Administration,6,79.6,14,242.0,98.7,0,44.5,0,2.8,0
S0017,Information Technology,6,72.4,18,296.0,66.0,0,79.1,1,4.4,0
S0018,Artificial Intelligence,5,82.4,20,476.0,70.3,1,65.9,1,3.8,0
S0019,Computer Science,2,78.9,16,303.0,64.0,3,91.6,0,3.8,0
S0020,Information Technology,3,71.6,15,533.0,73.7,1,100.0,2,2.5,0
S0021,Business Administration,2,83.9,18,207.0,87.6,1,73.1,1,4.5,0
S0022,Artificial Intelligence,5,86.4,21,121.0,44.2,3,74.7,1,3.8,1
S0023,Information Technology,3,77.9,13,189.0,59.4,1,70.8,0,2.4,1
S0024,Computer Science,6,93.2,24,281.0,80.0,1,40.5,1,3.3,0
S0025,Computer Science,3,85.2,24,467.0,76.3,2,45.3,0,3.4,0
S0026,Data Science,5,66.6,15,242.0,69.9,0,49.2,3,3.5,1
S0027,Data Science,6,98.0,17,125.0,52.9,1,77.8,1,3.3,1
S0028,Business Administration,3,91.2,13,302.0,67.3,4,90.8,0,3.5,0
S0029,Information Technology,3,94.0,19,447.0,69.3,0,75.3,0,4.3,0
S0030,Information Technology,2,86.8,18,299.0,54.0,1,49.7,0,3.4,0
S0031,Data Science,3,53.9,18,324.0,63.0,1,37.0,1,3.1,0
S0032,Information Technology,7,95.1,21,297.0,74.5,1,60.9,1,3.6,0
S0033,Information Technology,5,82.7,15,275.0,86.5,1,61.7,0,4.4,0
S0034,Computer Science,1,86.2,13,588.0,94.5,5,79.6,1,4.1,0
S0035,Data Science,1,88.5,17,458.0,59.1,2,84.3,1,1.6,0
S0036,Artificial Intelligence,1,100.0,16,525.0,71.7,2,70.5,1,2.5,0
S0037,Data Science,5,75.4,18,646.0,73.6,0,50.7,1,2.1,0
S0038,Artificial Intelligence,1,75.8,11,454.0,74.4,3,68.9,1,3.8,0
S0039,Computer Science,2,71.8,22,244.0,73.2,2,38.6,1,4.4,1
S0040,Business Administration,5,69.2,15,406.0,56.9,3,64.0,1,3.5,0
S0041,Information Technology,7,69.4,18,529.0,86.5,0,85.7,0,3.6,0
S0042,Computer Science,6,59.8,22,364.0,72.3,0,65.8,1,2.7,0
S0043,Information Technology,7,87.1,17,259.0,78.6,1,87.6,2,4.4,0
S0044,Business Administration,5,100.0,17,465.0,79.4,0,62.0,0,2.9,0
S0045,Business Administration,5,100.0,23,147.0,67.1,0,75.5,3,4.4,1
S0046,Computer Science,3,71.8,12,317.0,91.8,3,46.7,2,3.0,1
S0047,Business Administration,3,78.7,13,391.0,69.9,3,74.2,1,4.8,0
S0048,Artificial Intelligence,3,96.8,22,287.0,81.0,1,67.0,0,2.4,0
S0049,Business Administration,8,87.2,28,375.0,79.7,2,61.7,0,2.7,0
S0050,Information Technology,8,83.6,14,378.0,82.6,2,86.2,0,4.4,0
S0051,Information Technology,4,78.9,16,367.0,97.4,0,75.4,0,4.4,0
S0052,Information Technology,8,96.1,19,277.0,65.0,2,62.1,4,3.3,1
S0053,Information Technology,2,69.1,21,252.0,77.8,1,87.5,0,2.4,1
S0054,Artificial Intelligence,5,87.8,10,286.0,77.2,0,99.6,3,1.5,1
S0055,Data Science,7,86.1,20,135.0,72.7,0,51.2,0,4.6,0
S0056,Computer Science,5,82.5,15,465.0,86.8,1,63.1,1,3.8,0
S0057,Information Technology,3,91.5,15,365.0,57.0,3,70.9,2,3.6,0
S0058,Business Administration,5,82.4,21,320.0,100.0,2,100.0,2,2.9,0
S0059,Information Technology,6,75.6,24,219.0,100.0,3,57.0,1,3.2,1
S0060,Business Administration,8,83.1,24,315.0,66.6,3,65.5,1,4.2,0
S0061,Business Administration,5,62.9,13,313.0,76.2,2,86.9,0,2.6,0
S0062,Information Technology,7,89.4,16,248.0,45.7,0,89.6,1,4.2,0
S0063,Artificial Intelligence,1,92.4,22,426.0,66.2,3,52.0,0,4.0,0
S0064,Business Administration,6,74.1,14,164.0,100.0,2,70.6,0,4.8,0
S0065,Business Administration,6,71.3,13,191.0,88.8,2,63.7,2,3.9,1
S0066,Information Technology,5,74.6,24,433.0,90.3,1,39.6,1,4.2,0
S0067,Business Administration,4,81.2,19,480.0,69.1,1,55.0,1,2.4,0
S0068,Business Administration,3,84.6,25,333.0,76.2,2,79.0,2,3.3,0
S0069,Information Technology,2,100.0,11,182.0,76.9,1,58.8,1,3.4,1
S0070,Information Technology,2,99.9,11,459.0,52.8,0,83.3,2,3.8,0
S0071,Computer Science,1,92.0,17,325.0,80.1,2,75.3,2,3.6,0
S0072,Artificial Intelligence,2,83.5,16,315.0,91.5,2,70.8,1,4.3,0
S0073,Artificial Intelligence,2,70.9,19,485.0,100.0,1,62.7,1,3.6,0
S0074,Business Administration,3,100.0,18,400.0,82.3,0,70.6,0,2.8,0
S0075,Artificial Intelligence,8,79.0,19,256.0,75.6,2,85.8,0,2.7,1
S0076,Business Administration,3,85.4,13,112.0,75.6,4,39.9,2,4.7,1
S0077,Computer Science,4,89.5,23,262.0,84.6,1,50.5,3,3.7,0
S0078,Information Technology,7,82.7,24,357.0,91.8,0,87.5,0,3.6,0
S0079,Information Technology,1,95.8,25,377.0,97.2,1,38.9,0,3.7,0
S0080,Information Technology,2,87.5,17,153.0,39.8,1,51.3,0,3.7,1
S0081,Artificial Intelligence,4,93.9,19,222.0,97.2,4,76.0,1,3.3,0
S0082,Computer Science,1,87.4,16,0.0,56.4,2,71.8,2,4.0,1
S0083,Artificial Intelligence,6,81.5,15,342.0,60.3,0,57.1,0,4.3,0
S0084,Artificial Intelligence,2,82.9,18,94.0,74.2,3,80.8,1,4.2,1
S0085,Computer Science,2,81.3,24,245.0,87.0,0,45.8,4,3.5,1
S0086,Computer Science,3,66.6,16,192.0,54.3,1,100.0,1,2.7,1
S0087,Computer Science,5,70.0,26,381.0,67.3,3,78.3,0,2.5,0
S0088,Computer Science,1,90.9,21,346.0,83.2,1,67.2,4,4.3,0
S0089,Information Technology,2,66.9,27,212.0,86.7,1,86.8,2,3.1,1
S0090,Data Science,8,77.1,22,319.0,86.3,1,82.8,0,3.6,0
S0091,Data Science,1,69.4,15,381.0,94.9,0,84.5,3,2.8,0
S0092,Computer Science,7,76.5,26,336.0,98.6,2,64.6,1,3.7,0
S0093,Data Science,8,80.1,22,0.0,79.9,1,44.7,1,4.4,1
S0094,Data Science,4,77.1,16,577.0,76.8,3,84.2,0,4.5,0
S0095,Computer Science,8,64.9,21,365.0,63.7,0,81.2,1,2.4,0
S0096,Data Science,4,79.8,16,435.0,67.6,2,80.9,2,4.1,0
S0097,Artificial Intelligence,5,70.5,23,213.0,53.5,0,57.0,3,2.8,1
S0098,Business Administration,2,74.4,21,188.0,100.0,0,82.7,0,4.9,0
S0099,Business Administration,8,90.9,21,236.0,76.8,2,61.6,0,5.0,0
S0100,Computer Science,7,93.5,14,540.0,91.4,3,87.5,1,3.8,0
S0101,Information Technology,3,66.3,16,262.0,100.0,1,66.2,1,3.6,0
S0102,Computer Science,2,100.0,22,292.0,100.0,2,49.1,2,3.3,0
S0103,Information Technology,1,75.9,20,523.0,98.0,2,53.6,1,4.7,0
S0104,Business Administration,6,74.8,10,257.0,71.2,1,58.9,1,3.6,0
S0105,Computer Science,4,71.3,23,302.0,92.4,2,87.3,0,3.7,0
S0106,Artificial Intelligence,1,82.7,19,141.0,77.9,1,67.2,2,3.3,1
S0107,Data Science,5,100.0,14,533.0,61.1,3,61.9,1,3.5,0
S0108,Information Technology,4,63.5,25,209.0,61.6,2,100.0,1,3.9,1
S0109,Data Science,3,57.3,13,279.0,93.3,0,64.5,1,3.8,0
S0110,Data Science,4,85.2,19,0.0,91.3,2,52.5,1,4.2,1
S0111,Computer Science,6,88.8,11,280.0,100.0,0,100.0,1,3.7,0
S0112,Data Science,8,82.6,12,291.0,73.8,2,57.0,2,3.4,1
S0113,Artificial Intelligence,7,89.1,17,250.0,70.1,2,50.8,3,3.8,0
S0114,Data Science,8,68.4,24,91.0,58.4,1,85.9,2,3.7,1
S0115,Computer Science,2,70.7,24,365.0,48.2,0,56.0,4,2.9,1
S0116,Artificial Intelligence,6,83.5,11,72.0,62.7,4,64.0,2,1.8,1
S0117,Business Administration,7,100.0,23,101.0,66.3,0,70.8,0,2.7,1
S0118,Data Science,6,88.7,11,269.0,57.5,1,63.6,0,2.5,1
S0119,Computer Science,2,89.3,17,445.0,68.8,2,64.7,1,4.2,0
S0120,Business Administration,4,69.1,12,294.0,100.0,5,77.0,0,2.8,1
S0121,Business Administration,5,87.1,20,336.0,65.6,2,66.0,1,4.6,0
S0122,Information Technology,2,67.8,20,219.0,44.7,1,55.2,0,2.9,1
S0123,Artificial Intelligence,2,100.0,19,219.0,80.7,3,65.4,0,4.0,0
S0124,Data Science,7,69.9,18,406.0,89.5,1,85.6,0,5.0,0
S0125,Computer Science,3,72.4,17,448.0,62.1,0,61.2,2,4.0,0
S0126,Information Technology,8,64.3,13,433.0,91.6,1,82.6,1,5.0,0
S0127,Artificial Intelligence,4,83.0,14,374.0,100.0,3,71.2,3,2.7,1
S0128,Information Technology,2,82.5,16,339.0,73.8,2,61.5,1,4.5,0
S0129,Artificial Intelligence,5,100.0,20,128.0,91.4,0,58.0,1,2.9,1
S0130,Artificial Intelligence,1,91.3,27,232.0,94.6,2,68.4,1,4.3,0
S0131,Data Science,4,72.5,14,214.0,85.4,2,89.9,2,3.5,0
S0132,Artificial Intelligence,3,92.5,24,309.0,94.4,2,64.9,1,3.7,0
S0133,Information Technology,6,67.1,33,393.0,87.6,1,52.5,1,3.5,0
S0134,Artificial Intelligence,2,73.4,16,260.0,61.0,2,56.6,2,3.3,0
S0135,Data Science,5,83.4,26,1.0,37.7,1,79.8,2,3.6,1
S0136,Data Science,4,68.4,24,451.0,81.4,3,57.9,2,3.8,0
S0137,Information Technology,5,94.8,12,192.0,73.8,1,90.1,1,2.3,1
S0138,Business Administration,5,100.0,12,199.0,48.7,0,84.1,0,3.3,0
S0139,Business Administration,8,78.5,22,377.0,74.1,0,55.9,0,4.0,0
S0140,Artificial Intelligence,7,74.2,28,238.0,75.6,3,66.5,1,3.6,0
S0141,Computer Science,6,80.4,20,303.0,83.4,3,85.8,0,4.3,0
S0142,Artificial Intelligence,3,75.3,27,340.0,98.1,5,62.1,1,2.3,1
S0143,Information Technology,8,85.1,14,318.0,63.5,2,68.3,0,3.7,0
S0144,Information Technology,4,66.1,23,270.0,40.8,1,82.3,0,4.1,0
S0145,Information Technology,2,85.8,16,315.0,70.8,0,90.6,4,3.3,0
S0146,Information Technology,3,100.0,12,579.0,92.7,2,77.8,1,3.2,0
S0147,Information Technology,2,58.0,15,455.0,100.0,4,70.2,1,4.6,0
S0148,Data Science,1,68.0,26,415.0,67.2,1,62.4,1,1.2,1
S0149,Business Administration,5,76.7,21,358.0,88.5,1,49.0,1,3.1,0
S0150,Information Technology,1,88.5,9,503.0,58.2,3,63.4,0,3.0,0
S0151,Computer Science,7,92.7,17,416.0,78.1,2,63.6,4,4.0,0
S0152,Computer Science,5,91.7,15,467.0,26.7,2,78.5,0,4.3,0
S0153,Computer Science,6,61.7,16,471.0,72.1,1,65.4,0,4.4,0
S0154,Computer Science,3,73.9,17,392.0,83.8,1,68.4,0,3.0,0
S0155,Data Science,2,71.2,10,375.0,69.7,3,88.7,1,3.7,0
S0156,Computer Science,8,81.2,22,272.0,52.7,1,68.9,1,3.1,1
S0157,Information Technology,7,82.2,16,543.0,79.4,1,59.8,3,4.3,0
S0158,Artificial Intelligence,6,65.6,14,304.0,100.0,1,50.3,0,3.7,0
S0159,Computer Science,2,76.7,18,176.0,63.0,0,61.3,1,3.4,1
S0160,Data Science,3,89.0,19,354.0,65.1,2,53.8,2,3.7,0
S0161,Data Science,4,74.5,9,286.0,73.7,2,59.3,0,4.2,0
S0162,Computer Science,7,79.6,14,187.0,100.0,1,100.0,1,3.8,0
S0163,Artificial Intelligence,1,100.0,24,194.0,54.0,3,63.9,2,3.3,1
S0164,Computer Science,1,100.0,11,313.0,64.2,1,73.1,1,3.3,0
S0165,Data Science,8,56.1,12,320.0,90.2,1,97.6,0,4.1,0
S0166,Business Administration,2,83.4,17,137.0,55.8,2,53.1,2,2.7,1
S0167,Information Technology,2,100.0,13,259.0,62.6,3,73.9,0,4.3,0
S0168,Data Science,2,87.7,14,420.0,100.0,2,84.7,1,2.0,0
S0169,Computer Science,7,82.2,18,0.0,100.0,0,73.1,1,3.6,1
S0170,Information Technology,3,97.8,16,271.0,88.6,2,61.5,1,3.0,0
S0171,Computer Science,4,84.6,18,304.0,83.9,2,76.2,4,5.0,0
S0172,Computer Science,1,90.5,15,379.0,67.4,0,54.7,2,1.6,0
S0173,Business Administration,6,79.5,15,275.0,78.1,0,65.1,1,3.2,0
S0174,Information Technology,5,84.4,16,254.0,64.3,2,44.0,1,2.9,1
S0175,Information Technology,7,87.1,13,373.0,100.0,0,76.8,1,4.2,0
S0176,Business Administration,7,92.4,20,294.0,80.6,2,86.5,2,4.5,0
S0177,Data Science,3,76.8,22,512.0,75.2,1,79.9,2,3.4,0
S0178,Computer Science,1,76.5,14,375.0,79.0,1,77.4,1,1.4,1
S0179,Artificial Intelligence,8,58.9,21,398.0,66.6,0,67.7,1,5.0,0
S0180,Computer Science,4,77.4,19,309.0,87.2,2,60.0,1,4.3,0
S0181,Computer Science,3,93.4,15,526.0,74.0,1,47.0,2,4.9,0
S0182,Data Science,6,87.6,18,233.0,100.0,2,54.9,1,3.4,1
S0183,Computer Science,1,70.0,21,162.0,70.1,3,56.8,4,3.8,1
S0184,Business Administration,3,59.2,23,289.0,93.0,0,74.3,0,3.1,0
S0185,Business Administration,1,80.3,19,268.0,100.0,0,85.5,2,1.8,1
S0186,Information Technology,1,93.1,15,283.0,27.8,2,71.0,0,3.2,1
S0187,Artificial Intelligence,8,76.3,18,537.0,70.3,3,66.2,2,2.8,0
S0188,Computer Science,7,64.7,17,205.0,100.0,0,95.1,0,3.4,0
S0189,Computer Science,4,74.9,17,293.0,37.5,0,75.7,2,2.2,1
S0190,Data Science,7,85.9,23,104.0,99.5,1,47.1,1,4.0,1
S0191,Business Administration,5,96.9,17,527.0,83.9,0,66.9,1,3.8,0
S0192,Artificial Intelligence,4,78.9,16,21.0,100.0,1,61.3,0,1.8,1
S0193,Information Technology,1,94.7,16,317.0,72.6,3,41.7,0,1.5,1
S0194,Business Administration,3,93.3,21,139.0,82.8,4,84.9,0,2.8,1
S0195,Information Technology,6,67.9,17,133.0,56.9,2,70.8,1,4.2,1
S0196,Data Science,8,97.0,21,194.0,73.9,0,95.1,2,5.0,0
S0197,Data Science,4,85.5,20,168.0,64.0,1,85.1,1,2.7,0
S0198,Computer Science,5,67.5,19,332.0,67.5,2,59.1,2,3.1,1
S0199,Artificial Intelligence,1,100.0,23,147.0,80.7,0,75.6,2,2.5,1
S0200,Information Technology,6,80.5,24,425.0,63.9,0,74.8,1,3.3,0
S0201,Business Administration,4,58.7,23,460.0,37.8,0,66.9,2,3.3,0
S0202,Data Science,7,73.5,19,499.0,82.4,1,40.6,4,4.3,0
S0203,Computer Science,7,70.6,22,116.0,81.9,2,80.5,0,2.3,1
S0204,Computer Science,4,73.8,17,206.0,91.4,1,42.2,2,4.3,1
S0205,Information Technology,4,76.7,21,242.0,77.9,1,47.6,0,4.1,0
S0206,Data Science,4,78.9,17,232.0,58.5,3,72.8,0,3.0,0
S0207,Artificial Intelligence,6,78.5,20,396.0,100.0,2,52.6,1,2.9,0
S0208,Data Science,7,80.8,14,338.0,71.9,2,56.8,1,3.3,0
S0209,Information Technology,3,89.0,17,189.0,60.5,3,70.3,1,2.9,1
S0210,Information Technology,5,73.0,23,266.0,100.0,4,79.3,1,3.2,1
S0211,Data Science,5,96.2,20,296.0,100.0,1,63.5,2,2.0,1
S0212,Information Technology,8,67.3,15,279.0,28.2,1,92.7,0,3.2,1
S0213,Data Science,1,89.4,18,212.0,61.3,2,53.1,1,3.2,1
S0214,Business Administration,2,100.0,22,167.0,74.7,1,86.7,0,3.6,0
S0215,Data Science,3,79.9,11,390.0,83.0,0,55.8,1,4.5,0
S0216,Data Science,7,84.3,12,158.0,89.8,1,96.3,0,3.4,1
S0217,Information Technology,1,70.4,17,385.0,100.0,0,90.0,1,2.7,0
S0218,Information Technology,8,75.9,17,329.0,58.3,1,73.7,0,2.1,1
S0219,Computer Science,1,100.0,17,197.0,80.8,2,81.1,0,4.0,0
S0220,Computer Science,4,91.0,24,361.0,51.5,1,83.3,1,3.7,0
S0221,Business Administration,2,87.0,19,214.0,82.1,0,63.8,1,3.4,0
S0222,Computer Science,7,58.7,15,368.0,100.0,2,70.4,1,3.6,0
S0223,Data Science,2,73.4,21,206.0,27.7,4,47.7,0,4.2,1
S0224,Information Technology,3,100.0,19,313.0,52.1,1,49.2,2,3.7,0
S0225,Computer Science,2,86.9,11,294.0,92.1,0,85.4,0,3.7,0
S0226,Computer Science,1,88.4,18,226.0,92.6,2,68.6,1,4.6,0
S0227,Business Administration,2,84.0,23,262.0,63.1,1,84.9,2,3.5,0
S0228,Business Administration,2,74.6,15,223.0,92.7,4,78.7,1,3.0,1
S0229,Data Science,5,86.0,20,441.0,100.0,3,71.5,1,4.5,0
S0230,Information Technology,7,63.6,15,216.0,87.9,2,89.3,1,3.0,0
S0231,Business Administration,7,62.7,15,291.0,100.0,1,86.4,2,2.5,1
S0232,Computer Science,1,73.2,23,49.0,83.8,2,57.5,1,3.8,1
S0233,Information Technology,6,84.3,17,218.0,73.3,1,47.9,1,4.0,1
S0234,Information Technology,2,63.2,15,376.0,83.1,3,53.6,2,2.9,1
S0235,Computer Science,2,83.5,17,357.0,93.2,0,88.0,1,4.2,0
S0236,Business Administration,4,70.1,19,352.0,49.0,0,80.9,1,3.5,0
S0237,Computer Science,7,71.7,14,297.0,82.9,0,45.7,1,3.1,0
S0238,Information Technology,2,97.6,17,330.0,75.7,1,66.3,0,3.5,0
S0239,Artificial Intelligence,7,82.4,9,473.0,68.4,0,85.1,1,3.0,0
S0240,Artificial Intelligence,2,71.2,14,189.0,57.6,4,55.7,4,3.5,1
S0241,Data Science,5,84.2,23,447.0,44.1,3,68.3,0,4.8,0
S0242,Computer Science,1,64.4,14,194.0,68.7,3,83.4,0,3.2,1
S0243,Computer Science,7,86.6,13,336.0,67.3,2,79.8,1,3.2,0
S0244,Data Science,3,95.3,9,197.0,95.0,0,50.2,0,2.8,0
S0245,Data Science,1,89.9,19,402.0,98.3,2,78.8,0,3.1,0
S0246,Data Science,4,100.0,13,145.0,62.6,3,71.7,2,2.5,1
S0247,Information Technology,1,58.7,16,179.0,62.5,4,80.8,0,3.1,1
S0248,Computer Science,2,83.5,18,287.0,67.9,3,59.3,0,2.9,1
S0249,Information Technology,4,65.9,17,205.0,98.1,3,82.0,1,3.3,1
S0250,Data Science,1,79.9,14,215.0,65.9,1,75.0,2,2.7,1
S0251,Computer Science,8,82.0,23,286.0,100.0,1,91.1,6,5.0,0
S0252,Information Technology,4,100.0,16,150.0,80.3,1,66.1,0,2.9,1
S0253,Information Technology,8,81.3,14,315.0,86.0,2,57.0,0,3.2,0
S0254,Data Science,3,81.1,17,344.0,69.5,0,49.5,1,3.7,0
S0255,Computer Science,1,94.1,10,111.0,100.0,4,87.4,1,3.8,1
S0256,Data Science,7,81.4,21,329.0,85.8,3,35.1,1,4.1,0
S0257,Computer Science,7,100.0,16,324.0,69.4,1,44.0,0,3.3,0
S0258,Artificial Intelligence,6,90.0,15,352.0,54.3,1,68.9,1,2.8,0
S0259,Business Administration,2,91.9,23,314.0,90.4,1,59.4,1,4.7,0
S0260,Business Administration,8,59.6,21,342.0,66.5,1,47.2,1,2.8,0
S0261,Business Administration,4,100.0,14,342.0,74.8,2,76.8,0,3.3,0
S0262,Data Science,6,74.1,18,329.0,61.1,2,77.5,3,3.5,0
S0263,Artificial Intelligence,6,81.9,18,345.0,61.4,2,71.5,0,4.0,0
S0264,Computer Science,5,74.2,17,485.0,67.0,0,83.0,2,3.8,0
S0265,Information Technology,8,69.7,17,457.0,76.8,0,72.4,2,3.0,0
S0266,Computer Science,4,67.6,24,286.0,56.6,1,36.6,1,3.7,1
S0267,Information Technology,6,83.2,21,225.0,73.5,3,63.0,1,2.3,1
S0268,Computer Science,5,58.4,20,452.0,65.0,0,71.5,0,5.0,0
S0269,Artificial Intelligence,6,79.1,12,575.0,75.8,2,77.1,1,2.9,0
S0270,Information Technology,2,94.7,22,297.0,94.5,4,72.7,2,4.2,0
S0271,Data Science,3,89.6,22,360.0,81.8,0,76.9,1,2.7,0
S0272,Computer Science,8,87.2,15,261.0,67.0,0,59.8,0,4.0,0
S0273,Computer Science,5,71.3,19,364.0,77.1,0,68.0,1,2.7,0
S0274,Information Technology,3,63.0,17,62.0,88.7,0,76.9,1,4.2,1
S0275,Data Science,4,94.5,32,237.0,90.6,0,100.0,3,5.0,0
S0276,Data Science,2,76.6,18,387.0,81.7,0,54.0,2,3.6,0
S0277,Artificial Intelligence,5,81.0,11,195.0,100.0,3,77.6,3,4.0,1
S0278,Data Science,4,79.6,19,367.0,62.1,2,51.2,1,4.3,0
S0279,Data Science,6,90.1,18,362.0,87.5,1,59.3,0,3.0,0
S0280,Data Science,7,100.0,11,369.0,76.8,1,83.1,1,4.3,0
S0281,Business Administration,1,99.5,14,239.0,96.3,0,73.0,1,3.1,0
S0282,Artificial Intelligence,4,54.0,27,392.0,78.2,1,65.1,0,5.0,0
S0283,Computer Science,3,78.3,12,522.0,100.0,1,100.0,2,2.5,0
S0284,Information Technology,2,65.8,20,241.0,79.6,0,59.6,0,3.6,0
S0285,Computer Science,2,93.3,16,220.0,91.2,1,74.7,0,2.7,0
S0286,Artificial Intelligence,4,82.0,19,280.0,74.4,0,79.0,1,4.5,0
S0287,Information Technology,6,89.3,16,333.0,84.2,2,43.5,1,5.0,0
S0288,Artificial Intelligence,1,77.3,14,176.0,67.0,0,65.0,2,3.7,1
S0289,Data Science,8,69.5,17,245.0,85.7,3,50.0,0,5.0,0
S0290,Information Technology,3,71.6,20,475.0,42.7,3,33.2,2,4.2,0
S0291,Data Science,4,63.6,24,436.0,68.3,2,73.6,1,4.8,0
S0292,Computer Science,4,66.8,14,181.0,65.6,0,75.6,1,4.2,0
S0293,Computer Science,7,64.3,25,524.0,100.0,2,58.9,0,4.9,0
S0294,Information Technology,2,69.6,20,248.0,64.9,0,53.0,1,4.8,0
S0295,Information Technology,3,68.9,14,340.0,69.3,0,91.0,0,3.1,0
S0296,Artificial Intelligence,1,86.7,17,305.0,64.3,1,97.4,3,3.1,1
S0297,Artificial Intelligence,2,86.3,21,410.0,85.4,4,77.2,2,3.3,1
S0298,Data Science,4,86.7,16,163.0,72.0,1,68.9,1,3.0,0
S0299,Information Technology,2,96.1,19,237.0,69.8,0,58.9,1,3.9,0
S0300,Computer Science,2,81.1,20,190.0,100.0,1,72.3,1,4.7,0
S0301,Artificial Intelligence,5,72.6,27,173.0,80.8,2,67.1,3,3.9,1
S0302,Artificial Intelligence,2,100.0,21,211.0,90.2,3,78.5,0,3.3,0
S0303,Computer Science,6,92.9,18,200.0,85.3,1,86.8,0,3.7,0
S0304,Artificial Intelligence,2,83.8,11,377.0,62.9,0,72.7,2,1.9,0
S0305,Data Science,8,83.0,14,254.0,67.6,2,68.9,1,2.6,1
S0306,Information Technology,6,85.5,20,270.0,57.8,1,45.7,2,3.3,0
S0307,Computer Science,3,79.6,19,80.0,55.9,1,74.4,1,3.9,1
S0308,Information Technology,2,83.5,20,419.0,78.6,0,77.7,1,3.3,0
S0309,Artificial Intelligence,1,88.0,21,94.0,79.8,2,83.8,1,3.7,1
S0310,Artificial Intelligence,6,73.3,15,311.0,75.7,2,41.5,1,3.3,0
S0311,Computer Science,6,62.4,20,459.0,84.8,2,73.1,2,3.2,0
S0312,Data Science,4,57.1,19,484.0,75.0,2,57.8,0,2.6,0
S0313,Business Administration,3,92.7,25,134.0,100.0,1,78.9,1,3.9,0
S0314,Computer Science,2,63.0,16,279.0,69.0,3,71.2,1,3.1,1
S0315,Business Administration,7,87.6,18,392.0,95.6,1,58.4,1,3.6,0
S0316,Business Administration,1,68.1,22,251.0,91.6,1,93.2,1,3.0,0
S0317,Data Science,4,68.3,11,430.0,31.9,1,62.2,2,4.0,0
S0318,Business Administration,3,73.4,26,55.0,50.8,2,58.7,0,3.6,1
S0319,Business Administration,8,84.3,16,318.0,47.0,0,61.6,0,3.7,0
S0320,Data Science,6,66.5,16,354.0,83.4,0,40.0,0,2.9,0
S0321,Business Administration,1,74.6,18,162.0,58.4,4,44.0,2,2.8,1
S0322,Business Administration,8,81.7,17,396.0,96.8,1,86.0,1,3.8,0
S0323,Business Administration,2,67.5,16,177.0,58.3,1,68.7,0,2.4,1
S0324,Computer Science,7,99.1,21,495.0,81.2,2,75.5,0,4.2,0
S0325,Computer Science,5,61.3,20,261.0,59.8,1,71.5,1,3.4,1
S0326,Computer Science,5,79.4,17,281.0,88.3,0,72.4,0,2.7,0
S0327,Data Science,3,97.3,24,176.0,72.3,1,67.4,0,2.3,1
S0328,Artificial Intelligence,7,66.1,22,258.0,69.9,0,58.6,1,4.3,0
S0329,Business Administration,1,80.7,17,215.0,65.6,2,77.1,0,1.7,1
S0330,Business Administration,4,83.6,21,336.0,58.1,1,70.8,1,3.9,0
S0331,Data Science,1,72.3,24,331.0,84.5,0,51.4,2,3.6,0
S0332,Business Administration,7,81.1,16,289.0,65.8,1,77.3,1,4.0,0
S0333,Computer Science,8,88.7,17,320.0,100.0,0,91.5,1,2.6,0
S0334,Artificial Intelligence,6,76.4,13,169.0,100.0,0,73.4,2,3.0,1
S0335,Information Technology,5,91.2,15,176.0,73.2,1,58.8,0,3.8,1
S0336,Business Administration,3,86.7,12,445.0,70.6,1,71.7,0,3.5,0
S0337,Computer Science,2,75.0,14,211.0,74.5,1,79.5,0,4.2,0
S0338,Information Technology,1,95.5,21,336.0,100.0,1,51.9,3,3.5,0
S0339,Artificial Intelligence,5,73.1,14,24.0,100.0,1,60.6,3,4.6,1
S0340,Information Technology,4,92.3,17,351.0,42.6,1,68.4,1,3.6,0
S0341,Computer Science,3,73.3,16,439.0,100.0,4,63.2,1,4.8,0
S0342,Information Technology,2,78.2,12,315.0,72.8,1,70.7,1,4.9,0
S0343,Data Science,1,80.0,13,320.0,63.2,0,89.1,0,4.9,0
S0344,Information Technology,4,86.1,20,488.0,98.1,2,45.8,4,2.9,0
S0345,Business Administration,2,53.0,19,334.0,79.5,3,47.4,2,4.5,1
S0346,Business Administration,6,87.5,18,218.0,100.0,0,61.8,2,3.5,0
S0347,Data Science,5,80.8,19,247.0,95.1,1,71.6,2,3.5,0
S0348,Computer Science,6,85.4,14,227.0,84.0,4,49.0,3,4.2,1
S0349,Business Administration,5,88.0,11,417.0,100.0,3,95.2,0,3.2,0
S0350,Artificial Intelligence,4,86.7,14,455.0,75.3,1,81.4,2,2.2,0
S0351,Business Administration,8,57.9,21,428.0,58.3,1,48.4,1,3.5,0
S0352,Business Administration,6,69.3,13,213.0,100.0,0,68.9,0,5.0,0
S0353,Computer Science,5,86.0,18,309.0,73.7,2,74.1,0,3.2,0
S0354,Information Technology,3,84.4,24,384.0,81.1,1,55.1,0,3.4,0
S0355,Business Administration,4,72.5,15,160.0,67.9,1,42.7,0,3.8,1
S0356,Data Science,5,90.9,23,409.0,79.8,2,55.9,1,3.2,0
S0357,Information Technology,1,78.9,21,402.0,83.8,3,82.7,1,3.3,0
S0358,Artificial Intelligence,5,92.6,18,372.0,58.0,1,49.1,2,3.6,0
S0359,Computer Science,6,96.5,24,399.0,58.4,0,87.8,0,3.2,0
S0360,Artificial Intelligence,3,85.3,13,290.0,62.1,2,53.6,2,4.5,1
S0361,Information Technology,2,88.7,13,200.0,75.7,1,29.1,0,5.0,0
S0362,Information Technology,8,74.7,20,440.0,85.8,0,85.8,2,3.9,0
S0363,Information Technology,2,92.7,18,305.0,100.0,2,60.8,1,3.1,0
S0364,Artificial Intelligence,5,84.6,20,237.0,100.0,1,64.5,1,3.9,0
S0365,Information Technology,2,78.5,12,315.0,81.2,1,72.3,2,2.6,1
S0366,Artificial Intelligence,5,67.4,16,315.0,69.9,1,48.0,2,2.4,1
S0367,Information Technology,3,76.2,19,244.0,35.2,1,51.5,0,3.4,0
S0368,Data Science,2,68.7,20,365.0,82.7,0,62.0,1,4.5,0
S0369,Information Technology,6,91.1,16,530.0,74.9,2,83.2,2,4.6,0
S0370,Artificial Intelligence,6,96.6,22,151.0,71.6,4,72.3,1,3.8,1
S0371,Business Administration,1,93.0,9,154.0,66.2,0,72.0,0,4.1,0
S0372,Information Technology,5,100.0,11,448.0,66.7,1,82.7,0,3.7,0
S0373,Business Administration,2,76.5,17,395.0,83.9,1,80.1,0,3.4,0
S0374,Data Science,6,89.2,12,500.0,89.6,3,55.4,0,2.5,0
S0375,Computer Science,7,67.8,14,527.0,77.5,3,56.4,0,4.5,0
S0376,Data Science,3,79.6,17,393.0,92.2,1,75.8,0,3.2,0
S0377,Information Technology,8,64.3,16,162.0,100.0,0,65.8,0,4.2,0
S0378,Business Administration,3,88.8,20,343.0,76.3,0,66.3,0,3.5,0
S0379,Business Administration,7,77.7,26,258.0,100.0,3,37.5,0,2.7,1
S0380,Artificial Intelligence,7,57.3,18,360.0,60.9,2,67.8,0,2.8,0
S0381,Business Administration,1,73.8,21,212.0,83.2,1,79.7,1,3.0,0
S0382,Artificial Intelligence,3,100.0,18,366.0,71.1,2,62.5,0,3.6,0
S0383,Computer Science,3,86.9,27,388.0,86.8,1,64.8,0,4.4,0
S0384,Information Technology,2,91.2,15,336.0,39.2,5,91.0,2,4.1,1
S0385,Artificial Intelligence,5,83.5,18,353.0,99.2,4,58.2,0,2.9,0
S0386,Computer Science,4,79.8,21,390.0,77.1,1,94.7,2,2.4,0
S0387,Business Administration,8,82.2,17,212.0,85.8,0,44.0,1,4.0,1
S0388,Business Administration,3,84.9,22,339.0,63.8,2,74.9,2,5.0,0
S0389,Computer Science,8,68.8,19,293.0,100.0,1,42.5,3,4.3,0
S0390,Business Administration,8,91.2,20,437.0,84.2,2,77.0,0,5.0,0
S0391,Computer Science,8,95.5,21,397.0,71.2,0,53.9,0,3.1,0
S0392,Artificial Intelligence,3,79.6,22,234.0,40.3,4,50.0,0,3.5,1
S0393,Artificial Intelligence,4,75.7,11,387.0,71.7,2,58.8,0,4.6,0
S0394,Computer Science,3,73.1,18,468.0,36.3,4,58.1,0,2.2,1
S0395,Artificial Intelligence,2,100.0,14,351.0,80.3,4,66.8,1,3.8,0
S0396,Artificial Intelligence,2,76.6,16,263.0,88.6,0,79.2,1,3.8,0
S0397,Artificial Intelligence,4,89.8,16,172.0,90.8,2,86.3,1,4.6,0
S0398,Data Science,6,79.7,17,64.0,62.6,2,97.1,1,2.7,1
S0399,Information Technology,3,79.1,24,434.0,66.6,1,65.2,0,3.3,0
S0400,Business Administration,6,72.8,11,138.0,76.3,0,64.3,0,3.0,1
S0401,Data Science,8,70.4,16,178.0,68.1,3,70.3,2,3.4,1
S0402,Artificial Intelligence,3,90.9,20,312.0,48.1,4,60.8,1,2.5,1
S0403,Computer Science,5,70.1,20,338.0,66.8,2,34.0,2,3.9,0
S0404,Artificial Intelligence,3,87.6,19,477.0,85.2,3,71.9,0,3.6,0
S0405,Information Technology,2,83.1,24,344.0,69.7,3,50.0,1,3.3,0
S0406,Artificial Intelligence,1,91.0,17,268.0,73.8,5,67.9,1,3.7,1
S0407,Computer Science,7,74.7,18,268.0,68.6,1,60.8,1,3.9,0
S0408,Information Technology,1,95.0,12,118.0,100.0,2,50.8,2,4.7,1
S0409,Artificial Intelligence,1,80.3,20,473.0,80.3,3,57.9,1,3.4,0
S0410,Information Technology,1,100.0,15,406.0,82.0,2,52.6,2,4.6,0
S0411,Business Administration,7,62.6,20,333.0,67.7,4,69.7,0,2.8,1
S0412,Business Administration,6,100.0,19,472.0,86.5,1,61.3,0,3.0,0
S0413,Artificial Intelligence,7,80.5,15,429.0,79.8,2,70.5,2,4.8,0
S0414,Information Technology,6,84.7,13,365.0,46.7,2,48.7,1,4.5,0
S0415,Computer Science,7,74.7,17,296.0,100.0,2,73.7,1,2.1,0
S0416,Artificial Intelligence,7,63.2,28,305.0,76.0,1,92.0,1,1.7,1
S0417,Business Administration,3,75.7,18,123.0,87.6,1,72.1,0,4.7,0
S0418,Business Administration,6,77.6,19,429.0,66.6,3,83.8,3,3.4,0
S0419,Artificial Intelligence,3,84.2,14,276.0,86.0,0,63.9,0,3.0,0
S0420,Information Technology,5,95.5,11,428.0,90.0,4,63.3,1,3.7,0
S0421,Business Administration,3,84.3,21,388.0,51.6,4,77.8,1,3.0,1
S0422,Information Technology,1,84.5,18,312.0,87.4,2,64.7,4,3.5,1
S0423,Business Administration,4,86.6,10,401.0,76.1,0,83.9,0,3.3,0
S0424,Business Administration,4,60.9,20,206.0,59.5,1,66.3,2,3.2,1
S0425,Data Science,2,62.0,17,123.0,100.0,2,71.3,0,2.0,1
S0426,Business Administration,2,64.0,17,282.0,61.2,2,60.5,2,2.7,1
S0427,Computer Science,8,77.5,22,353.0,82.2,2,48.7,1,4.4,0
S0428,Artificial Intelligence,3,59.5,25,403.0,55.7,1,66.1,1,4.1,0
S0429,Artificial Intelligence,7,73.7,10,311.0,58.2,1,64.4,1,3.7,0
S0430,Information Technology,7,65.6,15,192.0,97.1,3,59.8,0,4.1,1
S0431,Business Administration,4,87.9,20,457.0,71.7,3,75.2,0,3.6,0
S0432,Computer Science,1,87.3,16,257.0,100.0,1,84.4,2,2.1,0
S0433,Information Technology,6,78.4,20,346.0,70.6,1,86.0,0,2.6,0
S0434,Data Science,1,59.2,20,361.0,69.8,0,66.0,0,3.9,0
S0435,Information Technology,8,79.2,19,308.0,64.3,0,59.4,0,2.1,0
S0436,Information Technology,1,85.9,10,67.0,69.1,1,55.6,2,2.9,1
S0437,Business Administration,3,91.7,23,219.0,89.1,2,100.0,0,2.9,0
S0438,Data Science,3,100.0,14,356.0,79.6,3,87.4,2,3.7,0
S0439,Information Technology,5,95.4,23,489.0,72.5,2,68.7,0,3.3,0
S0440,Computer Science,8,84.0,19,381.0,90.4,0,37.6,2,3.6,0
S0441,Computer Science,1,78.6,19,358.0,87.9,0,66.1,1,3.9,0
S0442,Artificial Intelligence,7,73.1,20,61.0,73.0,2,81.3,0,3.8,1
S0443,Data Science,7,98.3,14,427.0,100.0,2,57.2,1,4.2,0
S0444,Data Science,8,84.0,20,411.0,50.2,0,51.0,2,3.6,0
S0445,Artificial Intelligence,1,89.6,19,368.0,85.3,2,78.1,1,2.7,0
S0446,Information Technology,3,74.9,15,332.0,75.8,1,68.4,1,2.5,0
S0447,Data Science,3,67.1,25,361.0,87.1,1,68.7,1,3.8,0
S0448,Computer Science,5,77.2,20,447.0,79.9,2,68.3,1,3.4,0
S0449,Computer Science,5,78.4,11,294.0,82.7,2,48.5,1,3.5,1
S0450,Business Administration,2,84.3,22,345.0,45.8,2,57.5,3,3.0,1
S0451,Data Science,8,73.2,14,263.0,82.1,0,67.3,0,3.4,0
S0452,Information Technology,4,82.3,13,302.0,96.8,3,48.7,0,2.3,1
S0453,Artificial Intelligence,1,96.1,17,314.0,67.1,2,54.2,0,2.4,0
S0454,Artificial Intelligence,8,61.9,19,374.0,95.9,1,90.5,2,5.0,0
S0455,Information Technology,7,56.6,17,240.0,71.6,5,71.5,0,1.8,1
S0456,Business Administration,1,97.0,23,286.0,67.3,1,71.5,1,2.7,1
S0457,Artificial Intelligence,5,64.4,20,340.0,67.7,0,78.8,1,2.6,1
S0458,Data Science,5,77.4,22,285.0,59.6,2,77.1,1,2.6,1
S0459,Business Administration,2,89.3,12,319.0,79.3,1,70.4,3,3.1,1
S0460,Data Science,4,81.3,21,157.0,66.8,0,57.0,2,2.4,1
S0461,Computer Science,2,81.1,14,366.0,68.1,2,53.1,1,4.1,0
S0462,Business Administration,7,82.9,15,227.0,65.7,3,73.3,2,3.6,1
S0463,Artificial Intelligence,4,100.0,12,134.0,83.9,1,90.7,1,3.9,0
S0464,Business Administration,6,100.0,13,335.0,55.2,2,32.5,0,3.7,0
S0465,Business Administration,1,73.7,7,341.0,88.7,2,80.2,0,2.9,0
S0466,Business Administration,2,94.6,21,352.0,87.0,1,49.2,1,2.9,0
S0467,Business Administration,5,88.1,22,354.0,87.2,1,74.1,1,4.6,0
S0468,Data Science,2,81.8,23,351.0,60.3,1,64.5,0,3.6,0
S0469,Computer Science,6,71.1,15,476.0,82.3,0,61.7,1,3.6,0
S0470,Information Technology,2,87.4,22,400.0,100.0,4,69.3,3,3.6,1
S0471,Business Administration,1,78.3,13,413.0,56.3,0,76.1,3,3.6,0
S0472,Artificial Intelligence,6,77.4,10,369.0,81.3,3,85.2,1,2.3,0
S0473,Business Administration,8,72.8,12,404.0,57.9,1,57.6,0,3.8,0
S0474,Artificial Intelligence,8,94.0,21,248.0,73.1,2,75.5,0,5.0,0
S0475,Data Science,8,72.8,14,378.0,77.4,1,72.7,0,3.6,0
S0476,Artificial Intelligence,5,72.9,22,440.0,66.6,0,74.1,1,4.9,0
S0477,Information Technology,5,91.3,21,275.0,64.5,1,66.5,0,3.6,0
S0478,Computer Science,8,80.3,19,465.0,82.6,2,75.8,0,3.7,0
S0479,Artificial Intelligence,8,80.6,17,260.0,59.8,0,96.4,1,3.8,0
S0480,Artificial Intelligence,8,94.4,24,357.0,87.3,0,70.6,2,1.9,0
S0481,Computer Science,3,97.8,16,178.0,100.0,2,65.5,0,2.3,1
S0482,Information Technology,8,56.5,14,396.0,55.0,1,64.6,1,3.4,0
S0483,Business Administration,6,80.5,21,447.0,53.9,3,71.2,2,4.9,0
S0484,Artificial Intelligence,3,65.1,21,297.0,50.7,2,66.5,2,3.1,1
S0485,Computer Science,3,77.4,29,140.0,69.4,1,92.7,2,3.9,1
S0486,Data Science,1,81.9,24,304.0,93.4,3,50.6,2,2.8,0
S0487,Computer Science,2,77.7,15,194.0,95.1,2,88.6,1,4.3,0
S0488,Data Science,5,69.7,20,311.0,85.6,1,61.5,3,2.3,1
S0489,Information Technology,5,69.1,23,400.0,81.6,2,66.9,0,4.4,0
S0490,Business Administration,2,90.7,23,357.0,100.0,3,77.3,2,3.5,0
S0491,Computer Science,5,100.0,21,114.0,69.2,0,60.0,1,3.4,1
S0492,Artificial Intelligence,2,57.3,16,261.0,88.1,1,58.8,1,4.1,1
S0493,Information Technology,6,78.1,23,325.0,100.0,3,55.1,1,4.6,0
S0494,Computer Science,1,90.8,15,466.0,100.0,2,57.1,0,2.3,0
S0495,Artificial Intelligence,8,81.6,20,282.0,57.8,1,70.6,1,4.0,0
S0496,Computer Science,1,68.6,15,360.0,67.6,4,98.1,0,2.2,0
S0497,Data Science,7,76.3,16,321.0,100.0,4,76.8,0,3.0,0
S0498,Computer Science,1,85.6,29,230.0,67.6,3,80.3,0,1.5,1
S0499,Computer Science,2,78.3,23,246.0,100.0,2,51.3,1,3.3,1
S0500,Computer Science,7,81.4,21,277.0,70.2,2,51.8,0,3.7,0
S0501,Information Technology,2,81.8,16,453.0,74.4,1,80.1,1,4.3,0
S0502,Computer Science,8,75.7,19,207.0,61.5,2,39.2,2,3.8,1
S0503,Artificial Intelligence,4,91.8,10,278.0,64.6,0,66.9,0,3.5,0
S0504,Data Science,7,76.3,20,228.0,74.5,3,85.1,1,4.2,0
S0505,Data Science,8,69.9,18,457.0,81.3,1,65.0,2,4.6,0
S0506,Computer Science,8,100.0,14,346.0,70.8,1,65.0,0,4.3,0
S0507,Information Technology,5,81.1,30,464.0,90.6,0,79.3,0,5.0,0
S0508,Information Technology,5,50.8,14,0.0,70.8,1,65.3,2,3.1,1
S0509,Artificial Intelligence,4,97.1,20,411.0,40.8,0,82.9,1,4.5,0
S0510,Computer Science,4,97.0,21,192.0,74.3,1,58.5,0,2.3,1
S0511,Data Science,1,87.5,17,229.0,69.5,3,86.0,1,2.5,1
S0512,Information Technology,8,89.6,25,277.0,100.0,1,67.8,0,3.5,0
S0513,Computer Science,4,100.0,9,298.0,94.1,1,47.9,1,3.1,0
S0514,Information Technology,2,70.4,10,298.0,95.9,1,72.0,1,4.1,0
S0515,Information Technology,8,83.6,17,215.0,90.6,0,46.9,1,3.9,0
S0516,Data Science,3,100.0,17,287.0,85.9,3,68.3,2,4.8,0
S0517,Business Administration,2,100.0,21,289.0,85.8,1,53.4,1,3.9,0
S0518,Artificial Intelligence,7,77.6,19,102.0,94.6,1,42.0,2,3.9,1
S0519,Artificial Intelligence,4,100.0,16,341.0,88.4,1,38.2,0,2.6,0
S0520,Data Science,5,91.6,18,302.0,68.5,1,80.3,0,3.3,0
S0521,Information Technology,2,99.9,19,323.0,52.5,3,51.4,0,4.2,0
S0522,Computer Science,5,91.2,17,240.0,44.0,0,75.7,0,5.0,0
S0523,Information Technology,2,85.7,20,303.0,62.7,0,74.9,0,2.8,0
S0524,Data Science,5,100.0,16,40.0,64.8,2,87.7,1,4.4,1
S0525,Artificial Intelligence,6,75.7,24,235.0,76.3,0,74.9,1,3.5,0
S0526,Information Technology,2,100.0,18,246.0,75.8,2,36.0,1,3.6,1
S0527,Artificial Intelligence,7,100.0,14,294.0,100.0,2,82.7,2,2.8,0
S0528,Computer Science,5,98.4,12,296.0,88.1,2,64.2,1,3.1,0
S0529,Artificial Intelligence,3,81.1,21,414.0,64.6,3,89.7,2,3.4,0
S0530,Artificial Intelligence,7,84.9,18,167.0,100.0,1,71.5,0,4.2,0
S0531,Business Administration,1,66.7,15,386.0,73.9,0,77.9,1,4.7,0
S0532,Business Administration,2,76.6,17,540.0,88.2,3,80.5,1,3.1,0
S0533,Business Administration,3,89.4,15,241.0,86.4,4,56.0,1,3.1,1
S0534,Artificial Intelligence,1,64.9,24,388.0,78.7,2,79.0,2,4.1,0
S0535,Data Science,2,78.4,19,472.0,100.0,1,73.9,3,3.3,0
S0536,Artificial Intelligence,3,100.0,20,469.0,67.5,4,78.5,0,4.4,0
S0537,Data Science,3,80.1,17,265.0,80.3,3,70.4,0,4.0,0
S0538,Data Science,7,94.4,23,430.0,61.8,1,60.9,1,3.0,0
S0539,Business Administration,6,88.8,13,403.0,84.3,1,50.7,0,4.2,0
S0540,Information Technology,3,78.3,22,445.0,85.3,1,67.1,0,3.9,0
S0541,Computer Science,6,80.1,18,383.0,79.5,1,80.2,1,3.3,0
S0542,Business Administration,4,84.0,20,440.0,79.2,1,67.2,1,3.9,0
S0543,Business Administration,7,57.4,19,273.0,74.9,3,74.9,1,2.7,1
S0544,Information Technology,8,93.4,15,245.0,84.8,1,24.9,1,3.2,1
S0545,Computer Science,5,80.6,26,38.0,89.1,1,83.8,3,4.1,1
S0546,Artificial Intelligence,7,93.8,20,249.0,56.2,3,79.3,2,3.3,0
S0547,Artificial Intelligence,1,86.7,16,263.0,73.0,5,73.2,0,3.9,1
S0548,Business Administration,5,80.0,12,84.0,71.5,2,85.7,1,2.3,1
S0549,Computer Science,5,84.4,17,305.0,89.9,3,70.2,0,3.5,0
S0550,Business Administration,8,84.4,19,429.0,99.8,1,83.1,2,3.7,0
S0551,Data Science,6,99.7,10,190.0,85.7,1,67.5,0,3.0,1
S0552,Business Administration,8,82.8,19,525.0,80.6,3,61.8,1,3.6,0
S0553,Business Administration,8,85.5,22,345.0,64.2,2,71.9,1,3.7,0
S0554,Artificial Intelligence,5,66.9,13,401.0,100.0,3,50.3,1,2.7,0
S0555,Artificial Intelligence,3,81.4,20,294.0,61.4,0,85.4,1,1.2,1
S0556,Artificial Intelligence,6,99.5,15,193.0,55.4,1,85.4,0,2.8,0
S0557,Data Science,5,87.1,18,365.0,91.0,1,95.4,1,1.8,0
S0558,Artificial Intelligence,6,69.0,18,391.0,68.8,0,66.8,0,4.1,0
S0559,Computer Science,4,70.3,18,279.0,91.8,1,70.4,1,4.4,0
S0560,Information Technology,6,73.1,15,331.0,100.0,1,70.3,1,2.6,0
S0561,Computer Science,2,94.0,19,299.0,73.2,1,62.2,1,2.6,0
S0562,Computer Science,3,92.5,22,222.0,86.2,1,71.6,0,3.2,0
S0563,Artificial Intelligence,1,45.0,18,339.0,70.0,0,72.6,1,3.0,0
S0564,Information Technology,2,81.0,25,215.0,79.3,2,30.1,5,2.9,1
S0565,Information Technology,2,83.8,24,392.0,75.7,1,53.1,1,2.1,0
S0566,Information Technology,8,70.5,14,578.0,95.3,1,83.6,0,3.5,0
S0567,Data Science,8,77.3,16,432.0,68.2,1,72.1,0,2.8,0
S0568,Artificial Intelligence,2,98.0,12,278.0,65.9,0,40.5,0,2.2,1
S0569,Information Technology,5,86.9,21,342.0,74.4,1,53.0,0,3.1,0
S0570,Data Science,6,76.0,18,436.0,89.9,3,69.0,0,3.6,0
S0571,Business Administration,6,79.8,19,288.0,63.6,3,55.2,0,3.3,0
S0572,Business Administration,7,79.3,12,367.0,56.7,1,76.4,0,3.9,0
S0573,Data Science,5,85.4,21,386.0,99.2,1,74.4,1,5.0,0
S0574,Data Science,3,64.8,22,331.0,38.0,0,76.2,0,3.5,0
S0575,Artificial Intelligence,5,74.0,23,323.0,54.6,4,69.1,1,4.6,0
S0576,Artificial Intelligence,5,94.4,16,426.0,100.0,1,67.1,0,2.4,0
S0577,Business Administration,5,81.1,30,508.0,46.5,2,93.9,1,1.0,0
S0578,Information Technology,3,71.8,18,289.0,70.1,0,54.5,2,2.8,1
S0579,Business Administration,7,72.3,12,449.0,66.3,0,25.3,2,3.2,0
S0580,Information Technology,3,90.7,17,122.0,36.7,3,41.9,1,2.5,1
S0581,Information Technology,4,75.8,12,358.0,59.9,2,55.3,0,4.0,0
S0582,Artificial Intelligence,7,88.1,17,38.0,82.8,2,97.1,2,3.0,1
S0583,Computer Science,4,74.5,17,207.0,91.6,0,81.6,1,3.4,0
S0584,Computer Science,4,68.4,14,176.0,97.9,1,50.0,0,3.5,1
S0585,Data Science,4,84.9,24,496.0,71.3,2,54.3,1,4.5,0
S0586,Artificial Intelligence,6,80.8,29,266.0,44.7,1,74.1,1,3.0,0
S0587,Information Technology,2,90.2,13,294.0,78.9,3,65.1,0,3.1,0
S0588,Computer Science,2,92.6,22,274.0,100.0,2,49.5,2,4.5,0
S0589,Information Technology,4,77.7,20,126.0,100.0,0,49.1,1,4.7,0
S0590,Computer Science,4,86.2,14,334.0,95.7,2,54.8,0,4.7,0
S0591,Computer Science,1,77.3,25,309.0,53.5,2,51.7,2,4.6,0
S0592,Computer Science,8,89.6,16,203.0,74.5,1,55.3,1,1.6,1
S0593,Artificial Intelligence,2,84.8,12,466.0,82.1,3,70.2,0,2.7,0
S0594,Business Administration,8,74.5,19,462.0,85.1,2,70.6,1,5.0,0
S0595,Information Technology,8,73.5,13,149.0,46.0,2,37.7,0,4.0,1
S0596,Artificial Intelligence,1,85.2,22,218.0,100.0,0,67.0,1,4.9,0
S0597,Artificial Intelligence,8,95.9,10,356.0,100.0,4,57.7,2,4.2,0
S0598,Artificial Intelligence,7,92.8,17,244.0,78.0,1,72.9,0,3.9,0
S0599,Artificial Intelligence,1,70.7,11,274.0,80.3,0,81.8,1,3.9,0
S0600,Artificial Intelligence,8,71.9,17,178.0,69.0,1,76.3,4,3.4,1
S0601,Data Science,8,73.7,18,179.0,100.0,1,49.0,1,3.5,1
S0602,Information Technology,5,74.8,27,238.0,57.2,0,70.1,0,2.6,0
S0603,Artificial Intelligence,8,60.2,19,316.0,80.0,1,83.2,0,3.1,0
S0604,Information Technology,6,91.5,11,324.0,62.9,0,60.3,1,3.2,0
S0605,Data Science,7,76.5,21,202.0,77.7,2,24.0,1,3.8,1
S0606,Data Science,3,87.5,21,162.0,99.0,1,79.3,1,4.1,0
S0607,Information Technology,2,78.2,11,151.0,66.4,1,49.4,0,4.3,1
S0608,Computer Science,4,81.7,26,419.0,81.3,1,88.3,1,5.0,0
S0609,Business Administration,8,73.8,22,555.0,75.7,3,62.5,2,4.3,0
S0610,Computer Science,7,81.7,12,352.0,64.8,3,83.3,2,4.1,0
S0611,Computer Science,4,71.5,20,0.0,66.9,3,52.8,1,2.4,1
S0612,Computer Science,3,81.7,22,368.0,67.1,1,62.8,2,2.2,1
S0613,Artificial Intelligence,7,99.5,13,442.0,45.5,2,75.0,1,3.8,0
S0614,Data Science,2,88.2,16,222.0,75.2,2,86.0,1,3.3,0
S0615,Computer Science,7,85.5,15,406.0,79.4,2,74.4,0,3.6,0
S0616,Data Science,4,66.2,22,429.0,50.7,1,72.5,0,2.6,0
S0617,Information Technology,4,88.8,33,455.0,69.8,0,73.1,0,3.5,0
S0618,Business Administration,5,90.0,18,230.0,73.9,2,50.0,1,3.1,1
S0619,Information Technology,8,85.2,27,309.0,92.5,1,81.5,1,3.9,0
S0620,Information Technology,1,84.6,13,322.0,100.0,2,32.9,2,4.0,0
S0621,Artificial Intelligence,7,80.3,22,458.0,85.1,3,75.0,1,3.8,0
S0622,Business Administration,4,89.8,14,251.0,53.2,1,39.3,1,2.6,0
S0623,Information Technology,6,98.8,25,413.0,61.4,0,68.4,0,3.4,0
S0624,Information Technology,2,86.0,21,333.0,79.3,0,62.2,2,4.9,0
S0625,Business Administration,6,70.3,14,415.0,69.9,1,61.7,0,3.1,0
S0626,Business Administration,3,71.3,18,391.0,77.3,1,73.3,2,3.0,0
S0627,Information Technology,7,90.7,18,221.0,92.9,1,66.6,0,4.1,0
S0628,Business Administration,5,70.4,21,332.0,74.9,0,75.4,2,3.1,1
S0629,Information Technology,2,84.4,21,217.0,100.0,1,78.1,0,2.8,0
S0630,Information Technology,5,77.9,20,297.0,49.6,0,26.1,1,2.9,1
S0631,Artificial Intelligence,1,69.1,13,510.0,87.7,6,92.4,2,4.3,0
S0632,Computer Science,4,92.0,21,249.0,48.0,2,50.9,0,3.3,0
S0633,Information Technology,8,90.5,27,227.0,62.7,0,73.3,2,4.1,0
S0634,Data Science,2,65.7,21,278.0,93.1,3,81.5,0,4.4,0
S0635,Computer Science,3,87.8,19,381.0,40.9,0,78.2,0,3.2,0
S0636,Computer Science,8,86.0,17,380.0,83.3,1,82.1,1,3.4,0
S0637,Computer Science,7,92.0,14,343.0,55.6,1,49.8,2,3.3,0
S0638,Artificial Intelligence,1,84.0,16,204.0,76.7,0,66.6,0,2.9,0
S0639,Information Technology,1,99.1,16,270.0,66.7,2,79.2,1,4.3,0
S0640,Artificial Intelligence,5,80.5,20,469.0,78.3,0,62.9,1,3.2,0
S0641,Information Technology,1,78.7,19,118.0,85.2,5,80.8,1,2.7,1
S0642,Artificial Intelligence,2,70.3,14,331.0,97.1,2,73.8,1,4.9,0
S0643,Artificial Intelligence,5,70.8,27,274.0,80.5,0,69.1,1,3.3,0
S0644,Data Science,8,69.7,16,356.0,89.1,1,83.8,1,3.5,0
S0645,Artificial Intelligence,1,84.6,27,316.0,76.8,4,39.2,4,3.0,1
S0646,Business Administration,7,78.8,17,120.0,53.8,3,42.2,1,2.6,1
S0647,Data Science,8,86.0,18,371.0,57.5,2,77.7,2,2.3,0
S0648,Artificial Intelligence,3,67.5,13,183.0,100.0,2,66.8,2,4.2,1
S0649,Computer Science,7,71.7,25,158.0,56.0,0,65.6,3,3.0,1
S0650,Business Administration,6,71.5,15,306.0,81.4,1,65.6,1,1.8,1
S0651,Business Administration,2,100.0,16,251.0,81.1,2,86.6,0,2.8,0
S0652,Business Administration,3,80.0,18,204.0,80.1,0,61.0,4,3.3,1
S0653,Data Science,3,81.2,18,253.0,96.4,1,72.2,1,2.9,0
S0654,Artificial Intelligence,5,81.1,30,212.0,66.4,0,72.5,0,3.9,0
S0655,Artificial Intelligence,4,100.0,18,486.0,74.2,0,84.3,0,3.2,0
S0656,Computer Science,5,62.6,18,338.0,71.9,1,71.7,0,4.2,0
S0657,Computer Science,2,81.3,11,281.0,37.2,3,74.1,0,4.2,0
S0658,Business Administration,2,62.5,20,391.0,64.3,4,49.1,1,2.7,0
S0659,Computer Science,5,53.4,11,277.0,97.2,3,50.0,2,2.9,1
S0660,Data Science,4,73.2,20,269.0,100.0,0,54.4,1,4.3,0
S0661,Artificial Intelligence,7,86.9,20,412.0,95.1,1,64.1,0,3.7,0
S0662,Business Administration,5,72.4,16,217.0,85.0,1,56.3,1,4.1,0
S0663,Computer Science,2,86.7,22,177.0,53.2,1,66.6,3,4.1,1
S0664,Data Science,4,83.3,20,379.0,81.3,2,63.5,0,3.0,0
S0665,Data Science,2,80.3,17,320.0,79.8,2,35.1,0,5.0,0
S0666,Computer Science,4,97.2,15,319.0,100.0,0,62.2,3,4.3,0
S0667,Artificial Intelligence,4,74.8,14,258.0,46.6,0,56.7,0,3.2,0
S0668,Computer Science,8,86.6,16,371.0,55.5,0,82.0,1,4.3,0
S0669,Business Administration,5,60.4,20,136.0,99.8,1,75.1,2,3.4,1
S0670,Computer Science,5,83.2,22,68.0,100.0,1,84.6,0,3.6,0
S0671,Data Science,5,78.9,18,252.0,84.0,3,85.7,0,3.0,0
S0672,Computer Science,4,67.8,23,376.0,71.4,4,100.0,3,2.8,1
S0673,Artificial Intelligence,4,86.8,11,449.0,88.3,1,56.6,1,4.1,0
S0674,Information Technology,2,73.1,21,366.0,100.0,0,77.3,0,2.9,0
S0675,Computer Science,3,100.0,14,189.0,66.3,0,62.1,0,2.9,1
S0676,Artificial Intelligence,5,52.8,20,190.0,86.4,6,63.4,1,3.2,1
S0677,Artificial Intelligence,8,85.0,16,445.0,74.4,1,49.2,0,2.6,0
S0678,Data Science,6,82.5,19,409.0,84.7,2,54.7,0,3.5,0
S0679,Artificial Intelligence,2,78.6,21,366.0,92.0,0,94.1,2,3.1,0
S0680,Artificial Intelligence,2,75.6,14,410.0,67.4,1,65.1,0,4.3,0
S0681,Artificial Intelligence,1,82.8,22,320.0,95.7,1,44.0,4,4.3,0
S0682,Artificial Intelligence,5,94.7,20,275.0,69.1,1,56.9,1,3.5,0
S0683,Business Administration,7,61.9,19,281.0,88.3,5,64.4,0,2.8,1
S0684,Business Administration,2,72.3,22,376.0,43.0,2,51.0,0,3.3,0
S0685,Data Science,1,69.4,19,328.0,91.7,1,77.8,1,3.2,0
S0686,Computer Science,6,68.8,24,64.0,62.0,0,64.9,1,4.8,1
S0687,Artificial Intelligence,8,86.1,15,406.0,69.0,1,73.4,1,3.2,0
S0688,Computer Science,6,89.1,22,370.0,37.4,2,42.0,0,3.7,0
S0689,Computer Science,7,94.8,13,339.0,74.0,3,49.8,1,4.0,0
S0690,Data Science,5,89.3,16,469.0,100.0,1,51.3,1,4.7,0
S0691,Artificial Intelligence,4,90.2,17,203.0,49.8,1,82.7,0,3.2,0
S0692,Artificial Intelligence,1,65.1,12,172.0,81.5,1,64.0,0,2.3,1
S0693,Information Technology,4,99.8,22,360.0,41.3,2,73.2,0,3.6,0
S0694,Computer Science,6,79.5,16,209.0,75.3,3,99.2,0,4.4,0
S0695,Computer Science,6,94.4,25,500.0,93.5,1,57.6,1,3.8,0
S0696,Business Administration,3,65.5,17,217.0,76.0,2,65.6,1,3.1,1
S0697,Information Technology,3,79.1,24,214.0,92.0,3,64.8,2,3.2,1
S0698,Business Administration,8,93.3,17,252.0,69.0,1,48.0,1,2.8,1
S0699,Business Administration,7,82.3,24,264.0,100.0,1,73.5,1,3.3,0
S0700,Business Administration,3,73.0,20,256.0,97.8,1,53.8,1,2.8,1
S0701,Data Science,3,97.7,28,268.0,81.8,1,45.2,0,3.8,0
S0702,Data Science,7,67.9,20,257.0,100.0,3,20.0,1,3.9,0
S0703,Business Administration,2,81.8,16,113.0,100.0,1,68.6,0,3.6,1
S0704,Information Technology,3,89.7,16,361.0,68.3,0,69.6,2,4.2,0
S0705,Computer Science,2,100.0,16,248.0,87.0,2,78.5,3,4.5,0
S0706,Information Technology,2,76.5,17,282.0,72.7,3,90.2,2,4.7,0
S0707,Artificial Intelligence,5,78.7,21,154.0,94.5,1,66.7,0,3.6,0
S0708,Data Science,2,76.7,18,117.0,100.0,2,67.3,2,3.1,1
S0709,Computer Science,2,84.9,15,289.0,51.4,0,41.3,0,1.7,1
S0710,Computer Science,3,89.1,19,487.0,80.1,1,98.4,0,3.1,0
S0711,Artificial Intelligence,2,95.1,21,482.0,100.0,0,21.8,3,2.5,0
S0712,Artificial Intelligence,4,91.1,14,191.0,91.7,1,64.8,1,3.5,0
S0713,Business Administration,7,76.0,18,211.0,85.7,0,91.5,0,4.1,0
S0714,Data Science,3,91.8,20,320.0,97.4,0,59.8,2,4.1,0
S0715,Data Science,7,83.1,14,0.0,53.9,5,47.1,2,4.2,1
S0716,Information Technology,1,90.9,23,230.0,88.2,2,77.0,1,2.3,1
S0717,Business Administration,3,91.6,15,327.0,100.0,2,95.6,2,2.3,1
S0718,Business Administration,2,100.0,20,272.0,88.2,0,100.0,0,4.5,0
S0719,Business Administration,4,77.7,24,72.0,56.1,4,52.7,1,1.9,1
S0720,Business Administration,7,75.5,7,81.0,71.2,4,75.3,1,4.1,1
S0721,Data Science,3,87.4,17,128.0,78.2,2,86.2,1,3.3,1
S0722,Data Science,4,96.2,16,291.0,63.3,2,77.1,2,3.2,0
S0723,Business Administration,7,82.7,22,200.0,61.8,2,75.5,0,3.7,1
S0724,Information Technology,1,97.0,26,487.0,86.8,2,59.6,0,4.9,0
S0725,Computer Science,6,90.3,20,140.0,100.0,0,62.6,2,2.9,1
S0726,Computer Science,8,79.6,13,447.0,44.1,2,59.4,0,3.2,0
S0727,Information Technology,8,88.8,20,156.0,69.3,4,46.9,0,4.4,1
S0728,Business Administration,1,76.8,18,602.0,65.0,2,52.5,1,2.8,0
S0729,Data Science,6,84.9,17,379.0,100.0,2,54.3,2,4.2,0
S0730,Computer Science,5,69.1,11,34.0,91.0,1,81.8,1,3.5,1
S0731,Artificial Intelligence,6,81.2,21,446.0,100.0,2,76.8,3,1.7,0
S0732,Artificial Intelligence,5,94.0,19,245.0,93.9,2,64.1,0,3.6,0
S0733,Information Technology,3,91.2,23,411.0,99.3,3,59.0,4,3.6,0
S0734,Business Administration,5,89.5,21,299.0,83.2,4,33.1,1,3.7,0
S0735,Computer Science,8,85.4,14,257.0,86.6,1,62.4,0,4.1,0
S0736,Business Administration,8,83.9,16,270.0,87.4,3,70.6,0,4.0,0
S0737,Computer Science,4,66.8,15,159.0,78.6,4,100.0,0,3.5,0
S0738,Information Technology,5,79.5,20,247.0,78.1,2,83.1,0,4.4,0
S0739,Information Technology,4,84.2,15,145.0,86.5,0,68.7,1,3.2,0
S0740,Artificial Intelligence,8,68.5,16,243.0,86.1,0,67.3,1,3.7,0
S0741,Business Administration,7,61.0,21,323.0,81.8,0,50.6,0,2.8,0
S0742,Artificial Intelligence,7,95.5,15,427.0,81.3,1,71.5,1,1.9,0
S0743,Business Administration,6,82.6,16,478.0,90.8,0,71.4,0,2.9,0
S0744,Artificial Intelligence,6,84.5,21,299.0,75.7,2,71.8,0,3.6,0
S0745,Data Science,6,88.7,23,165.0,56.0,2,53.9,1,2.2,1
S0746,Data Science,5,70.2,16,294.0,81.7,2,93.5,1,2.8,1
S0747,Data Science,6,77.2,15,281.0,61.8,2,96.4,3,4.9,0
S0748,Data Science,5,100.0,15,458.0,96.7,2,67.2,2,3.3,0
S0749,Computer Science,5,76.1,9,405.0,67.4,2,79.7,1,3.9,0
S0750,Data Science,2,78.8,21,328.0,69.0,4,43.6,2,2.8,1
S0751,Information Technology,2,74.0,10,482.0,85.5,1,48.6,0,2.4,0
S0752,Information Technology,5,73.1,21,239.0,77.8,2,76.5,1,2.7,1
S0753,Computer Science,7,95.3,9,375.0,99.3,1,76.1,0,4.3,0
S0754,Data Science,4,52.3,19,239.0,74.2,0,76.3,2,3.3,1
S0755,Data Science,8,76.5,21,243.0,72.7,0,68.0,1,3.6,0
S0756,Data Science,8,84.7,12,52.0,64.3,3,79.6,0,2.9,1
S0757,Artificial Intelligence,3,100.0,20,312.0,56.7,1,52.5,2,4.1,0
S0758,Business Administration,1,68.4,15,316.0,68.5,2,63.4,2,4.6,0
S0759,Artificial Intelligence,2,66.3,14,284.0,85.4,1,98.0,0,5.0,0
S0760,Business Administration,5,71.7,9,354.0,100.0,2,65.2,3,4.0,0
S0761,Data Science,1,90.4,17,420.0,93.3,1,84.1,0,2.7,0
S0762,Data Science,2,83.5,17,298.0,67.7,1,63.9,0,2.0,1
S0763,Artificial Intelligence,3,64.7,13,372.0,80.9,0,72.0,1,4.6,0
S0764,Artificial Intelligence,8,83.2,26,345.0,78.5,0,84.3,0,2.0,0
S0765,Business Administration,4,100.0,15,429.0,98.9,0,49.6,2,3.4,0
S0766,Information Technology,5,85.2,16,364.0,100.0,2,88.0,1,4.3,0
S0767,Business Administration,3,84.0,22,519.0,43.0,2,63.4,4,4.8,0
S0768,Artificial Intelligence,8,84.7,16,332.0,100.0,2,75.6,1,2.8,0
S0769,Artificial Intelligence,7,87.0,20,188.0,49.7,1,56.9,1,3.6,1
S0770,Computer Science,2,66.8,20,451.0,82.9,0,58.6,2,3.4,0
S0771,Artificial Intelligence,5,79.2,13,377.0,40.4,2,46.3,1,2.9,1
S0772,Computer Science,1,79.8,18,357.0,96.3,2,54.2,2,4.5,0
S0773,Information Technology,7,76.2,21,115.0,71.9,1,68.2,3,4.0,1
S0774,Business Administration,8,90.2,20,479.0,90.2,2,68.9,0,2.5,0
S0775,Business Administration,7,74.4,16,420.0,72.8,1,78.9,0,3.3,0
S0776,Computer Science,6,77.7,13,338.0,95.5,0,64.3,3,3.2,1
S0777,Business Administration,4,66.9,12,0.0,48.0,2,83.5,0,3.8,1
S0778,Artificial Intelligence,8,86.5,19,259.0,89.0,2,83.8,0,5.0,0
S0779,Data Science,7,93.3,15,530.0,85.5,1,59.0,2,3.8,0
S0780,Computer Science,2,77.7,10,357.0,84.7,2,20.0,2,3.3,1
S0781,Business Administration,4,91.7,7,155.0,87.2,2,73.1,1,3.4,1
S0782,Computer Science,5,80.2,16,233.0,98.4,3,67.3,0,3.8,0
S0783,Computer Science,6,51.7,15,252.0,95.8,3,50.0,2,2.1,1
S0784,Data Science,8,81.4,13,436.0,52.6,0,90.8,0,4.4,0
S0785,Artificial Intelligence,3,79.9,20,119.0,80.1,5,61.2,0,3.6,1
S0786,Computer Science,4,83.2,19,427.0,84.4,5,52.1,2,3.4,0
S0787,Business Administration,1,85.0,19,395.0,76.8,0,100.0,2,3.2,0
S0788,Information Technology,2,73.8,23,569.0,80.8,2,62.7,1,3.4,0
S0789,Computer Science,8,99.7,14,364.0,86.6,2,68.0,1,2.7,0
S0790,Computer Science,1,81.2,18,151.0,91.6,0,73.6,2,2.2,1
S0791,Data Science,4,79.6,26,294.0,88.3,4,48.1,1,3.9,0
S0792,Artificial Intelligence,8,90.9,18,181.0,93.5,2,57.0,1,2.9,1
S0793,Information Technology,6,82.2,17,347.0,100.0,1,64.8,0,3.7,0
S0794,Business Administration,3,100.0,14,509.0,74.3,1,91.4,0,3.3,0
S0795,Information Technology,3,79.5,21,197.0,75.6,1,53.7,1,4.5,0
S0796,Business Administration,1,86.2,16,412.0,90.7,1,82.8,0,3.9,0
S0797,Artificial Intelligence,5,73.0,10,226.0,77.9,1,74.7,0,4.4,0
S0798,Business Administration,5,92.4,18,114.0,71.9,1,66.1,0,4.1,1
S0799,Data Science,6,85.7,23,492.0,69.8,2,56.8,0,4.9,0
S0800,Data Science,3,77.9,16,328.0,89.3,1,51.6,0,2.2,0
S0801,Data Science,1,71.5,22,359.0,86.1,3,100.0,0,4.7,0
S0802,Data Science,1,66.3,11,403.0,100.0,1,84.5,0,2.9,0
S0803,Information Technology,8,87.0,17,96.0,59.6,2,63.7,2,2.6,1
S0804,Artificial Intelligence,8,65.4,25,268.0,60.0,3,66.1,1,2.5,1
S0805,Business Administration,1,97.7,21,103.0,79.2,3,58.9,1,3.2,1
S0806,Business Administration,8,66.8,19,237.0,63.9,4,45.9,1,3.8,1
S0807,Data Science,4,79.9,18,438.0,45.9,0,59.3,1,4.6,0
S0808,Data Science,8,71.4,24,354.0,70.4,3,61.2,3,2.0,1
S0809,Computer Science,6,82.4,11,226.0,100.0,3,89.7,1,3.7,0
S0810,Artificial Intelligence,5,82.3,20,303.0,100.0,0,68.5,3,2.7,0
S0811,Information Technology,5,87.3,21,283.0,87.8,3,58.7,1,2.5,1
S0812,Business Administration,4,63.7,21,337.0,58.0,0,93.7,2,3.1,0
S0813,Computer Science,2,72.8,14,225.0,63.9,0,57.2,1,3.6,1
S0814,Computer Science,4,93.6,15,285.0,79.7,3,63.5,1,3.0,0
S0815,Business Administration,6,89.9,13,318.0,68.9,0,86.9,2,2.5,0
S0816,Information Technology,1,52.0,22,351.0,80.9,2,52.3,4,3.2,1
S0817,Computer Science,4,86.5,21,326.0,78.8,3,57.0,2,4.0,1
S0818,Computer Science,1,69.6,20,103.0,56.0,2,59.4,2,3.8,1
S0819,Artificial Intelligence,6,74.9,19,149.0,77.1,2,73.5,0,3.1,1
S0820,Information Technology,7,79.3,23,375.0,86.3,0,43.0,0,3.4,0
S0821,Computer Science,6,100.0,22,269.0,71.3,2,64.7,1,2.9,1
S0822,Information Technology,3,69.5,15,247.0,95.0,2,51.4,0,3.7,0
S0823,Business Administration,1,65.2,13,270.0,79.0,0,64.0,1,4.2,0
S0824,Data Science,5,87.4,14,270.0,75.7,2,75.6,0,2.9,1
S0825,Computer Science,4,81.7,21,88.0,79.1,1,50.7,0,3.1,1
S0826,Artificial Intelligence,7,96.5,16,508.0,68.3,2,49.0,1,4.0,0
S0827,Business Administration,6,77.8,25,286.0,85.3,0,60.2,3,5.0,0
S0828,Information Technology,1,96.5,21,302.0,62.6,3,59.5,2,4.0,0
S0829,Business Administration,7,82.2,20,309.0,100.0,2,78.7,0,3.4,0
S0830,Computer Science,2,88.3,13,415.0,100.0,0,39.2,1,2.7,0
S0831,Information Technology,3,100.0,21,382.0,76.6,1,65.2,2,4.3,0
S0832,Data Science,2,80.0,18,291.0,88.3,1,53.4,1,2.8,0
S0833,Business Administration,6,94.5,20,195.0,88.8,2,47.6,0,3.3,1
S0834,Computer Science,2,74.6,12,448.0,88.7,0,51.3,3,3.2,0
S0835,Artificial Intelligence,2,84.7,22,307.0,90.3,1,54.9,0,3.4,0
S0836,Information Technology,3,64.7,19,371.0,91.6,1,49.3,0,2.7,0
S0837,Business Administration,3,75.9,17,170.0,90.5,2,53.4,1,4.3,1
S0838,Business Administration,8,69.3,26,378.0,63.9,0,63.8,1,3.9,0
S0839,Data Science,3,96.6,18,129.0,86.0,2,51.2,2,3.3,1
S0840,Data Science,7,100.0,18,252.0,64.6,0,67.0,0,3.3,0
S0841,Artificial Intelligence,8,77.7,19,316.0,87.4,1,74.4,2,3.2,0
S0842,Artificial Intelligence,3,72.7,22,508.0,94.9,2,70.7,1,3.6,0
S0843,Computer Science,2,66.2,15,379.0,84.8,1,61.3,1,2.9,0
S0844,Computer Science,5,85.2,15,472.0,91.5,0,69.6,1,2.7,0
S0845,Artificial Intelligence,5,74.8,18,355.0,82.0,2,44.3,1,3.3,0
S0846,Artificial Intelligence,8,75.4,21,167.0,100.0,3,47.0,2,4.0,1
S0847,Information Technology,3,100.0,16,167.0,85.4,1,71.9,0,4.7,0
S0848,Data Science,7,78.4,12,391.0,61.5,1,61.7,4,3.6,0
S0849,Computer Science,4,89.0,15,180.0,69.2,1,63.2,1,4.2,0
S0850,Data Science,1,82.6,24,115.0,85.8,1,59.7,2,4.2,1
S0851,Data Science,6,65.7,21,183.0,100.0,1,79.3,2,3.8,1
S0852,Artificial Intelligence,7,59.9,24,332.0,85.2,0,89.8,2,3.9,0
S0853,Information Technology,4,87.9,14,205.0,82.1,1,58.5,2,3.2,1
S0854,Business Administration,6,100.0,15,451.0,57.9,3,67.4,1,2.9,0
S0855,Information Technology,4,85.8,16,351.0,100.0,1,77.8,2,2.7,0
S0856,Information Technology,4,89.5,20,323.0,54.1,1,76.0,1,3.3,0
S0857,Data Science,8,71.1,21,347.0,50.2,3,54.2,0,3.7,0
S0858,Information Technology,5,94.2,20,372.0,69.5,4,40.1,1,3.2,0
S0859,Computer Science,1,94.0,12,374.0,88.7,2,95.1,1,3.5,0
S0860,Data Science,4,73.6,20,202.0,70.8,3,50.6,2,2.3,1
S0861,Computer Science,3,88.5,14,451.0,66.9,1,92.7,1,5.0,0
S0862,Business Administration,6,60.8,16,375.0,63.2,2,97.7,0,4.8,0
S0863,Data Science,7,90.7,15,253.0,100.0,2,76.5,0,3.4,0
S0864,Business Administration,5,75.1,14,393.0,84.0,0,80.3,1,3.7,0
S0865,Data Science,6,67.3,23,140.0,94.1,0,64.1,1,4.8,0
S0866,Artificial Intelligence,8,86.8,15,403.0,100.0,0,69.3,0,4.1,0
S0867,Information Technology,3,60.7,19,335.0,100.0,3,54.4,2,3.0,1
S0868,Artificial Intelligence,3,86.1,17,43.0,61.8,2,86.7,2,3.9,1
S0869,Business Administration,4,68.4,25,540.0,82.5,1,100.0,1,2.4,0
S0870,Information Technology,3,65.8,15,143.0,92.2,3,86.7,2,3.7,1
S0871,Data Science,1,82.7,18,369.0,80.0,1,62.9,1,3.7,0
S0872,Information Technology,8,79.9,14,470.0,65.8,1,51.0,0,2.0,0
S0873,Computer Science,3,99.5,15,0.0,30.0,2,96.8,2,4.3,1
S0874,Information Technology,4,66.6,15,328.0,100.0,2,49.6,0,3.9,0
S0875,Computer Science,6,98.5,14,406.0,100.0,3,71.9,3,3.2,0
S0876,Information Technology,8,68.3,17,434.0,91.3,1,81.1,2,3.3,0
S0877,Computer Science,3,93.0,13,446.0,77.6,2,84.8,1,4.2,0
S0878,Business Administration,5,95.3,17,411.0,68.1,1,86.8,0,3.0,0
S0879,Artificial Intelligence,8,85.9,28,260.0,80.3,1,64.3,0,3.0,0
S0880,Data Science,8,72.5,25,355.0,100.0,0,60.3,1,2.9,0
S0881,Information Technology,7,63.7,17,541.0,87.9,1,50.0,0,4.1,0
S0882,Artificial Intelligence,5,58.6,16,452.0,38.8,1,36.1,1,4.0,0
S0883,Data Science,5,100.0,15,220.0,100.0,2,69.4,0,2.6,0
S0884,Data Science,6,78.4,18,428.0,90.2,2,86.4,2,3.6,0
S0885,Computer Science,2,68.7,23,463.0,58.7,2,57.9,0,3.7,0
S0886,Business Administration,7,68.3,22,194.0,88.6,1,73.1,2,4.4,0
S0887,Business Administration,5,84.0,19,297.0,81.7,3,75.6,1,3.2,0
S0888,Artificial Intelligence,5,77.3,16,266.0,81.7,0,61.0,3,3.1,1
S0889,Business Administration,2,59.0,14,411.0,59.9,2,78.3,1,3.9,0
S0890,Information Technology,6,92.4,15,251.0,73.3,1,100.0,0,3.1,0
S0891,Business Administration,7,86.0,12,224.0,49.0,1,66.7,1,4.0,1
S0892,Artificial Intelligence,5,100.0,15,431.0,100.0,3,72.7,1,3.7,0
S0893,Business Administration,4,95.7,21,155.0,62.6,1,69.6,1,2.1,1
S0894,Information Technology,6,45.0,18,322.0,98.2,0,40.5,0,3.3,0
S0895,Computer Science,7,99.0,27,213.0,89.1,2,35.9,1,3.7,1
S0896,Artificial Intelligence,5,96.5,13,431.0,70.9,2,70.4,2,4.1,0
S0897,Computer Science,5,73.2,20,227.0,64.5,2,67.2,3,3.1,1
S0898,Computer Science,2,76.8,25,304.0,81.8,0,57.1,2,2.8,0
S0899,Computer Science,7,86.9,15,13.0,97.5,2,69.4,1,2.8,1
S0900,Data Science,4,69.8,16,300.0,92.6,0,79.1,2,3.7,0
S0901,Data Science,6,79.1,24,279.0,88.2,1,49.2,1,3.5,1
S0902,Computer Science,3,94.0,18,309.0,75.1,1,57.6,0,2.9,0
S0903,Artificial Intelligence,1,88.2,22,456.0,92.7,1,25.6,0,3.9,0
S0904,Information Technology,4,74.0,16,372.0,50.2,3,78.5,2,3.7,1
S0905,Information Technology,3,94.3,22,347.0,82.4,0,83.9,2,3.0,0
S0906,Business Administration,4,85.6,17,211.0,78.2,0,72.2,0,3.0,0
S0907,Artificial Intelligence,7,85.2,19,556.0,56.0,2,44.0,1,4.9,0
S0908,Data Science,3,75.8,27,79.0,71.7,1,83.0,0,1.8,1
S0909,Computer Science,7,81.9,21,156.0,100.0,2,75.1,1,2.3,1
S0910,Business Administration,3,72.7,21,208.0,88.3,3,57.8,0,3.3,0
S0911,Information Technology,4,58.7,14,323.0,94.9,2,80.1,0,4.3,0
S0912,Data Science,2,78.6,21,305.0,70.0,0,75.1,2,2.8,0
S0913,Data Science,4,80.5,18,209.0,47.8,1,55.5,2,4.0,1
S0914,Computer Science,7,83.6,19,321.0,100.0,2,49.1,0,2.1,0
S0915,Information Technology,4,96.5,16,439.0,64.8,2,58.1,2,3.3,0
S0916,Artificial Intelligence,8,74.2,23,307.0,72.1,2,68.8,1,3.7,0
S0917,Data Science,8,77.6,21,149.0,53.7,2,81.1,0,4.2,1
S0918,Computer Science,3,91.2,12,288.0,100.0,0,58.0,2,4.0,0
S0919,Artificial Intelligence,8,73.0,14,202.0,84.0,2,59.4,0,2.0,1
S0920,Information Technology,1,83.8,8,132.0,75.6,1,54.0,1,3.5,1
S0921,Data Science,3,77.1,18,305.0,89.0,0,82.2,1,2.9,0
S0922,Artificial Intelligence,8,79.1,21,191.0,71.3,3,79.7,1,3.4,1
S0923,Artificial Intelligence,5,91.1,18,260.0,67.1,3,61.4,0,3.2,0
S0924,Artificial Intelligence,4,77.5,18,351.0,56.7,0,47.9,2,4.1,0
S0925,Data Science,6,91.5,16,338.0,54.4,1,69.3,0,3.5,0
S0926,Data Science,4,58.6,20,445.0,97.3,2,43.7,1,3.7,0
S0927,Business Administration,8,64.8,20,94.0,100.0,1,48.7,3,3.5,1
S0928,Information Technology,2,54.2,22,275.0,47.5,0,80.8,2,1.7,1
S0929,Computer Science,7,68.0,24,421.0,77.1,2,99.0,2,3.5,0
S0930,Artificial Intelligence,6,100.0,20,98.0,79.9,1,35.2,0,3.5,1
S0931,Business Administration,3,81.8,14,280.0,66.3,0,74.8,0,3.9,0
S0932,Computer Science,2,73.3,12,324.0,63.3,2,28.3,3,3.9,1
S0933,Business Administration,4,91.4,18,168.0,79.8,0,65.3,0,2.1,1
S0934,Data Science,8,93.1,14,219.0,65.5,1,57.7,0,2.6,1
S0935,Artificial Intelligence,3,67.3,16,157.0,78.6,3,75.0,2,3.6,1
S0936,Computer Science,3,100.0,18,333.0,58.6,3,73.8,0,3.9,0
S0937,Computer Science,5,85.3,21,0.0,67.5,1,80.2,1,3.2,1
S0938,Computer Science,5,86.8,19,208.0,73.0,2,47.9,1,3.9,0
S0939,Computer Science,8,88.0,17,214.0,72.0,1,74.3,1,5.0,0
S0940,Computer Science,8,87.9,16,409.0,98.6,2,71.4,1,3.9,0
S0941,Business Administration,1,74.5,27,113.0,68.1,2,65.6,1,4.6,1
S0942,Artificial Intelligence,5,100.0,17,456.0,95.0,2,82.4,0,3.3,0
S0943,Data Science,7,78.6,26,390.0,24.4,3,89.0,0,4.0,0
S0944,Data Science,6,93.5,20,425.0,78.0,1,70.9,1,4.3,0
S0945,Data Science,3,76.3,23,249.0,40.3,0,42.6,1,4.3,0
S0946,Data Science,5,74.2,15,250.0,100.0,3,85.4,0,1.9,0
S0947,Business Administration,8,100.0,17,206.0,100.0,2,65.1,2,3.0,1
S0948,Information Technology,1,80.7,22,370.0,77.4,3,76.2,0,4.2,0
S0949,Artificial Intelligence,8,81.6,18,258.0,100.0,3,67.3,0,2.3,0
S0950,Computer Science,8,85.4,16,203.0,63.7,4,43.6,1,2.8,1
S0951,Information Technology,8,100.0,13,258.0,95.7,2,57.5,3,4.0,1
S0952,Data Science,4,100.0,14,345.0,93.2,2,81.0,1,2.9,0
S0953,Information Technology,6,97.4,9,148.0,75.2,1,51.5,0,2.6,1
S0954,Artificial Intelligence,5,100.0,17,186.0,77.8,2,63.6,1,4.6,0
S0955,Computer Science,3,70.7,19,462.0,84.0,1,83.7,0,3.1,0
S0956,Computer Science,4,89.9,29,191.0,81.7,1,81.4,1,2.6,1
S0957,Artificial Intelligence,8,82.9,17,474.0,84.2,2,93.9,0,2.6,0
S0958,Artificial Intelligence,7,60.8,21,237.0,100.0,1,67.5,0,4.5,0
S0959,Data Science,3,87.6,12,137.0,100.0,2,76.9,1,3.8,0
S0960,Computer Science,4,76.1,21,464.0,93.3,1,71.0,0,4.6,0
S0961,Information Technology,7,100.0,12,509.0,100.0,0,41.1,0,3.3,0
S0962,Business Administration,7,77.3,22,230.0,58.3,2,84.2,1,3.6,1
S0963,Business Administration,6,76.6,15,431.0,92.8,0,66.9,0,2.8,0
S0964,Artificial Intelligence,3,100.0,13,312.0,93.5,0,68.6,0,4.2,0
S0965,Data Science,5,81.2,10,319.0,70.6,0,75.9,1,2.7,0
S0966,Business Administration,5,96.0,20,338.0,100.0,0,67.6,0,5.0,0
S0967,Computer Science,1,87.1,14,302.0,100.0,0,44.8,0,2.6,0
S0968,Artificial Intelligence,4,87.3,12,312.0,87.6,0,44.8,1,2.4,0
S0969,Information Technology,1,79.1,17,301.0,65.2,3,65.5,0,3.8,0
S0970,Artificial Intelligence,2,88.0,19,231.0,50.4,0,60.0,3,2.9,1
S0971,Information Technology,5,80.4,19,215.0,59.4,0,63.5,1,3.1,1
S0972,Artificial Intelligence,4,72.4,11,162.0,100.0,0,52.5,2,4.3,1
S0973,Artificial Intelligence,6,80.7,15,74.0,73.1,4,55.9,0,4.7,1
S0974,Artificial Intelligence,1,97.5,19,289.0,98.8,0,54.4,1,3.6,0
S0975,Information Technology,6,88.4,23,199.0,84.6,2,59.2,1,3.3,1
S0976,Information Technology,6,91.2,18,103.0,41.6,3,63.9,1,3.2,1
S0977,Artificial Intelligence,8,82.0,22,201.0,73.3,1,81.2,1,3.8,1
S0978,Business Administration,8,58.7,22,236.0,60.8,0,84.2,1,1.6,1
S0979,Data Science,6,67.3,12,234.0,93.0,1,88.0,1,3.4,0
S0980,Data Science,1,78.5,15,467.0,94.0,3,65.8,0,2.6,0
S0981,Data Science,8,68.4,18,229.0,74.7,2,59.2,3,3.7,1
S0982,Information Technology,2,75.7,18,473.0,100.0,0,47.3,2,3.3,0
S0983,Information Technology,7,75.3,17,210.0,97.5,2,72.9,2,3.6,1
S0984,Business Administration,7,75.6,10,358.0,70.3,4,66.1,3,3.6,1
S0985,Data Science,8,99.2,15,180.0,87.8,0,69.3,1,3.8,1
S0986,Data Science,1,81.4,19,506.0,63.7,0,71.2,3,2.9,0
S0987,Artificial Intelligence,7,93.2,20,447.0,72.0,2,84.7,0,4.4,0
S0988,Information Technology,3,84.0,15,390.0,89.0,2,75.1,1,3.6,0
S0989,Data Science,7,99.0,18,537.0,79.1,0,72.7,0,3.7,0
S0990,Business Administration,5,94.3,16,404.0,52.5,2,54.9,0,3.5,0
S0991,Business Administration,1,74.9,12,353.0,85.5,1,90.8,1,3.0,0
S0992,Data Science,8,100.0,16,137.0,72.3,3,67.3,0,4.0,0
S0993,Information Technology,8,76.5,10,17.0,63.7,0,66.1,1,3.7,1
S0994,Business Administration,7,84.4,20,145.0,58.3,0,74.5,1,5.0,0
S0995,Artificial Intelligence,1,86.5,13,98.0,74.5,0,56.5,0,2.9,1
S0996,Business Administration,2,87.9,12,204.0,82.6,1,78.2,1,4.6,0
S0997,Computer Science,3,91.6,15,431.0,73.8,2,92.5,2,3.5,0
S0998,Computer Science,8,72.9,16,172.0,83.5,2,59.4,3,3.4,1
S0999,Information Technology,1,90.5,13,245.0,73.3,0,69.0,0,2.8,1
S1000,Data Science,8,89.0,14,307.0,88.6,0,60.7,3,3.8,0
S1001,Information Technology,8,82.0,16,311.0,75.4,3,73.2,0,3.4,0
S1002,Information Technology,5,79.7,15,229.0,48.6,0,76.6,0,3.9,0
S1003,Information Technology,7,72.3,23,443.0,56.4,2,74.7,1,2.8,0
S1004,Information Technology,5,87.8,14,303.0,68.5,0,79.9,3,3.7,0
S1005,Artificial Intelligence,7,74.1,14,320.0,100.0,0,47.2,1,3.5,0
S1006,Artificial Intelligence,8,84.9,11,597.0,60.8,0,77.7,2,3.1,0
S1007,Business Administration,1,80.8,18,508.0,85.1,3,70.4,1,3.6,0
S1008,Computer Science,6,66.0,20,302.0,85.3,2,98.2,2,3.5,0
S1009,Information Technology,7,70.8,14,366.0,56.1,1,64.6,0,3.9,0
S1010,Business Administration,6,86.9,18,189.0,73.1,0,95.0,2,4.2,0
S1011,Computer Science,3,75.7,28,49.0,80.8,1,85.3,1,3.9,1
S1012,Data Science,5,75.3,12,382.0,73.0,1,82.8,2,3.6,0
S1013,Artificial Intelligence,6,72.8,16,173.0,88.2,2,69.1,0,2.7,1
S1014,Computer Science,5,73.2,15,368.0,87.5,1,91.7,1,3.0,0
S1015,Data Science,7,100.0,21,558.0,81.8,1,54.1,2,4.2,0
S1016,Computer Science,7,68.6,14,75.0,94.5,1,78.3,2,3.8,1
S1017,Artificial Intelligence,3,99.7,16,27.0,77.9,3,96.8,0,3.2,1
S1018,Artificial Intelligence,7,78.0,16,190.0,80.0,2,63.3,1,4.2,1
S1019,Business Administration,8,74.2,23,397.0,83.1,3,76.0,0,3.0,0
S1020,Information Technology,3,86.6,24,450.0,58.2,3,53.6,2,2.8,0
S1021,Computer Science,6,82.6,22,397.0,88.4,1,97.3,1,4.3,0
S1022,Computer Science,7,79.6,19,335.0,67.0,3,63.5,0,4.6,0
S1023,Data Science,1,84.6,16,302.0,74.2,1,66.6,3,3.1,1
S1024,Artificial Intelligence,4,82.4,17,315.0,87.8,3,59.2,4,4.1,1
S1025,Computer Science,2,79.4,18,442.0,86.0,2,62.1,2,4.2,0
S1026,Artificial Intelligence,8,93.2,19,223.0,52.4,0,64.1,0,3.6,1
S1027,Computer Science,4,64.6,12,305.0,52.6,0,74.7,0,3.3,0
S1028,Business Administration,4,71.0,24,161.0,60.1,0,65.0,2,3.0,1
S1029,Information Technology,5,72.5,13,343.0,81.6,0,34.5,1,3.6,0
S1030,Computer Science,8,69.3,19,302.0,100.0,0,75.8,2,3.3,0
S1031,Artificial Intelligence,8,83.0,20,610.0,69.3,4,94.9,0,4.3,0
S1032,Business Administration,3,88.1,17,123.0,61.1,1,46.0,0,4.4,1
S1033,Computer Science,5,58.4,19,412.0,61.1,1,74.1,2,3.5,0
S1034,Data Science,6,76.3,25,239.0,85.9,5,100.0,0,3.9,0
S1035,Information Technology,2,78.1,17,399.0,97.4,1,62.9,1,3.8,0
S1036,Computer Science,6,78.6,25,390.0,96.3,1,67.9,1,4.8,0
S1037,Business Administration,1,66.6,16,265.0,65.9,0,58.9,0,3.5,0
S1038,Data Science,2,78.2,20,176.0,50.7,2,85.7,1,3.8,1
S1039,Business Administration,5,71.1,14,173.0,79.5,3,81.7,1,3.4,1
S1040,Business Administration,7,78.0,14,313.0,100.0,1,55.5,2,4.0,0
S1041,Data Science,7,61.4,14,213.0,85.8,2,72.1,1,3.1,1
S1042,Business Administration,5,78.1,28,272.0,53.6,3,57.4,2,2.6,1
S1043,Data Science,6,73.4,14,151.0,76.8,2,57.8,1,5.0,0
S1044,Computer Science,5,78.9,19,361.0,59.8,2,56.9,0,3.0,0
S1045,Data Science,5,85.6,18,193.0,83.9,0,61.2,3,2.6,1
S1046,Data Science,4,81.5,17,250.0,77.2,0,58.2,1,3.9,0
S1047,Information Technology,1,91.5,15,458.0,73.1,1,69.3,0,3.5,0
S1048,Data Science,8,77.7,16,318.0,66.6,4,92.2,1,2.6,1
S1049,Data Science,7,89.4,26,391.0,85.7,2,57.6,1,3.6,0
S1050,Computer Science,4,95.5,16,185.0,99.5,2,56.3,4,3.0,1
S1051,Information Technology,5,85.3,28,333.0,100.0,2,75.0,2,2.5,0
S1052,Artificial Intelligence,3,81.8,14,352.0,85.4,2,60.5,3,3.9,0
S1053,Computer Science,4,87.0,14,184.0,100.0,1,55.3,1,3.6,0
S1054,Computer Science,5,85.7,14,307.0,59.8,2,71.3,2,4.0,0
S1055,Artificial Intelligence,7,94.0,15,249.0,72.0,1,67.3,0,2.9,1
S1056,Data Science,8,91.5,11,333.0,60.7,1,62.0,2,4.2,0
S1057,Business Administration,5,91.7,11,141.0,69.2,3,81.7,0,2.7,1
S1058,Information Technology,1,82.5,19,174.0,59.5,1,62.4,0,3.5,0
S1059,Business Administration,6,86.1,15,133.0,100.0,1,84.8,0,3.1,0
S1060,Artificial Intelligence,2,85.9,8,162.0,71.3,1,72.7,0,2.8,1
S1061,Computer Science,4,67.5,20,225.0,75.5,2,46.0,0,4.0,0
S1062,Computer Science,4,94.8,17,362.0,50.2,1,73.7,0,3.9,0
S1063,Information Technology,4,62.0,13,311.0,41.9,3,61.4,2,3.3,1
S1064,Computer Science,5,90.5,19,311.0,100.0,1,49.0,2,3.3,0
S1065,Computer Science,8,85.2,16,183.0,73.7,0,68.0,0,3.5,0
S1066,Information Technology,1,78.6,18,297.0,100.0,3,60.6,1,3.6,0
S1067,Information Technology,8,86.7,21,451.0,75.3,0,100.0,4,2.8,0
S1068,Artificial Intelligence,5,87.0,19,335.0,55.6,0,62.1,2,3.3,0
S1069,Computer Science,5,66.3,21,397.0,78.4,0,71.4,1,2.8,0
S1070,Computer Science,6,99.0,15,239.0,79.3,0,55.4,1,4.0,0
S1071,Artificial Intelligence,3,82.9,24,242.0,80.6,3,65.7,1,1.7,1
S1072,Data Science,1,100.0,30,363.0,76.7,1,76.4,1,3.4,0
S1073,Data Science,4,91.5,17,187.0,50.8,0,100.0,0,4.0,0
S1074,Data Science,2,82.6,19,286.0,50.4,4,71.8,1,3.7,1
S1075,Artificial Intelligence,4,73.7,23,322.0,98.9,4,45.0,0,2.9,0
S1076,Computer Science,8,80.7,16,253.0,100.0,1,91.0,1,1.4,0
S1077,Artificial Intelligence,5,83.8,25,199.0,72.8,1,82.0,2,3.8,0
S1078,Artificial Intelligence,1,99.6,21,222.0,45.1,1,26.4,0,4.3,0
S1079,Data Science,7,96.7,13,135.0,99.7,0,45.0,1,3.4,1
S1080,Business Administration,1,87.4,14,333.0,62.7,1,61.2,1,4.2,0
S1081,Computer Science,1,100.0,24,400.0,84.3,2,53.9,1,3.7,0
S1082,Data Science,3,57.8,16,239.0,68.6,1,66.7,0,3.5,0
S1083,Business Administration,4,87.6,17,629.0,69.1,3,59.8,1,3.9,0
S1084,Business Administration,3,97.1,14,209.0,62.5,0,82.2,2,3.5,1
S1085,Information Technology,7,88.6,12,211.0,100.0,2,84.0,0,4.5,0
S1086,Computer Science,7,66.0,21,392.0,86.1,2,49.9,0,4.0,0
S1087,Business Administration,6,98.7,21,375.0,84.0,4,98.5,0,3.5,0
S1088,Data Science,8,91.1,13,380.0,78.7,0,89.8,2,4.9,0
S1089,Information Technology,2,86.1,20,429.0,84.9,0,24.9,1,3.1,0
S1090,Computer Science,6,83.1,10,188.0,56.7,1,54.5,5,3.9,1
S1091,Artificial Intelligence,5,100.0,30,345.0,87.4,0,50.8,1,3.9,0
S1092,Data Science,3,87.3,15,132.0,99.8,2,53.4,0,4.3,1
S1093,Business Administration,3,79.1,17,428.0,82.0,3,30.4,2,3.8,0
S1094,Business Administration,6,72.3,18,419.0,93.6,0,70.5,2,3.3,0
S1095,Data Science,5,91.1,17,425.0,70.7,2,56.2,0,3.5,0
S1096,Business Administration,1,93.8,15,294.0,85.4,4,76.2,0,3.9,0
S1097,Information Technology,5,82.7,12,423.0,71.0,1,100.0,1,5.0,0
S1098,Computer Science,4,75.3,21,320.0,48.4,0,92.9,0,2.3,0
S1099,Information Technology,6,98.0,19,466.0,73.8,1,58.4,1,4.3,0
S1100,Business Administration,8,71.4,12,263.0,98.3,4,67.3,2,4.4,0
S1101,Artificial Intelligence,5,100.0,20,261.0,54.0,2,78.3,1,4.2,0
S1102,Computer Science,1,73.2,25,351.0,100.0,1,95.8,0,3.6,0
S1103,Computer Science,5,66.7,12,149.0,68.1,3,69.1,0,3.2,1
S1104,Data Science,3,68.2,13,272.0,88.1,0,50.7,0,3.1,0
S1105,Data Science,2,68.7,22,294.0,100.0,1,77.9,0,4.3,0
S1106,Artificial Intelligence,3,79.2,16,140.0,100.0,0,49.1,3,4.2,1
S1107,Computer Science,8,76.4,15,312.0,100.0,1,49.5,1,2.2,0
S1108,Artificial Intelligence,7,94.3,18,359.0,64.3,2,83.3,2,2.8,0
S1109,Data Science,2,92.6,18,400.0,98.6,1,86.8,0,3.4,0
S1110,Data Science,7,79.3,22,120.0,67.3,1,92.7,0,3.1,1
S1111,Computer Science,5,100.0,14,422.0,61.1,0,91.5,0,4.0,0
S1112,Information Technology,4,79.2,18,51.0,67.4,1,78.5,1,3.1,1
S1113,Business Administration,8,80.8,11,191.0,100.0,1,60.7,0,5.0,0
S1114,Data Science,5,66.7,16,545.0,69.5,4,46.9,1,3.1,0
S1115,Data Science,1,81.0,21,318.0,64.0,1,66.3,2,2.8,0
S1116,Information Technology,5,85.6,18,175.0,100.0,3,63.6,2,4.3,0
S1117,Information Technology,2,67.8,21,137.0,75.5,5,65.1,2,3.3,1
S1118,Artificial Intelligence,3,76.0,18,148.0,89.8,2,66.9,0,4.2,0
S1119,Artificial Intelligence,4,85.9,16,186.0,61.1,0,61.6,2,4.6,0
S1120,Business Administration,7,75.7,19,417.0,70.9,2,72.5,0,4.4,0
S1121,Business Administration,5,73.2,19,366.0,74.4,0,52.3,0,3.2,0
S1122,Computer Science,5,91.4,13,428.0,67.6,0,74.8,2,2.3,0
S1123,Artificial Intelligence,3,66.6,16,173.0,76.5,0,47.9,0,4.8,0
S1124,Data Science,4,68.9,18,61.0,62.0,2,73.3,0,2.4,1
S1125,Artificial Intelligence,6,84.1,6,377.0,76.6,0,62.1,2,5.0,0
S1126,Data Science,7,92.2,21,292.0,98.5,1,74.4,2,3.4,0
S1127,Information Technology,5,85.7,20,204.0,47.9,0,91.7,0,3.3,0
S1128,Artificial Intelligence,5,79.3,17,419.0,75.6,2,36.3,0,3.1,0
S1129,Information Technology,6,78.3,12,456.0,69.3,0,63.9,1,3.6,0
S1130,Business Administration,7,94.1,21,507.0,67.6,2,73.4,0,3.0,0
S1131,Business Administration,2,92.3,18,176.0,100.0,1,62.8,1,3.9,0
S1132,Computer Science,2,82.6,22,448.0,100.0,2,69.3,0,3.4,0
S1133,Artificial Intelligence,8,78.7,22,347.0,69.2,1,70.3,1,2.6,0
S1134,Information Technology,8,82.4,16,225.0,53.6,2,91.0,0,2.7,1
S1135,Data Science,1,73.3,22,445.0,100.0,3,45.5,0,3.3,0
S1136,Business Administration,3,80.2,18,194.0,85.2,0,41.5,0,1.7,1
S1137,Business Administration,4,76.1,18,225.0,57.2,4,72.5,2,2.2,1
S1138,Data Science,5,80.8,15,408.0,61.6,2,88.0,0,4.5,0
S1139,Information Technology,7,76.6,21,226.0,79.9,0,85.9,0,4.5,0
S1140,Information Technology,5,88.3,23,349.0,100.0,2,60.7,3,4.2,0
S1141,Artificial Intelligence,8,91.8,13,240.0,71.4,1,49.7,0,4.0,0
S1142,Artificial Intelligence,1,77.4,22,321.0,86.2,3,74.5,0,3.9,0
S1143,Computer Science,7,72.3,13,330.0,67.4,0,76.7,1,3.9,0
S1144,Business Administration,7,90.5,16,185.0,86.5,0,46.8,2,3.0,1
S1145,Artificial Intelligence,5,84.2,29,325.0,48.7,2,57.1,2,4.3,0
S1146,Information Technology,3,77.6,21,237.0,89.5,2,73.0,0,2.7,0
S1147,Data Science,1,98.5,22,185.0,82.3,1,68.2,1,5.0,0
S1148,Information Technology,3,75.2,24,166.0,63.1,1,86.6,2,3.1,1
S1149,Business Administration,1,58.1,10,168.0,20.0,1,72.5,1,2.7,1
S1150,Information Technology,5,73.5,23,227.0,100.0,0,47.5,1,5.0,0
S1151,Computer Science,1,100.0,22,369.0,46.7,4,73.0,0,2.6,1
S1152,Business Administration,2,78.2,18,136.0,100.0,3,46.1,1,4.1,1
S1153,Data Science,7,75.8,17,310.0,63.1,2,74.6,0,3.8,0
S1154,Computer Science,4,82.3,11,345.0,84.9,1,63.5,0,4.0,0
S1155,Business Administration,5,94.1,14,420.0,89.1,2,100.0,2,4.4,0
S1156,Data Science,6,81.0,17,235.0,100.0,0,74.2,2,4.1,0
S1157,Computer Science,4,89.1,12,320.0,58.5,2,86.2,2,2.3,1
S1158,Computer Science,5,79.7,16,161.0,77.3,0,65.2,1,3.8,1
S1159,Business Administration,4,89.2,11,144.0,60.6,1,60.5,2,3.7,1
S1160,Artificial Intelligence,2,84.2,16,343.0,59.2,2,76.4,0,4.1,0
S1161,Computer Science,4,77.2,17,548.0,79.7,3,59.3,1,3.5,0
S1162,Computer Science,1,85.1,18,379.0,93.1,1,72.1,1,2.8,0
S1163,Data Science,8,75.5,11,154.0,100.0,1,56.0,0,2.8,1
S1164,Information Technology,4,65.5,19,165.0,74.0,1,95.0,1,3.4,1
S1165,Business Administration,5,81.8,22,374.0,76.7,2,68.9,0,2.5,0
S1166,Business Administration,6,66.5,23,386.0,77.9,2,56.8,1,3.1,1
S1167,Artificial Intelligence,6,89.2,22,307.0,80.9,0,60.9,1,3.1,0
S1168,Artificial Intelligence,8,81.6,15,275.0,82.5,5,82.7,2,3.3,1
S1169,Business Administration,3,99.1,30,363.0,57.2,2,70.9,1,5.0,0
S1170,Artificial Intelligence,8,78.0,19,176.0,28.4,0,55.0,0,2.7,1
S1171,Data Science,7,81.8,14,423.0,73.1,2,86.7,0,1.3,0
S1172,Business Administration,4,64.4,18,342.0,100.0,1,69.2,1,3.8,0
S1173,Artificial Intelligence,6,68.8,13,203.0,79.3,1,72.2,0,2.8,1
S1174,Business Administration,8,61.9,17,290.0,75.6,1,56.5,2,4.4,0
S1175,Information Technology,4,94.9,20,700.0,77.6,3,63.4,2,3.4,0
S1176,Computer Science,7,76.5,13,265.0,65.4,1,66.3,3,3.6,1
S1177,Business Administration,6,97.9,22,368.0,76.2,1,53.7,1,2.4,0
S1178,Computer Science,7,49.8,13,400.0,78.8,0,32.2,1,3.5,0
S1179,Artificial Intelligence,4,100.0,14,323.0,78.7,0,89.1,0,4.5,0
S1180,Computer Science,5,81.2,16,252.0,80.0,1,46.8,2,4.2,0
S1181,Business Administration,4,86.1,10,213.0,79.8,2,56.2,0,3.6,0
S1182,Information Technology,8,69.2,23,279.0,76.9,0,59.3,0,2.5,0
S1183,Artificial Intelligence,7,88.3,9,283.0,98.4,4,93.7,0,3.9,0
S1184,Business Administration,5,77.5,18,453.0,100.0,1,62.6,0,3.8,0
S1185,Artificial Intelligence,5,67.7,21,492.0,47.6,0,72.7,1,4.5,0
S1186,Data Science,3,67.5,14,517.0,68.0,0,79.2,0,3.7,0
S1187,Computer Science,6,67.3,16,258.0,38.1,2,88.7,1,4.0,1
S1188,Data Science,1,86.6,12,426.0,87.0,1,57.7,0,3.2,0
S1189,Business Administration,5,74.4,31,334.0,100.0,2,76.9,0,3.0,0
S1190,Information Technology,7,62.3,11,171.0,80.0,1,57.0,1,3.9,0
S1191,Artificial Intelligence,6,86.4,17,122.0,80.2,0,41.7,0,3.7,0
S1192,Computer Science,2,55.9,22,261.0,67.6,0,65.8,0,3.7,0
S1193,Artificial Intelligence,4,97.9,18,283.0,81.4,1,56.8,1,3.6,0
S1194,Business Administration,8,100.0,16,193.0,76.7,2,93.7,2,1.9,1
S1195,Artificial Intelligence,7,66.3,21,448.0,97.5,2,91.0,2,4.0,0
S1196,Computer Science,2,94.6,14,479.0,100.0,1,84.8,0,4.0,0
S1197,Business Administration,7,86.2,15,278.0,100.0,0,70.0,1,3.0,0
S1198,Artificial Intelligence,4,76.0,23,484.0,100.0,1,67.6,1,4.0,0
S1199,Information Technology,3,76.6,19,351.0,89.8,0,73.0,2,3.4,0
S1200,Business Administration,7,89.9,18,65.0,84.1,1,67.6,0,3.6,1
S1201,Business Administration,5,81.5,24,56.0,77.7,0,58.6,2,3.0,1
S1202,Information Technology,1,50.9,11,341.0,84.7,1,60.5,0,3.5,0
S1203,Data Science,5,100.0,17,281.0,84.1,2,79.5,1,2.2,0
S1204,Computer Science,4,87.2,12,188.0,100.0,1,99.9,1,3.3,0
S1205,Data Science,7,81.4,17,352.0,74.8,1,70.4,0,5.0,0
S1206,Artificial Intelligence,1,73.4,20,563.0,59.2,1,68.2,0,3.6,0
S1207,Information Technology,5,79.7,18,309.0,77.5,0,58.1,2,3.2,1
S1208,Data Science,1,97.2,17,249.0,61.4,3,41.5,0,3.2,1
S1209,Business Administration,8,85.1,22,216.0,74.1,0,77.6,2,3.0,1
S1210,Artificial Intelligence,4,86.5,13,158.0,47.0,2,53.9,1,3.6,1
S1211,Artificial Intelligence,3,67.0,16,398.0,78.7,0,41.0,3,2.7,0
S1212,Data Science,3,77.8,11,249.0,62.1,2,91.4,1,4.1,0
S1213,Data Science,7,82.6,12,284.0,91.4,2,83.8,0,4.2,0
S1214,Information Technology,5,90.4,23,251.0,71.2,0,42.7,2,4.1,0
S1215,Computer Science,2,77.0,22,493.0,43.5,2,100.0,4,4.3,0
S1216,Data Science,4,93.1,23,130.0,70.7,0,44.8,1,4.3,1
S1217,Data Science,5,68.3,18,382.0,76.5,1,44.9,0,3.8,0
S1218,Business Administration,5,82.8,14,404.0,84.0,1,40.0,1,4.6,0
S1219,Artificial Intelligence,3,80.8,24,211.0,87.6,2,61.2,1,3.9,0
S1220,Computer Science,7,63.8,25,373.0,63.5,2,86.9,0,3.0,0
S1221,Business Administration,1,81.4,21,280.0,64.3,2,42.9,0,3.5,0
S1222,Information Technology,4,75.0,20,398.0,77.5,1,57.5,1,4.2,0
S1223,Information Technology,8,99.0,14,184.0,83.5,4,73.3,3,3.9,1
S1224,Data Science,1,77.1,34,332.0,86.5,0,59.8,2,3.1,0
S1225,Data Science,6,86.2,18,309.0,95.1,4,68.1,1,3.5,0
S1226,Information Technology,6,67.2,16,365.0,47.8,2,82.3,1,2.9,1
S1227,Data Science,4,84.8,17,14.0,95.5,1,59.1,0,4.2,1
S1228,Computer Science,7,77.0,13,214.0,92.7,3,53.5,2,4.6,1
S1229,Data Science,2,72.7,21,370.0,93.3,1,74.2,0,2.2,0
S1230,Artificial Intelligence,6,100.0,20,510.0,74.0,2,68.3,2,3.8,0
S1231,Data Science,3,77.8,17,426.0,82.6,1,79.3,1,2.6,0
S1232,Business Administration,2,79.5,25,348.0,86.9,2,81.6,1,2.4,0
S1233,Computer Science,5,92.8,19,198.0,74.7,4,38.6,0,4.5,1
S1234,Business Administration,6,72.8,20,336.0,95.1,3,56.0,0,4.4,0
S1235,Business Administration,3,86.8,25,370.0,56.7,2,59.8,0,3.7,0
S1236,Artificial Intelligence,5,88.1,14,514.0,91.0,2,61.7,0,3.1,0
S1237,Computer Science,2,84.9,16,194.0,86.9,1,93.8,2,3.3,1
S1238,Computer Science,4,100.0,18,255.0,100.0,0,26.2,2,3.0,1
S1239,Computer Science,5,72.3,8,541.0,100.0,2,60.6,1,5.0,0
S1240,Computer Science,1,100.0,22,276.0,74.5,2,52.1,1,5.0,0
S1241,Computer Science,4,87.7,20,359.0,100.0,3,83.3,2,4.2,0
S1242,Artificial Intelligence,4,92.9,18,173.0,83.5,0,54.9,1,3.6,1
S1243,Data Science,2,86.1,17,259.0,84.0,2,91.0,0,2.5,0
S1244,Business Administration,2,100.0,20,339.0,85.1,0,67.0,0,3.3,0
S1245,Computer Science,3,78.2,16,254.0,53.9,1,63.9,0,3.5,0
S1246,Data Science,3,88.0,17,322.0,98.4,1,58.9,2,3.0,0
S1247,Data Science,1,97.7,21,331.0,53.0,2,62.3,0,4.6,0
S1248,Business Administration,4,75.3,17,309.0,87.1,1,40.3,0,5.0,0
S1249,Artificial Intelligence,8,94.0,16,210.0,32.9,1,45.4,1,3.4,1
S1250,Information Technology,7,81.8,11,399.0,74.1,0,58.8,1,4.3,0
S1251,Information Technology,1,67.2,16,322.0,77.8,2,79.0,0,3.7,0
S1252,Data Science,1,64.6,22,220.0,89.5,0,83.0,0,2.9,0
S1253,Business Administration,7,80.9,19,203.0,100.0,1,41.8,2,4.4,0
S1254,Information Technology,7,93.9,12,176.0,76.6,1,82.2,1,4.8,0
S1255,Data Science,7,57.1,19,445.0,55.6,2,71.5,0,4.0,0
S1256,Artificial Intelligence,2,84.4,20,214.0,69.9,1,77.7,1,3.2,0
S1257,Information Technology,1,92.7,18,191.0,82.3,1,66.2,1,4.2,0
S1258,Data Science,1,66.7,15,181.0,80.8,2,82.7,4,3.3,1
S1259,Data Science,5,74.4,14,61.0,46.7,2,56.8,3,4.2,1
S1260,Computer Science,7,88.9,21,564.0,68.8,1,65.7,2,4.7,0
S1261,Artificial Intelligence,7,92.2,17,311.0,68.4,3,51.4,2,3.0,1
S1262,Computer Science,3,100.0,19,194.0,74.3,1,44.4,2,4.0,1
S1263,Business Administration,3,75.0,20,259.0,88.8,1,20.0,1,3.3,0
S1264,Computer Science,4,72.2,20,149.0,63.8,0,56.3,2,4.4,1
S1265,Computer Science,3,100.0,19,322.0,97.2,0,68.2,1,3.5,0
S1266,Information Technology,6,72.9,15,282.0,91.3,5,80.7,1,4.7,0
S1267,Data Science,4,88.1,18,434.0,40.4,1,86.8,2,5.0,0
S1268,Artificial Intelligence,8,100.0,23,216.0,70.5,2,100.0,1,2.9,1
S1269,Computer Science,7,91.0,17,343.0,81.8,3,61.0,0,3.8,0
S1270,Artificial Intelligence,5,91.4,15,302.0,100.0,2,58.5,0,4.5,0
S1271,Computer Science,3,97.3,19,197.0,56.4,1,100.0,0,3.4,0
S1272,Business Administration,5,88.3,19,343.0,47.0,0,68.9,2,4.0,0
S1273,Computer Science,3,91.5,22,290.0,82.0,1,52.3,1,3.2,0
S1274,Information Technology,3,77.9,22,419.0,59.9,0,56.2,0,2.3,0
S1275,Data Science,5,95.9,16,348.0,76.7,0,58.0,1,4.1,0
S1276,Business Administration,1,87.0,9,242.0,64.9,2,78.0,2,4.1,1
S1277,Computer Science,1,64.3,17,407.0,94.6,2,64.5,3,2.9,0
S1278,Artificial Intelligence,1,84.9,19,335.0,91.4,3,63.1,2,3.2,1
S1279,Business Administration,6,56.0,17,238.0,67.1,2,82.6,1,3.4,1
S1280,Business Administration,1,90.6,13,414.0,100.0,1,63.4,0,4.1,0
S1281,Computer Science,3,79.2,15,404.0,79.1,2,62.9,0,4.3,0
S1282,Business Administration,7,100.0,19,192.0,84.0,2,55.5,1,3.9,1
S1283,Artificial Intelligence,2,87.9,19,213.0,66.1,1,83.9,0,2.6,1
S1284,Business Administration,5,93.1,15,315.0,64.7,1,82.3,1,3.3,0
S1285,Artificial Intelligence,7,69.4,24,258.0,100.0,1,73.0,1,3.4,0
S1286,Computer Science,2,90.2,21,261.0,80.1,2,66.4,1,3.3,0
S1287,Data Science,7,74.3,21,205.0,82.1,5,86.2,0,4.3,0
S1288,Business Administration,6,95.1,15,321.0,68.8,1,44.4,0,4.6,0
S1289,Data Science,2,68.6,11,327.0,82.9,1,86.6,4,4.3,0
S1290,Artificial Intelligence,8,83.3,21,128.0,78.3,0,75.1,4,4.6,1
S1291,Business Administration,4,68.1,25,254.0,77.7,1,51.4,3,3.6,1
S1292,Information Technology,1,83.5,19,232.0,100.0,3,41.5,1,3.1,0
S1293,Data Science,8,100.0,28,333.0,80.4,3,58.3,0,2.6,0
S1294,Business Administration,6,90.7,22,369.0,57.6,1,66.2,0,3.3,0
S1295,Data Science,7,81.6,22,387.0,87.0,1,81.3,1,2.9,0
S1296,Business Administration,3,52.5,11,256.0,71.4,0,79.5,0,5.0,0
S1297,Computer Science,1,75.6,19,364.0,59.7,3,76.5,0,4.2,0
S1298,Data Science,8,87.7,25,120.0,65.1,2,80.7,2,2.8,1
S1299,Information Technology,1,75.9,10,460.0,97.6,0,88.9,0,3.4,0
S1300,Information Technology,2,99.1,17,217.0,59.5,3,98.1,1,3.1,1
S1301,Artificial Intelligence,4,82.9,14,138.0,60.4,1,59.8,1,3.0,1
S1302,Business Administration,1,94.9,29,217.0,79.1,2,67.1,0,3.2,0
S1303,Data Science,7,84.5,12,474.0,72.1,1,50.2,1,3.2,0
S1304,Artificial Intelligence,7,78.7,20,376.0,60.4,2,67.4,3,3.2,0
S1305,Data Science,5,76.3,22,515.0,94.6,4,55.3,2,3.5,0
S1306,Business Administration,5,69.9,26,336.0,70.4,0,90.9,1,3.3,0
S1307,Information Technology,1,95.2,11,463.0,54.7,1,67.4,1,4.4,0
S1308,Computer Science,2,76.9,14,257.0,83.4,0,50.0,0,3.5,0
S1309,Information Technology,2,88.3,20,143.0,92.7,1,58.3,0,3.5,0
S1310,Artificial Intelligence,3,75.7,20,344.0,86.5,0,62.0,1,3.2,0
S1311,Computer Science,6,69.0,22,309.0,89.8,0,46.9,2,3.4,0
S1312,Artificial Intelligence,6,88.7,17,360.0,89.5,2,68.9,2,2.5,0
S1313,Business Administration,8,73.0,14,400.0,73.2,1,86.7,0,3.3,0
S1314,Computer Science,6,77.2,18,348.0,69.6,1,43.6,1,4.5,0
S1315,Artificial Intelligence,4,67.0,13,289.0,65.9,0,74.2,1,2.9,0
S1316,Business Administration,2,76.1,16,294.0,77.9,1,32.1,0,3.8,0
S1317,Information Technology,3,82.3,21,358.0,48.6,2,79.3,2,4.5,0
S1318,Business Administration,5,78.6,15,124.0,57.2,2,52.5,1,3.7,1
S1319,Data Science,7,91.8,20,216.0,100.0,1,89.4,1,3.2,0
S1320,Business Administration,6,83.7,17,552.0,94.1,1,82.9,0,4.0,0
S1321,Business Administration,5,100.0,14,243.0,80.8,0,75.2,0,3.5,0
S1322,Data Science,5,87.1,20,381.0,100.0,2,65.4,1,4.2,0
S1323,Artificial Intelligence,1,61.2,19,253.0,84.9,0,54.0,0,3.8,0
S1324,Artificial Intelligence,4,79.4,14,275.0,78.5,2,72.7,1,2.2,1
S1325,Business Administration,3,80.5,18,39.0,53.6,1,68.9,2,3.1,1
S1326,Data Science,4,74.6,20,375.0,73.0,1,74.0,0,3.7,0
S1327,Data Science,1,82.9,32,236.0,95.6,4,53.9,0,4.3,0
S1328,Information Technology,3,74.3,14,56.0,88.1,0,89.9,2,4.1,1
S1329,Artificial Intelligence,3,86.0,14,131.0,100.0,1,93.0,1,4.2,0
S1330,Computer Science,2,59.1,7,313.0,78.4,1,61.8,2,3.4,1
S1331,Artificial Intelligence,4,95.7,15,218.0,31.9,2,68.2,0,3.0,1
S1332,Artificial Intelligence,4,63.1,13,202.0,84.9,0,69.2,1,3.0,1
S1333,Information Technology,2,78.8,22,248.0,33.9,1,70.3,0,2.9,1
S1334,Computer Science,8,73.2,13,0.0,69.4,4,55.7,0,5.0,1
S1335,Information Technology,5,85.7,14,106.0,94.1,2,76.7,1,5.0,0
S1336,Computer Science,1,79.8,18,377.0,100.0,3,50.8,2,2.5,0
S1337,Business Administration,4,85.0,26,362.0,59.4,1,72.2,2,3.8,0
S1338,Computer Science,2,95.3,20,367.0,85.2,0,36.8,0,3.4,0
S1339,Information Technology,7,91.2,16,373.0,100.0,2,78.1,1,3.3,0
S1340,Artificial Intelligence,8,82.4,17,353.0,79.7,4,72.0,0,4.0,0
S1341,Computer Science,3,87.5,29,473.0,66.9,1,58.3,0,3.1,0
S1342,Computer Science,6,100.0,18,372.0,100.0,0,74.7,0,3.1,0
S1343,Data Science,7,91.7,16,304.0,95.9,0,92.8,0,3.9,0
S1344,Artificial Intelligence,2,78.5,15,485.0,79.2,3,93.2,0,4.6,0
S1345,Business Administration,6,97.3,13,364.0,50.5,0,77.6,0,5.0,0
S1346,Information Technology,5,86.7,17,369.0,71.6,1,76.4,1,3.9,0
S1347,Business Administration,1,70.4,26,240.0,64.9,3,86.0,2,2.8,1
S1348,Artificial Intelligence,6,79.8,26,304.0,47.1,2,82.7,3,4.1,0
S1349,Computer Science,8,64.3,18,163.0,100.0,2,54.3,0,3.2,1
S1350,Computer Science,5,54.6,18,118.0,88.3,4,74.6,1,3.5,1
S1351,Artificial Intelligence,6,70.6,19,94.0,65.2,0,63.4,1,4.8,1
S1352,Computer Science,3,83.5,18,274.0,67.5,0,97.4,2,4.6,0
S1353,Computer Science,3,83.5,21,464.0,69.8,1,79.2,1,4.2,0
S1354,Computer Science,8,65.1,10,352.0,60.0,3,64.6,3,4.8,1
S1355,Information Technology,3,53.5,20,404.0,100.0,2,65.2,2,1.6,1
S1356,Information Technology,3,99.6,13,196.0,65.1,0,44.7,1,3.0,1
S1357,Data Science,2,83.1,15,336.0,72.2,0,70.6,1,4.0,0
S1358,Business Administration,3,100.0,27,544.0,65.6,4,59.2,0,3.5,0
S1359,Artificial Intelligence,7,100.0,26,396.0,45.7,1,71.3,0,4.4,0
S1360,Artificial Intelligence,3,90.8,14,255.0,55.8,1,100.0,3,2.6,1
S1361,Artificial Intelligence,7,82.7,20,97.0,97.1,2,67.6,0,4.5,0
S1362,Data Science,2,77.2,14,142.0,72.1,2,46.1,0,3.9,1
S1363,Information Technology,3,90.6,20,379.0,85.5,3,61.9,0,3.6,0
S1364,Data Science,8,80.1,18,327.0,86.2,1,67.5,2,2.2,0
S1365,Artificial Intelligence,5,74.9,26,516.0,86.3,0,62.9,3,5.0,0
S1366,Business Administration,8,56.8,17,308.0,65.5,2,71.9,0,2.6,1
S1367,Computer Science,5,81.0,18,122.0,100.0,1,67.5,0,2.4,1
S1368,Information Technology,4,95.2,18,273.0,94.6,0,74.9,2,4.0,0
S1369,Information Technology,5,97.1,26,305.0,86.6,1,72.1,1,4.4,0
S1370,Data Science,1,82.6,24,254.0,82.5,5,92.4,2,3.4,0
S1371,Information Technology,1,71.3,19,300.0,53.2,1,78.9,0,2.8,0
S1372,Artificial Intelligence,1,92.8,16,345.0,92.9,1,85.7,1,3.1,0
S1373,Artificial Intelligence,2,81.8,22,57.0,75.6,1,57.1,2,3.9,1
S1374,Data Science,8,77.6,20,219.0,63.4,1,78.6,2,3.1,1
S1375,Artificial Intelligence,5,64.5,17,451.0,59.6,0,78.8,1,4.5,0
S1376,Business Administration,8,100.0,22,494.0,95.7,0,52.1,1,2.9,0
S1377,Data Science,7,90.9,17,147.0,52.9,1,60.1,1,2.2,1
S1378,Business Administration,1,92.2,10,147.0,70.8,1,71.8,0,4.8,1
S1379,Computer Science,4,71.6,14,392.0,80.9,0,71.6,2,3.0,0
S1380,Business Administration,2,83.0,24,543.0,75.3,0,73.9,0,3.9,0
S1381,Computer Science,4,81.0,12,326.0,85.5,0,67.4,1,3.9,0
S1382,Computer Science,5,91.4,12,313.0,99.1,5,72.5,2,3.0,1
S1383,Business Administration,3,98.3,20,215.0,89.1,2,64.6,0,4.0,0
S1384,Data Science,4,64.8,13,422.0,79.2,3,68.2,2,3.2,0
S1385,Artificial Intelligence,3,69.1,17,264.0,70.0,1,81.3,1,3.0,0
S1386,Artificial Intelligence,2,89.7,22,488.0,52.2,0,62.7,0,3.5,0
S1387,Computer Science,4,75.9,13,343.0,76.8,1,81.3,0,4.9,0
S1388,Computer Science,4,91.8,14,331.0,71.3,2,74.6,2,3.8,0
S1389,Data Science,6,77.5,21,201.0,87.5,0,90.4,0,4.2,0
S1390,Information Technology,2,67.0,22,206.0,75.6,3,72.7,1,3.6,1
S1391,Business Administration,2,60.9,16,226.0,96.7,3,79.2,0,3.1,1
S1392,Computer Science,1,87.8,18,289.0,70.1,1,20.0,1,3.8,0
S1393,Artificial Intelligence,5,88.1,20,433.0,67.9,0,52.3,2,3.4,0
S1394,Data Science,4,93.6,9,399.0,85.6,1,72.3,0,3.1,0
S1395,Business Administration,8,85.9,8,244.0,79.9,1,82.3,0,4.1,0
S1396,Data Science,4,45.0,20,49.0,84.8,2,73.8,0,3.9,1
S1397,Business Administration,7,88.0,15,213.0,75.6,1,62.2,1,3.0,0
S1398,Business Administration,2,64.5,18,318.0,78.5,1,52.0,0,4.2,0
S1399,Computer Science,8,59.6,11,328.0,72.7,1,64.5,1,3.5,0
S1400,Data Science,2,58.1,16,520.0,80.4,2,75.8,2,4.2,0
S1401,Data Science,5,57.0,21,472.0,100.0,1,73.0,2,3.0,0
S1402,Artificial Intelligence,2,85.3,22,395.0,68.8,2,81.2,0,2.8,0
S1403,Artificial Intelligence,3,73.2,17,222.0,67.1,2,66.0,2,3.1,1
S1404,Computer Science,3,63.8,28,334.0,83.8,3,70.0,0,3.5,0
S1405,Computer Science,6,82.3,13,362.0,74.7,0,45.1,1,3.3,0
S1406,Information Technology,3,68.7,17,458.0,100.0,0,57.0,1,4.5,0
S1407,Artificial Intelligence,3,93.8,14,181.0,90.6,1,86.9,1,2.9,1
S1408,Business Administration,5,99.4,13,407.0,93.4,4,78.1,1,1.9,0
S1409,Data Science,4,79.4,19,371.0,95.0,0,82.9,0,3.5,0
S1410,Computer Science,3,98.5,24,239.0,66.2,3,61.2,0,3.9,0
S1411,Data Science,8,98.5,16,456.0,80.0,1,91.9,3,3.2,0
S1412,Data Science,6,83.0,20,72.0,90.2,2,72.9,0,3.7,1
S1413,Information Technology,2,100.0,25,561.0,78.1,0,57.8,0,2.9,0
S1414,Artificial Intelligence,3,74.5,29,458.0,61.9,7,74.3,3,2.8,1
S1415,Computer Science,6,58.5,21,277.0,94.7,0,79.6,3,4.0,0
S1416,Data Science,5,63.3,11,249.0,74.9,1,76.2,1,4.0,0
S1417,Computer Science,7,74.0,15,296.0,83.4,2,57.4,2,4.0,1
S1418,Business Administration,7,88.4,22,210.0,88.5,1,68.5,0,3.9,0
S1419,Information Technology,7,68.1,17,273.0,100.0,2,83.7,1,3.8,0
S1420,Business Administration,2,73.9,19,399.0,81.7,1,61.8,1,3.4,0
S1421,Computer Science,6,67.0,22,215.0,41.7,1,69.8,3,4.1,1
S1422,Computer Science,3,74.2,20,413.0,81.3,1,52.6,0,2.8,0
S1423,Artificial Intelligence,4,98.1,19,270.0,83.1,2,81.9,0,4.5,0
S1424,Data Science,2,86.3,15,431.0,48.0,2,59.4,0,4.2,0
S1425,Data Science,2,75.1,19,464.0,100.0,2,94.7,3,2.3,0
S1426,Business Administration,7,96.6,16,180.0,30.3,1,80.9,1,4.2,0
S1427,Information Technology,4,82.3,19,47.0,88.4,1,66.8,1,4.2,1
S1428,Data Science,7,83.6,19,320.0,50.4,3,38.7,4,5.0,1
S1429,Artificial Intelligence,2,95.7,20,331.0,97.2,3,67.3,4,2.7,1
S1430,Business Administration,3,77.9,12,153.0,88.2,2,33.1,0,2.4,1
S1431,Business Administration,7,93.0,15,500.0,100.0,3,60.6,1,4.3,0
S1432,Artificial Intelligence,7,92.1,18,257.0,87.3,1,96.2,0,3.9,0
S1433,Information Technology,8,80.3,19,377.0,84.4,3,65.3,1,2.4,0
S1434,Artificial Intelligence,7,65.2,14,212.0,72.1,1,58.9,2,5.0,0
S1435,Information Technology,2,82.2,20,121.0,46.8,1,62.1,0,3.2,1
S1436,Artificial Intelligence,3,95.6,16,440.0,100.0,2,74.2,3,3.2,0
S1437,Artificial Intelligence,4,91.8,18,189.0,69.3,1,69.6,0,4.1,0
S1438,Computer Science,1,100.0,18,394.0,84.1,2,99.4,3,5.0,0
S1439,Business Administration,4,76.1,21,201.0,63.2,3,74.9,0,3.1,1
S1440,Artificial Intelligence,3,91.4,16,274.0,58.7,0,71.0,2,4.0,0
S1441,Artificial Intelligence,5,69.9,19,281.0,79.1,1,66.4,1,2.7,1
S1442,Data Science,7,84.4,18,297.0,85.5,1,66.2,1,3.5,0
S1443,Business Administration,4,95.3,16,223.0,100.0,1,92.6,1,4.9,0
S1444,Data Science,5,92.9,15,386.0,96.1,3,78.7,0,4.7,0
S1445,Business Administration,5,83.2,16,413.0,83.1,1,48.6,0,3.1,0
S1446,Data Science,3,78.8,16,447.0,76.9,1,79.3,0,4.2,0
S1447,Artificial Intelligence,3,70.1,21,246.0,84.2,0,83.1,1,3.6,0
S1448,Artificial Intelligence,8,79.3,25,166.0,73.3,1,98.7,1,3.4,1
S1449,Computer Science,7,66.3,9,326.0,82.7,0,69.0,0,2.1,0
S1450,Data Science,1,77.9,12,344.0,63.7,0,64.2,1,3.2,0
S1451,Information Technology,6,60.3,20,345.0,68.0,3,85.3,2,2.7,1
S1452,Computer Science,2,66.2,20,484.0,77.1,2,65.6,2,3.7,0
S1453,Data Science,4,92.2,21,313.0,83.8,1,77.2,0,2.9,0
S1454,Data Science,3,90.9,20,552.0,75.9,0,98.5,1,1.7,0
S1455,Computer Science,4,78.5,27,406.0,81.5,3,72.5,1,3.8,0
S1456,Artificial Intelligence,6,82.8,21,409.0,61.6,2,78.9,3,4.0,0
S1457,Data Science,6,84.4,19,311.0,56.4,1,64.8,2,2.9,1
S1458,Artificial Intelligence,7,87.5,29,263.0,77.1,1,43.3,0,1.6,1
S1459,Computer Science,5,86.2,10,227.0,47.6,1,82.9,1,3.2,1
S1460,Artificial Intelligence,7,66.0,17,322.0,93.5,1,76.0,3,2.8,1
S1461,Business Administration,2,52.7,15,405.0,53.3,0,82.8,1,2.4,0
S1462,Information Technology,1,69.8,8,276.0,71.0,1,53.8,3,3.4,1
S1463,Data Science,4,80.1,15,256.0,87.1,2,55.2,3,3.2,1
S1464,Information Technology,2,93.5,20,176.0,94.5,1,74.6,1,2.9,1
S1465,Artificial Intelligence,8,84.8,23,361.0,89.6,0,68.1,2,3.8,0
S1466,Data Science,1,88.4,27,172.0,86.7,2,49.9,1,3.6,1
S1467,Artificial Intelligence,4,71.2,18,348.0,100.0,2,52.5,1,3.2,0
S1468,Business Administration,2,81.2,21,334.0,59.0,2,64.2,0,3.7,0
S1469,Computer Science,3,82.8,26,283.0,83.6,1,60.5,3,3.4,0
S1470,Data Science,4,72.9,15,445.0,89.4,2,50.6,1,2.8,0
S1471,Business Administration,2,69.2,22,491.0,84.4,2,55.4,0,3.6,0
S1472,Business Administration,6,79.3,17,47.0,69.6,3,67.0,1,4.0,1
S1473,Data Science,1,89.9,10,122.0,87.8,3,69.2,0,3.3,1
S1474,Artificial Intelligence,2,71.1,18,370.0,86.6,0,51.0,1,5.0,0
S1475,Business Administration,3,79.5,18,503.0,100.0,1,80.4,1,3.5,0
S1476,Information Technology,7,98.3,17,137.0,86.5,1,75.2,2,3.8,1
S1477,Business Administration,4,75.8,16,351.0,43.8,5,70.1,1,3.7,0
S1478,Artificial Intelligence,8,82.1,21,91.0,92.2,1,84.7,1,4.0,1
S1479,Artificial Intelligence,4,80.7,19,78.0,70.8,0,77.3,0,4.0,1
S1480,Information Technology,4,79.7,22,548.0,74.6,2,43.1,2,3.0,0
S1481,Business Administration,3,100.0,16,347.0,57.4,3,46.1,1,3.7,0
S1482,Artificial Intelligence,1,85.7,25,115.0,80.5,1,80.6,2,3.3,1
S1483,Data Science,4,63.2,18,274.0,100.0,1,53.1,0,3.0,0
S1484,Computer Science,1,100.0,24,206.0,97.2,0,75.6,1,3.4,0
S1485,Computer Science,2,85.3,17,249.0,56.7,1,74.0,0,3.3,0
S1486,Computer Science,6,77.5,26,262.0,74.4,4,65.2,0,4.5,1
S1487,Business Administration,8,98.2,26,325.0,96.2,1,50.1,1,2.8,0
S1488,Information Technology,6,72.7,12,354.0,74.8,0,68.5,0,3.7,0
S1489,Artificial Intelligence,1,100.0,16,218.0,41.2,0,50.9,0,3.7,0
S1490,Data Science,1,83.1,17,212.0,68.2,2,78.7,1,3.3,1
S1491,Data Science,6,94.1,20,349.0,100.0,2,89.9,1,4.4,0
S1492,Business Administration,4,100.0,16,222.0,100.0,2,62.8,1,3.9,1
S1493,Computer Science,5,84.2,26,221.0,74.8,1,71.5,0,2.2,1
S1494,Business Administration,5,80.8,19,313.0,73.1,0,84.7,0,4.7,0
S1495,Information Technology,3,69.2,15,304.0,36.7,0,63.7,1,5.0,0
S1496,Information Technology,8,80.6,19,247.0,76.3,1,58.3,2,5.0,0
S1497,Artificial Intelligence,7,69.6,24,426.0,67.7,3,77.2,0,3.9,0
S1498,Artificial Intelligence,6,79.8,16,359.0,43.9,1,46.2,0,2.6,0
S1499,Information Technology,6,100.0,12,542.0,60.8,0,43.2,1,3.6,0
S1500,Information Technology,3,83.4,13,270.0,54.4,7,42.8,0,2.5,1
S1501,Information Technology,8,75.4,16,385.0,79.0,1,64.6,3,4.3,0
S1502,Business Administration,5,79.5,20,475.0,100.0,2,69.1,0,4.0,0
S1503,Information Technology,2,77.1,13,193.0,75.3,3,58.7,1,5.0,0
S1504,Data Science,4,94.6,22,257.0,82.7,2,51.1,0,4.2,0
S1505,Computer Science,4,80.9,16,447.0,100.0,0,72.5,1,2.8,0
S1506,Information Technology,2,100.0,21,381.0,43.7,2,55.6,0,4.6,0
S1507,Computer Science,2,78.2,21,297.0,81.5,0,76.1,0,3.4,0
S1508,Business Administration,8,79.0,14,134.0,98.6,0,87.4,1,3.4,1
S1509,Computer Science,5,71.2,20,144.0,83.6,2,87.3,0,3.8,0
S1510,Business Administration,3,77.4,23,246.0,48.7,1,74.1,0,3.1,1
S1511,Data Science,2,61.2,17,204.0,100.0,0,71.3,0,3.0,0
S1512,Business Administration,3,56.4,21,206.0,93.1,2,62.5,0,5.0,0
S1513,Business Administration,8,89.5,16,80.0,82.8,1,72.4,2,4.5,1
S1514,Artificial Intelligence,7,61.1,17,137.0,53.1,0,79.8,1,4.0,1
S1515,Information Technology,1,86.9,16,194.0,100.0,3,84.1,0,3.6,0
S1516,Information Technology,4,76.0,13,314.0,88.6,0,88.7,0,2.4,0
S1517,Data Science,5,93.3,21,259.0,86.0,0,62.3,2,4.3,0
S1518,Data Science,4,61.3,16,307.0,88.5,3,85.8,1,3.1,1
S1519,Information Technology,5,89.2,20,302.0,95.2,1,61.5,0,3.3,0
S1520,Artificial Intelligence,8,86.0,28,96.0,80.1,1,78.1,1,4.2,0
S1521,Information Technology,1,86.4,21,428.0,75.9,0,66.5,0,2.2,0
S1522,Artificial Intelligence,4,95.5,15,388.0,37.6,1,54.2,0,3.4,0
S1523,Data Science,1,82.8,19,305.0,63.9,1,93.8,2,3.7,1
S1524,Computer Science,8,52.6,20,236.0,100.0,0,86.1,0,4.1,0
S1525,Data Science,5,87.4,21,463.0,63.1,3,47.1,1,3.1,0
S1526,Data Science,2,85.8,22,178.0,72.7,4,72.6,2,2.3,1
S1527,Business Administration,7,79.1,16,417.0,57.2,1,63.1,0,3.7,0
S1528,Business Administration,4,71.9,20,196.0,87.2,2,74.2,1,2.8,1
S1529,Business Administration,1,77.7,22,458.0,73.4,1,76.2,1,3.9,0
S1530,Business Administration,6,99.5,15,356.0,72.8,2,80.5,3,4.4,0
S1531,Artificial Intelligence,4,71.0,18,407.0,63.6,2,53.0,3,3.7,1
S1532,Information Technology,4,61.1,17,325.0,85.5,1,40.1,1,2.5,1
S1533,Computer Science,4,64.4,16,354.0,100.0,3,79.9,0,3.7,0
S1534,Data Science,3,81.6,16,304.0,47.5,1,51.8,1,3.7,0
S1535,Artificial Intelligence,1,100.0,18,178.0,72.5,1,62.6,0,2.9,1
S1536,Computer Science,1,100.0,22,431.0,75.1,0,67.5,1,4.6,0
S1537,Artificial Intelligence,4,89.8,19,268.0,64.3,1,64.8,0,3.7,0
S1538,Artificial Intelligence,8,70.2,15,312.0,98.8,3,79.6,1,3.7,0
S1539,Data Science,8,71.5,12,110.0,99.0,0,45.0,1,3.5,1
S1540,Information Technology,2,92.5,16,279.0,82.1,2,52.3,0,4.9,0
S1541,Business Administration,4,98.0,11,348.0,65.8,2,59.6,0,4.7,0
S1542,Information Technology,3,74.3,19,507.0,98.7,1,63.9,0,3.2,0
S1543,Data Science,5,99.1,19,292.0,72.7,3,46.3,1,4.3,1
S1544,Data Science,3,79.2,16,259.0,95.6,2,77.4,1,3.5,0
S1545,Data Science,8,90.6,12,221.0,100.0,2,48.4,1,4.1,0
S1546,Computer Science,2,95.7,24,224.0,78.0,4,49.7,1,2.9,1
S1547,Information Technology,8,64.2,15,514.0,80.8,3,80.2,0,3.3,0
S1548,Information Technology,8,87.4,30,172.0,65.4,0,62.9,1,2.2,1
S1549,Artificial Intelligence,8,99.1,22,250.0,96.3,1,84.3,0,3.5,0
S1550,Artificial Intelligence,4,75.3,16,471.0,81.8,1,20.6,0,2.8,0
S1551,Artificial Intelligence,8,69.3,13,438.0,55.4,2,57.7,1,2.4,0
S1552,Data Science,1,87.9,13,578.0,65.2,3,83.3,0,3.6,0
S1553,Information Technology,7,83.6,14,429.0,100.0,0,57.8,1,2.6,0
S1554,Data Science,6,78.1,23,329.0,73.6,2,76.3,2,3.0,0
S1555,Computer Science,4,82.0,19,374.0,58.3,0,56.7,2,5.0,0
S1556,Artificial Intelligence,2,62.0,21,179.0,81.4,2,74.6,1,2.7,1
S1557,Data Science,1,86.9,18,288.0,68.4,1,63.2,2,3.3,1
S1558,Data Science,3,100.0,21,184.0,74.7,1,97.0,1,2.7,1
S1559,Computer Science,8,73.4,16,472.0,87.7,1,70.3,2,4.6,0
S1560,Business Administration,5,72.1,19,124.0,84.1,0,58.2,0,3.7,1
S1561,Information Technology,5,84.1,18,271.0,78.6,2,53.2,0,4.4,0
S1562,Business Administration,7,100.0,23,174.0,67.0,2,77.5,3,3.8,1
S1563,Artificial Intelligence,4,95.2,19,421.0,45.9,1,84.6,2,3.7,0
S1564,Data Science,3,80.9,16,320.0,100.0,0,54.7,2,4.0,0
S1565,Computer Science,7,82.5,22,296.0,100.0,1,87.5,0,2.1,0
S1566,Computer Science,6,96.4,20,158.0,78.4,1,79.1,2,2.6,1
S1567,Information Technology,6,71.1,19,471.0,93.0,2,69.0,4,3.9,0
S1568,Business Administration,7,89.3,30,189.0,77.4,0,66.8,1,3.8,0
S1569,Information Technology,2,68.6,13,251.0,64.1,0,90.3,2,2.6,1
S1570,Data Science,5,93.1,19,299.0,79.3,3,73.7,0,3.6,0
S1571,Information Technology,3,78.5,25,364.0,80.5,2,70.6,1,3.3,0
S1572,Computer Science,4,84.4,23,265.0,100.0,1,57.8,1,4.3,0
S1573,Computer Science,8,77.7,15,472.0,79.7,1,67.2,2,3.7,0
S1574,Artificial Intelligence,1,90.4,15,307.0,100.0,2,97.5,2,3.8,0
S1575,Artificial Intelligence,4,79.9,27,500.0,75.1,2,66.4,2,2.9,0
S1576,Data Science,4,100.0,20,190.0,67.8,2,91.2,2,3.2,0
S1577,Business Administration,3,99.0,21,363.0,100.0,3,34.4,0,2.8,0
S1578,Information Technology,5,66.3,20,211.0,100.0,0,60.2,3,3.5,1
S1579,Data Science,3,84.3,23,281.0,79.4,5,79.8,1,3.5,1
S1580,Artificial Intelligence,1,90.8,15,140.0,84.2,1,77.2,2,4.1,1
S1581,Information Technology,7,76.5,16,465.0,83.1,1,53.2,1,4.5,0
S1582,Artificial Intelligence,3,96.5,25,465.0,81.8,2,90.7,1,3.5,0
S1583,Information Technology,2,95.1,23,447.0,71.3,1,100.0,0,1.7,0
S1584,Business Administration,4,81.0,16,415.0,100.0,1,97.5,0,4.6,0
S1585,Data Science,5,93.8,18,630.0,70.8,1,87.9,0,4.0,0
S1586,Information Technology,8,53.1,18,325.0,88.0,1,52.1,1,2.8,0
S1587,Computer Science,6,98.3,15,502.0,81.4,1,77.7,0,5.0,0
S1588,Computer Science,1,92.6,19,299.0,32.7,2,69.6,4,3.6,1
S1589,Information Technology,6,68.9,25,373.0,80.1,3,78.0,2,3.0,1
S1590,Information Technology,4,85.0,20,399.0,72.9,2,49.0,0,3.2,0
S1591,Information Technology,3,57.7,21,82.0,68.0,1,75.4,2,4.3,1
S1592,Computer Science,6,72.8,19,286.0,59.3,2,62.0,1,3.0,1
S1593,Computer Science,2,95.1,19,273.0,100.0,0,62.7,0,2.3,0
S1594,Information Technology,3,81.8,20,297.0,58.0,1,68.1,3,4.5,0
S1595,Artificial Intelligence,4,81.2,23,214.0,74.6,0,45.0,0,3.5,0
S1596,Artificial Intelligence,6,82.5,24,320.0,68.6,3,86.0,5,3.1,1
S1597,Business Administration,8,81.1,13,343.0,59.0,0,77.5,1,4.2,0
S1598,Data Science,7,93.8,13,179.0,91.8,1,68.0,0,3.6,0
S1599,Artificial Intelligence,1,74.6,23,305.0,86.0,0,47.5,4,3.2,1
S1600,Computer Science,6,87.0,12,270.0,69.0,3,49.5,1,3.3,0
S1601,Artificial Intelligence,8,68.3,18,445.0,61.4,2,82.6,0,3.8,0
S1602,Business Administration,7,90.9,12,369.0,87.4,2,58.4,0,4.4,0
S1603,Business Administration,7,78.1,22,208.0,85.8,1,54.4,4,3.9,1
S1604,Data Science,6,81.5,16,417.0,75.4,2,45.6,3,4.9,0
S1605,Artificial Intelligence,5,77.7,12,294.0,100.0,3,68.6,0,2.4,1
S1606,Computer Science,6,79.2,20,308.0,100.0,3,55.0,0,2.8,0
S1607,Computer Science,4,69.9,18,189.0,68.8,0,58.4,0,2.1,1
S1608,Information Technology,7,86.0,18,324.0,100.0,1,82.5,1,3.2,0
S1609,Computer Science,1,88.7,22,413.0,73.0,3,67.9,1,4.8,0
S1610,Data Science,4,66.0,19,271.0,73.3,1,45.3,4,4.0,1
S1611,Data Science,2,74.8,24,490.0,90.8,2,60.8,1,4.1,0
S1612,Computer Science,3,82.4,19,408.0,84.3,1,72.2,0,3.8,0
S1613,Computer Science,6,74.8,14,200.0,78.6,0,74.0,1,3.0,0
S1614,Information Technology,5,79.3,17,331.0,43.5,0,95.0,0,4.7,0
S1615,Computer Science,1,100.0,20,135.0,49.3,2,77.9,1,3.1,1
S1616,Information Technology,5,69.8,20,184.0,54.9,0,70.8,0,3.4,1
S1617,Information Technology,5,54.3,21,91.0,78.2,2,83.8,1,5.0,1
S1618,Computer Science,5,74.8,13,107.0,68.7,1,79.6,0,3.9,1
S1619,Business Administration,6,78.1,10,264.0,71.2,3,23.5,1,4.2,1
S1620,Business Administration,1,76.1,18,277.0,72.7,3,57.3,0,3.1,0
S1621,Information Technology,1,85.2,28,327.0,95.6,0,65.9,1,2.4,0
S1622,Computer Science,7,69.7,21,192.0,91.9,1,44.3,1,2.4,1
S1623,Business Administration,5,67.9,14,400.0,70.5,4,54.4,0,3.0,0
S1624,Computer Science,7,73.9,30,274.0,72.5,1,80.9,1,3.3,0
S1625,Computer Science,7,74.2,18,337.0,62.5,0,61.8,1,3.5,0
S1626,Computer Science,3,100.0,16,0.0,71.9,2,75.4,0,3.7,1
S1627,Artificial Intelligence,6,100.0,17,300.0,100.0,4,71.8,1,3.6,0
S1628,Computer Science,6,62.0,15,394.0,94.5,3,84.2,0,4.0,0
S1629,Artificial Intelligence,4,58.8,18,27.0,84.9,1,63.7,1,3.7,1
S1630,Information Technology,8,81.0,14,304.0,58.7,1,85.6,0,4.3,0
S1631,Business Administration,7,100.0,21,205.0,77.0,2,85.7,0,3.8,0
S1632,Business Administration,6,90.0,18,485.0,71.1,2,52.0,4,3.6,0
S1633,Business Administration,5,81.6,15,146.0,75.2,0,74.8,1,3.0,1
S1634,Business Administration,8,76.5,12,559.0,92.2,1,66.0,1,3.9,0
S1635,Business Administration,2,94.9,13,455.0,97.4,2,61.0,2,2.5,0
S1636,Business Administration,5,84.1,14,314.0,100.0,1,91.9,1,4.5,0
S1637,Business Administration,1,100.0,21,128.0,61.8,1,71.3,1,4.3,1
S1638,Information Technology,6,61.7,20,245.0,100.0,1,49.0,0,3.3,0
S1639,Computer Science,8,87.1,16,382.0,75.5,0,74.2,0,3.2,0
S1640,Data Science,6,75.2,20,313.0,65.1,3,69.3,0,4.3,0
S1641,Artificial Intelligence,4,87.0,14,168.0,100.0,0,55.1,2,3.5,1
S1642,Data Science,7,85.0,16,433.0,100.0,2,80.8,0,4.2,0
S1643,Data Science,2,88.1,15,288.0,72.9,3,75.9,0,4.3,0
S1644,Computer Science,6,93.7,17,334.0,65.0,1,44.4,1,2.9,0
S1645,Computer Science,4,98.7,26,419.0,46.3,1,73.4,2,2.3,0
S1646,Computer Science,4,100.0,17,406.0,100.0,2,57.5,2,3.4,0
S1647,Business Administration,2,82.2,14,430.0,41.2,1,70.0,1,4.2,0
S1648,Information Technology,5,75.5,15,384.0,75.4,0,56.3,1,3.5,0
S1649,Business Administration,5,67.3,22,220.0,61.9,5,75.1,0,4.3,1
S1650,Information Technology,5,87.2,17,295.0,100.0,2,77.8,3,2.6,1
S1651,Information Technology,3,92.0,15,462.0,100.0,3,60.9,3,2.0,1
S1652,Data Science,7,65.8,16,138.0,47.3,0,59.2,0,3.6,1
S1653,Data Science,8,95.7,9,165.0,79.5,2,65.2,2,2.7,1
S1654,Information Technology,7,80.8,15,365.0,82.9,0,73.3,2,3.1,0
S1655,Information Technology,5,66.9,17,289.0,72.8,2,61.3,0,3.4,0
S1656,Business Administration,2,71.8,14,99.0,66.5,0,66.2,2,4.3,1
S1657,Business Administration,3,70.7,10,384.0,100.0,1,45.4,1,4.1,0
S1658,Data Science,7,70.9,16,354.0,68.6,0,70.4,3,3.1,0
S1659,Computer Science,5,88.8,12,616.0,100.0,2,58.3,0,4.4,0
S1660,Information Technology,3,92.4,23,323.0,66.1,2,71.9,0,5.0,0
S1661,Business Administration,8,100.0,19,554.0,91.9,0,74.8,0,3.5,0
S1662,Data Science,2,73.6,12,418.0,93.0,0,80.4,1,4.5,0
S1663,Business Administration,5,86.1,12,74.0,66.1,1,66.0,1,5.0,1
S1664,Information Technology,8,74.2,20,304.0,46.0,3,58.7,4,4.1,1
S1665,Information Technology,1,82.2,22,292.0,62.5,1,90.0,1,3.3,0
S1666,Artificial Intelligence,8,64.2,15,289.0,56.8,0,83.7,1,3.9,0
S1667,Computer Science,6,68.5,18,196.0,92.8,2,66.1,0,2.8,1
S1668,Artificial Intelligence,2,91.6,16,396.0,71.2,3,83.6,1,3.0,0
S1669,Data Science,8,64.2,18,259.0,100.0,1,77.5,0,3.2,0
S1670,Business Administration,8,89.4,22,441.0,88.3,0,93.4,0,3.5,0
S1671,Data Science,4,73.9,22,423.0,74.5,0,78.4,1,3.7,0
S1672,Information Technology,4,58.9,15,271.0,79.5,3,73.3,1,2.7,1
S1673,Artificial Intelligence,8,51.5,25,227.0,54.1,3,62.3,2,4.8,1
S1674,Artificial Intelligence,8,99.6,20,233.0,74.5,1,72.4,1,3.4,0
S1675,Artificial Intelligence,2,59.1,15,303.0,80.6,3,55.8,0,3.2,1
S1676,Data Science,4,81.2,17,339.0,71.1,1,82.6,2,4.8,0
S1677,Information Technology,7,86.2,16,246.0,67.9,1,56.9,3,4.2,1
S1678,Business Administration,2,66.2,14,250.0,96.1,2,77.2,2,3.8,1
S1679,Business Administration,1,75.4,13,334.0,61.0,3,65.8,1,3.8,0
S1680,Data Science,2,87.7,19,424.0,88.5,2,78.8,1,3.6,0
S1681,Artificial Intelligence,5,85.5,16,329.0,97.8,0,80.3,1,3.5,0
S1682,Computer Science,5,76.5,12,297.0,86.9,2,76.3,2,3.7,0
S1683,Data Science,3,84.8,15,328.0,56.3,2,67.2,0,4.2,0
S1684,Data Science,4,80.8,16,84.0,80.1,1,77.2,4,3.0,1
S1685,Information Technology,8,70.4,24,272.0,94.1,3,51.0,0,3.9,0
S1686,Business Administration,6,96.4,13,149.0,72.8,3,89.4,0,3.0,1
S1687,Data Science,4,84.5,25,235.0,62.6,2,82.7,1,4.7,0
S1688,Data Science,7,59.9,27,190.0,62.0,3,51.0,1,3.3,1
S1689,Artificial Intelligence,2,88.3,20,189.0,83.8,4,89.6,1,3.2,1
S1690,Artificial Intelligence,6,74.6,17,182.0,72.0,0,39.4,1,2.0,1
S1691,Computer Science,6,78.5,24,579.0,66.9,2,77.5,0,3.1,0
S1692,Information Technology,8,82.1,17,293.0,40.2,0,54.6,4,4.3,1
S1693,Computer Science,8,72.5,19,445.0,100.0,1,68.6,0,4.7,0
S1694,Artificial Intelligence,4,100.0,12,391.0,72.3,3,75.3,0,2.0,0
S1695,Business Administration,6,64.1,18,383.0,92.7,0,85.5,0,2.6,0
S1696,Artificial Intelligence,6,82.7,16,365.0,100.0,0,69.0,2,3.9,0
S1697,Information Technology,5,86.6,22,550.0,100.0,1,63.1,2,3.2,0
S1698,Artificial Intelligence,1,82.5,20,351.0,90.3,2,51.9,1,5.0,0
S1699,Information Technology,8,79.7,25,86.0,84.0,0,70.7,1,4.0,0
S1700,Information Technology,2,77.5,20,279.0,50.1,1,48.8,0,4.4,0
S1701,Information Technology,4,72.4,11,174.0,41.5,3,79.2,2,4.4,1
S1702,Information Technology,8,72.1,19,132.0,35.0,0,71.2,0,3.5,1
S1703,Information Technology,5,95.9,9,352.0,75.0,0,74.9,1,2.9,0
S1704,Business Administration,7,76.7,23,51.0,60.0,0,83.6,1,5.0,0
S1705,Computer Science,8,100.0,14,313.0,69.3,1,77.0,0,3.0,0
S1706,Data Science,7,90.0,23,102.0,100.0,2,87.2,0,3.0,0
S1707,Computer Science,3,50.0,16,279.0,87.3,1,59.2,2,3.7,1
S1708,Information Technology,6,92.6,20,393.0,77.8,2,69.4,0,3.2,0
S1709,Business Administration,6,81.4,20,222.0,81.5,0,54.5,0,2.8,0
S1710,Artificial Intelligence,4,65.3,16,158.0,65.5,1,48.2,1,3.7,1
S1711,Business Administration,1,97.7,21,259.0,69.4,1,59.4,1,3.7,0
S1712,Information Technology,1,76.8,19,374.0,53.1,0,67.1,1,3.7,0
S1713,Business Administration,4,75.7,11,336.0,92.0,2,77.1,0,2.4,0
S1714,Business Administration,4,86.5,15,291.0,100.0,2,66.9,1,2.4,1
S1715,Information Technology,5,95.7,22,200.0,100.0,2,77.9,0,3.5,0
S1716,Business Administration,7,83.4,12,251.0,78.4,2,99.0,1,4.5,0
S1717,Data Science,4,82.5,15,383.0,95.2,4,52.8,2,4.3,0
S1718,Data Science,7,73.6,14,284.0,87.8,2,76.3,1,3.5,0
S1719,Business Administration,8,95.5,17,329.0,81.1,1,55.1,3,2.6,1
S1720,Artificial Intelligence,8,83.5,15,257.0,84.3,0,82.1,0,4.3,0
S1721,Information Technology,3,79.3,21,164.0,54.3,2,78.5,3,5.0,1
S1722,Data Science,7,77.8,22,540.0,69.4,1,44.5,0,4.2,0
S1723,Artificial Intelligence,5,94.3,12,394.0,65.7,2,59.5,3,4.9,0
S1724,Business Administration,8,78.9,17,333.0,50.8,4,100.0,1,4.2,0
S1725,Artificial Intelligence,6,94.4,20,280.0,88.4,2,46.8,2,4.8,1
S1726,Computer Science,6,76.3,18,471.0,90.6,1,48.3,1,3.8,0
S1727,Data Science,8,90.7,22,204.0,32.4,1,77.0,0,2.4,1
S1728,Business Administration,8,84.5,13,380.0,77.7,1,67.8,2,3.6,0
S1729,Information Technology,8,70.6,13,305.0,71.9,2,48.3,1,4.0,1
S1730,Business Administration,7,81.0,11,268.0,66.8,1,79.0,1,2.6,1
S1731,Information Technology,6,55.7,16,267.0,48.3,3,81.1,0,1.7,1
S1732,Business Administration,6,73.1,20,457.0,79.1,1,43.4,0,3.6,0
S1733,Artificial Intelligence,2,63.1,22,75.0,78.3,2,99.4,0,3.7,1
S1734,Artificial Intelligence,8,100.0,25,500.0,71.2,3,83.1,1,3.5,0
S1735,Artificial Intelligence,3,63.2,32,423.0,92.6,0,73.0,1,4.7,0
S1736,Computer Science,8,100.0,9,304.0,91.8,3,55.1,2,4.3,0
S1737,Information Technology,5,88.2,22,272.0,44.5,3,58.0,0,4.5,0
S1738,Artificial Intelligence,5,75.8,10,299.0,91.7,4,52.1,2,4.4,1
S1739,Computer Science,6,91.7,8,358.0,60.8,1,46.2,2,3.2,0
S1740,Information Technology,8,74.3,15,448.0,73.1,0,71.5,0,3.3,0
S1741,Business Administration,1,65.1,33,358.0,100.0,2,65.1,0,2.9,0
S1742,Computer Science,5,82.9,13,333.0,77.2,1,81.8,2,4.1,0
S1743,Data Science,8,90.4,23,303.0,96.5,1,76.7,1,2.1,0
S1744,Computer Science,3,97.3,16,79.0,73.4,2,75.4,1,3.3,1
S1745,Computer Science,4,88.0,15,101.0,94.9,0,69.2,2,3.3,1
S1746,Information Technology,8,75.6,16,432.0,77.0,1,55.7,1,3.2,0
S1747,Business Administration,3,98.6,25,357.0,73.2,4,78.4,1,3.6,0
S1748,Data Science,6,96.0,17,399.0,80.2,3,71.9,2,2.8,0
S1749,Artificial Intelligence,6,85.2,12,397.0,57.9,2,65.9,1,4.4,0
S1750,Artificial Intelligence,2,96.5,19,374.0,68.7,0,61.8,1,4.3,0
S1751,Computer Science,7,100.0,14,404.0,89.0,2,65.2,1,4.2,0
S1752,Information Technology,5,75.5,20,197.0,93.1,2,53.1,2,4.2,1
S1753,Information Technology,7,71.2,25,368.0,61.6,2,87.2,2,5.0,0
S1754,Artificial Intelligence,8,75.1,20,354.0,100.0,0,42.3,1,3.7,0
S1755,Data Science,7,65.8,14,459.0,100.0,2,70.4,2,3.5,0
S1756,Business Administration,5,89.1,14,0.0,61.4,1,68.9,1,5.0,1
S1757,Data Science,5,62.7,17,587.0,69.8,0,74.4,1,3.2,0
S1758,Business Administration,8,97.2,13,402.0,77.5,4,60.8,1,3.0,0
S1759,Artificial Intelligence,6,73.9,14,331.0,99.9,0,71.3,0,4.1,0
S1760,Business Administration,5,98.3,11,186.0,88.3,3,85.5,1,3.6,1
S1761,Information Technology,1,51.3,13,265.0,72.5,2,58.9,0,5.0,0
S1762,Computer Science,1,77.4,17,342.0,55.3,1,85.5,2,3.8,0
S1763,Computer Science,4,66.5,13,500.0,42.8,3,66.4,1,3.2,0
S1764,Artificial Intelligence,5,98.2,16,483.0,83.1,0,75.5,0,4.2,0
S1765,Information Technology,2,100.0,22,374.0,100.0,3,48.5,4,2.6,1
S1766,Data Science,4,53.9,15,388.0,78.1,2,83.5,1,3.1,0
S1767,Information Technology,6,92.4,13,324.0,85.5,0,99.5,1,4.2,0
S1768,Computer Science,5,94.8,15,178.0,81.8,1,53.8,2,2.7,1
S1769,Computer Science,1,85.9,18,206.0,48.5,2,64.6,1,3.2,1
S1770,Information Technology,2,89.1,27,416.0,100.0,1,84.6,3,4.3,0
S1771,Information Technology,8,88.2,17,385.0,63.8,1,52.3,1,4.5,0
S1772,Computer Science,4,92.4,15,226.0,63.6,0,80.4,0,4.2,0
S1773,Data Science,2,68.9,10,209.0,86.4,1,51.4,1,1.5,1
S1774,Artificial Intelligence,5,96.4,12,378.0,65.1,1,57.9,0,3.8,0
S1775,Artificial Intelligence,3,84.5,15,264.0,54.5,3,77.4,1,4.5,1
S1776,Information Technology,2,83.8,14,205.0,95.4,2,87.2,1,5.0,0
S1777,Artificial Intelligence,2,88.8,22,341.0,80.3,2,80.7,0,2.6,0
S1778,Computer Science,6,66.8,14,381.0,95.3,1,73.1,0,2.5,0
S1779,Computer Science,1,63.4,17,168.0,71.4,2,56.0,1,3.7,1
S1780,Information Technology,8,80.5,13,259.0,69.8,1,68.9,0,2.4,1
S1781,Information Technology,5,100.0,27,388.0,82.5,1,65.0,1,3.4,0
S1782,Information Technology,2,67.8,16,489.0,84.3,0,76.0,0,3.9,0
S1783,Data Science,5,84.1,16,335.0,66.4,0,68.5,0,4.3,0
S1784,Artificial Intelligence,1,73.4,19,239.0,64.3,2,60.7,3,3.9,1
S1785,Information Technology,6,71.8,17,200.0,94.3,3,78.6,0,4.3,0
S1786,Business Administration,5,88.0,22,300.0,84.0,2,64.4,0,4.2,0
S1787,Business Administration,7,91.1,12,295.0,82.9,3,57.9,3,3.7,1
S1788,Computer Science,1,72.5,17,41.0,42.4,0,68.2,0,3.8,1
S1789,Artificial Intelligence,1,98.6,16,96.0,82.6,0,56.6,1,4.8,1
S1790,Information Technology,8,87.1,19,26.0,84.7,1,57.3,3,4.1,1
S1791,Business Administration,4,79.1,14,302.0,72.2,5,85.8,1,4.2,1
S1792,Artificial Intelligence,6,86.2,24,426.0,88.2,1,49.8,1,3.7,0
S1793,Computer Science,6,100.0,22,409.0,65.5,3,91.7,0,2.5,0
S1794,Data Science,8,91.0,17,146.0,84.2,1,86.2,1,3.3,1
S1795,Artificial Intelligence,7,73.6,19,190.0,50.5,1,49.0,2,3.8,1
S1796,Artificial Intelligence,5,81.8,23,144.0,94.3,2,71.5,0,4.5,0
S1797,Data Science,3,83.6,20,311.0,64.1,1,73.1,0,4.8,0
S1798,Artificial Intelligence,7,90.0,15,411.0,85.8,2,70.0,2,3.3,0
S1799,Computer Science,4,84.9,19,437.0,100.0,2,66.2,0,4.4,0
S1800,Computer Science,6,100.0,7,218.0,95.8,6,62.1,0,2.8,1
S1801,Data Science,1,79.3,11,313.0,85.7,0,56.4,2,3.8,0
S1802,Information Technology,6,61.2,14,211.0,92.8,0,61.1,3,4.3,0
S1803,Business Administration,7,84.6,19,303.0,100.0,2,86.7,1,5.0,0
S1804,Information Technology,3,76.7,10,224.0,80.2,2,91.7,1,2.7,1
S1805,Artificial Intelligence,2,64.0,16,233.0,95.5,3,38.2,1,2.7,1
S1806,Business Administration,2,73.6,18,141.0,56.8,0,68.6,1,4.9,1
S1807,Data Science,8,77.7,18,0.0,65.0,0,69.0,2,4.8,1
S1808,Data Science,6,95.7,15,254.0,100.0,1,71.9,0,3.7,0
S1809,Business Administration,6,64.2,16,341.0,73.5,3,62.9,2,3.9,0
S1810,Computer Science,4,86.2,15,324.0,68.6,3,78.2,0,3.2,0
S1811,Business Administration,6,100.0,20,120.0,72.9,1,85.2,0,3.4,1
S1812,Artificial Intelligence,3,79.9,11,29.0,65.2,2,80.3,1,2.1,1
S1813,Computer Science,6,79.5,19,290.0,74.9,1,33.2,1,3.5,1
S1814,Data Science,5,90.6,19,161.0,59.1,0,67.5,0,3.6,0
S1815,Business Administration,7,88.3,17,246.0,67.8,1,62.2,0,5.0,0
S1816,Information Technology,8,99.0,28,160.0,79.4,2,62.7,1,4.7,0
S1817,Information Technology,3,80.0,17,113.0,100.0,3,70.7,2,3.9,1
S1818,Artificial Intelligence,4,90.4,17,440.0,77.2,2,46.4,0,2.7,0
S1819,Information Technology,5,90.6,15,355.0,46.9,0,97.5,0,3.1,0
S1820,Business Administration,5,78.0,16,297.0,96.1,1,100.0,1,3.3,0
S1821,Business Administration,7,80.6,18,407.0,92.5,2,76.3,1,4.3,0
S1822,Information Technology,2,81.9,16,302.0,63.7,3,63.0,1,2.2,1
S1823,Business Administration,3,67.1,25,255.0,92.2,3,83.2,1,3.3,0
S1824,Artificial Intelligence,7,77.3,23,499.0,75.6,2,59.6,1,3.5,0
S1825,Computer Science,5,100.0,10,507.0,100.0,1,89.0,0,2.3,0
S1826,Artificial Intelligence,4,94.5,19,179.0,100.0,1,99.6,2,4.3,0
S1827,Artificial Intelligence,7,75.0,17,333.0,85.2,0,67.6,1,1.7,0
S1828,Business Administration,2,81.8,15,317.0,91.8,1,80.1,1,3.3,0
S1829,Computer Science,5,93.7,23,404.0,100.0,0,86.0,0,3.5,0
S1830,Business Administration,7,87.3,23,173.0,95.3,3,62.4,1,4.6,0
S1831,Data Science,3,91.6,17,453.0,86.2,1,63.6,2,4.1,0
S1832,Business Administration,2,88.4,22,189.0,76.0,2,63.2,4,2.0,1
S1833,Business Administration,3,84.6,17,284.0,57.6,1,77.9,1,2.8,1
S1834,Business Administration,3,80.0,13,164.0,73.0,1,65.3,2,2.3,1
S1835,Computer Science,3,67.7,15,236.0,73.8,4,62.9,1,3.4,1
S1836,Business Administration,7,90.3,16,176.0,78.4,2,98.4,1,2.9,1
S1837,Computer Science,2,79.3,15,185.0,45.0,2,68.3,1,3.3,1
S1838,Information Technology,7,62.2,22,393.0,71.5,0,62.4,0,2.6,0
S1839,Data Science,7,75.5,19,295.0,73.3,0,88.4,1,2.9,0
S1840,Computer Science,7,92.2,18,539.0,52.9,1,62.1,0,4.1,0
S1841,Information Technology,5,59.0,15,274.0,85.3,0,74.4,2,4.1,0
S1842,Computer Science,6,69.6,26,206.0,94.7,1,68.8,0,2.7,1
S1843,Computer Science,1,83.6,26,237.0,77.9,0,70.2,1,1.6,1
S1844,Data Science,5,98.9,25,281.0,55.6,2,32.3,0,4.4,0
S1845,Artificial Intelligence,2,94.0,15,337.0,76.1,5,74.6,4,3.5,1
S1846,Artificial Intelligence,1,100.0,16,252.0,91.2,1,80.7,1,3.0,0
S1847,Computer Science,1,84.5,17,145.0,90.6,2,80.7,2,2.6,1
S1848,Business Administration,1,79.5,15,412.0,77.2,0,98.0,1,3.3,0
S1849,Information Technology,6,92.1,21,446.0,85.4,1,55.2,1,3.4,0
S1850,Business Administration,7,71.2,19,249.0,66.6,2,53.9,0,4.1,0
S1851,Business Administration,8,70.3,24,478.0,91.4,4,80.1,0,5.0,0
S1852,Computer Science,4,68.1,25,239.0,70.6,3,57.5,1,3.0,1
S1853,Computer Science,2,95.1,15,425.0,64.2,0,89.6,1,4.5,0
S1854,Computer Science,8,72.0,18,186.0,95.1,2,78.6,0,3.1,1
S1855,Computer Science,6,94.0,20,585.0,80.4,2,77.9,0,3.1,0
S1856,Artificial Intelligence,6,83.8,20,89.0,79.5,1,71.4,1,2.0,1
S1857,Computer Science,4,95.2,20,168.0,87.6,0,66.1,3,2.2,1
S1858,Artificial Intelligence,1,68.7,12,564.0,76.8,2,79.0,2,2.0,0
S1859,Artificial Intelligence,7,74.5,14,95.0,61.2,0,80.5,0,4.5,0
S1860,Computer Science,4,87.4,13,270.0,74.0,3,76.2,0,3.9,0
S1861,Data Science,8,76.8,13,237.0,51.2,5,66.5,0,4.8,1
S1862,Information Technology,8,52.1,12,304.0,99.1,0,42.6,0,2.4,0
S1863,Business Administration,4,65.5,17,331.0,58.0,0,62.4,0,3.3,0
S1864,Artificial Intelligence,6,68.6,18,271.0,100.0,1,64.7,0,3.2,0
S1865,Information Technology,2,69.5,21,389.0,63.8,2,77.6,2,3.4,0
S1866,Data Science,3,90.2,22,469.0,89.1,1,94.2,1,2.4,0
S1867,Business Administration,7,86.0,12,230.0,100.0,0,48.0,1,4.2,1
S1868,Business Administration,8,83.9,15,86.0,82.7,2,61.1,0,2.6,1
S1869,Artificial Intelligence,8,100.0,23,219.0,72.2,0,58.9,1,3.1,0
S1870,Computer Science,4,96.1,25,336.0,78.6,0,55.2,1,4.6,0
S1871,Data Science,7,91.6,24,319.0,62.4,2,75.7,1,3.7,0
S1872,Artificial Intelligence,4,64.1,20,406.0,41.5,2,78.0,2,4.3,0
S1873,Data Science,1,82.7,19,524.0,88.7,2,67.2,1,3.4,0
S1874,Computer Science,7,85.6,20,325.0,41.5,3,78.7,4,4.3,1
S1875,Computer Science,1,77.0,12,251.0,53.4,2,100.0,0,3.9,0
S1876,Artificial Intelligence,8,100.0,11,213.0,79.0,1,77.1,1,1.8,1
S1877,Computer Science,6,82.6,14,278.0,66.1,3,39.5,3,2.3,1
S1878,Information Technology,1,67.3,19,402.0,86.8,3,75.0,2,2.7,0
S1879,Business Administration,7,70.0,14,228.0,100.0,4,75.5,0,3.4,1
S1880,Artificial Intelligence,5,100.0,26,372.0,73.4,2,55.9,2,2.7,1
S1881,Data Science,7,77.0,12,170.0,67.1,0,71.8,1,4.4,0
S1882,Information Technology,4,57.1,14,298.0,100.0,2,77.5,4,3.9,1
S1883,Artificial Intelligence,1,74.8,19,114.0,90.3,1,69.2,0,3.4,1
S1884,Computer Science,2,60.1,22,232.0,94.6,1,87.3,0,3.6,0
S1885,Computer Science,5,93.0,9,477.0,93.2,0,73.1,0,4.7,0
S1886,Computer Science,6,58.5,22,331.0,73.6,2,68.1,0,2.3,0
S1887,Computer Science,3,65.2,24,284.0,71.2,0,46.8,1,4.2,0
S1888,Data Science,4,82.0,22,332.0,60.9,3,46.5,0,3.8,0
S1889,Information Technology,4,95.3,15,362.0,91.1,3,51.3,1,5.0,0
S1890,Business Administration,2,81.2,22,339.0,84.9,3,78.4,1,4.4,0
S1891,Data Science,3,66.9,16,327.0,89.6,1,61.7,1,3.8,0
S1892,Data Science,8,84.2,17,180.0,44.3,1,52.4,2,3.4,1
S1893,Business Administration,3,76.4,19,123.0,94.8,0,66.3,1,4.1,0
S1894,Business Administration,6,95.6,22,387.0,69.7,1,66.9,1,2.8,0
S1895,Computer Science,6,92.3,15,143.0,40.2,0,56.3,0,2.1,1
S1896,Data Science,5,75.6,18,344.0,54.6,0,72.3,0,3.6,0
S1897,Artificial Intelligence,8,91.4,21,421.0,69.0,2,92.6,0,3.8,0
S1898,Business Administration,4,85.3,13,176.0,65.1,2,53.0,2,2.4,1
S1899,Business Administration,1,98.4,18,221.0,78.2,2,74.3,1,2.0,0
S1900,Information Technology,6,90.8,21,282.0,86.3,1,50.0,1,4.0,0
S1901,Artificial Intelligence,2,88.6,11,194.0,75.9,0,88.7,0,4.1,0
S1902,Artificial Intelligence,2,97.9,25,192.0,69.5,1,50.8,2,2.9,1
S1903,Business Administration,2,82.2,16,236.0,80.6,0,40.2,1,2.4,1
S1904,Computer Science,7,72.7,12,207.0,80.8,0,73.3,2,4.5,0
S1905,Information Technology,8,84.4,18,358.0,100.0,0,53.6,0,4.3,0
S1906,Artificial Intelligence,8,77.7,20,309.0,67.0,0,99.7,0,3.6,0
S1907,Business Administration,6,89.3,23,126.0,76.0,1,49.5,1,5.0,0
S1908,Artificial Intelligence,6,82.7,19,507.0,100.0,3,44.8,0,3.8,0
S1909,Information Technology,2,86.8,20,264.0,56.0,2,70.8,0,3.5,0
S1910,Information Technology,8,67.6,12,292.0,71.4,2,34.4,0,2.9,1
S1911,Data Science,8,88.1,21,237.0,61.5,1,45.1,0,3.3,1
S1912,Business Administration,6,66.6,19,299.0,55.4,0,52.8,1,2.4,1
S1913,Information Technology,7,93.5,16,191.0,82.1,2,51.9,2,2.9,1
S1914,Data Science,1,93.6,17,138.0,100.0,1,57.7,1,4.9,0
S1915,Data Science,1,86.2,22,260.0,100.0,5,57.8,1,3.7,1
S1916,Artificial Intelligence,5,85.7,13,472.0,77.2,2,54.2,0,4.0,0
S1917,Artificial Intelligence,8,79.3,15,368.0,87.1,0,81.1,0,2.1,0
S1918,Data Science,4,74.8,19,446.0,87.7,4,66.2,2,5.0,0
S1919,Artificial Intelligence,1,81.8,17,231.0,74.3,2,68.2,4,4.1,1
S1920,Information Technology,5,100.0,9,202.0,100.0,2,67.2,2,3.3,0
S1921,Computer Science,3,84.8,16,238.0,75.0,1,66.6,2,4.9,0
S1922,Information Technology,4,65.9,27,362.0,97.5,2,69.6,0,2.1,0
S1923,Data Science,8,61.5,17,422.0,71.6,3,75.7,1,5.0,0
S1924,Data Science,1,64.7,19,267.0,57.2,2,84.5,2,3.3,1
S1925,Information Technology,7,77.5,16,131.0,58.4,2,83.0,1,2.4,1
S1926,Artificial Intelligence,3,97.2,16,417.0,48.9,1,100.0,1,2.9,0
S1927,Artificial Intelligence,5,69.7,13,433.0,100.0,0,55.9,0,2.4,0
S1928,Data Science,1,99.1,19,361.0,100.0,1,57.7,0,4.3,0
S1929,Business Administration,8,84.2,17,471.0,65.1,1,79.7,0,3.2,0
S1930,Artificial Intelligence,1,87.8,16,70.0,58.8,2,54.5,0,1.7,1
S1931,Information Technology,6,87.5,16,189.0,64.0,2,68.5,2,2.2,1
S1932,Artificial Intelligence,3,89.1,25,302.0,81.2,2,100.0,2,2.1,0
S1933,Information Technology,1,77.1,27,173.0,61.2,2,94.7,1,4.3,1
S1934,Data Science,2,54.0,21,410.0,87.9,0,54.5,1,3.8,0
S1935,Artificial Intelligence,7,74.9,18,159.0,72.5,0,48.3,2,2.6,1
S1936,Information Technology,6,71.3,22,461.0,97.5,1,37.3,1,3.1,0
S1937,Data Science,6,85.7,17,198.0,90.1,1,68.4,0,3.5,0
S1938,Business Administration,1,84.6,12,468.0,57.8,2,61.7,2,3.1,0
S1939,Information Technology,7,78.7,22,201.0,55.3,5,66.6,4,3.0,1
S1940,Business Administration,6,100.0,21,16.0,81.7,2,63.5,0,3.0,1
S1941,Business Administration,4,74.3,21,317.0,74.7,3,62.7,3,5.0,0
S1942,Computer Science,3,55.3,22,382.0,100.0,1,61.2,2,3.1,0
S1943,Artificial Intelligence,4,83.4,21,175.0,85.0,2,68.8,2,4.9,1
S1944,Information Technology,5,96.3,26,490.0,69.8,2,85.8,3,3.2,0
S1945,Business Administration,4,85.4,18,464.0,100.0,1,31.9,0,4.1,0
S1946,Computer Science,7,77.7,20,279.0,70.3,1,62.8,0,4.4,0
S1947,Data Science,2,84.9,22,338.0,53.9,1,52.0,1,3.5,0
S1948,Information Technology,6,100.0,14,302.0,74.3,3,75.7,1,3.2,1
S1949,Business Administration,7,71.5,22,379.0,63.5,2,61.6,1,4.1,0
S1950,Artificial Intelligence,6,82.4,18,402.0,95.8,2,85.3,0,3.2,0
S1951,Computer Science,8,90.0,23,101.0,57.7,2,83.0,3,3.4,1
S1952,Business Administration,2,85.0,9,501.0,93.3,2,55.1,2,4.2,0
S1953,Artificial Intelligence,6,79.0,25,442.0,73.3,1,72.2,1,3.0,0
S1954,Business Administration,4,76.9,16,174.0,49.5,0,85.0,0,4.6,0
S1955,Information Technology,8,78.6,20,474.0,85.7,3,63.1,3,3.8,0
S1956,Information Technology,8,88.4,20,529.0,99.4,0,67.6,0,3.5,0
S1957,Information Technology,5,87.7,15,94.0,79.8,1,58.2,2,3.8,1
S1958,Computer Science,8,100.0,20,382.0,74.6,0,64.4,4,2.6,0
S1959,Information Technology,8,63.6,16,410.0,100.0,1,72.6,2,4.3,0
S1960,Artificial Intelligence,1,100.0,14,344.0,99.6,0,76.8,4,3.8,0
S1961,Business Administration,2,79.5,14,440.0,91.9,1,79.3,0,5.0,0
S1962,Data Science,4,80.9,18,324.0,41.8,3,66.8,2,4.0,1
S1963,Artificial Intelligence,7,92.3,16,359.0,65.4,0,55.6,0,3.2,0
S1964,Artificial Intelligence,4,92.2,17,72.0,74.2,2,62.2,1,2.5,1
S1965,Information Technology,4,95.9,20,221.0,86.3,1,85.9,2,2.9,1
S1966,Computer Science,1,98.5,20,452.0,94.1,2,89.4,1,4.3,0
S1967,Business Administration,3,81.5,24,216.0,59.3,1,65.9,0,3.7,0
S1968,Computer Science,6,98.7,13,293.0,88.4,1,72.1,1,2.3,0
S1969,Business Administration,6,74.5,19,164.0,57.0,1,69.4,1,2.2,1
S1970,Business Administration,7,78.3,14,220.0,90.8,2,68.9,0,4.7,0
S1971,Computer Science,8,79.8,17,341.0,58.1,3,33.7,0,3.4,0
S1972,Artificial Intelligence,5,75.7,10,283.0,100.0,0,49.9,0,3.4,0
S1973,Business Administration,7,82.7,19,82.0,82.6,2,78.8,1,3.3,1
S1974,Computer Science,3,92.8,15,209.0,71.1,0,70.8,0,3.7,0
S1975,Business Administration,6,89.8,14,467.0,83.5,0,83.2,0,4.0,0
S1976,Data Science,5,74.6,14,428.0,66.2,2,66.0,2,3.1,0
S1977,Artificial Intelligence,7,73.7,23,304.0,78.4,3,49.8,0,4.4,0
S1978,Information Technology,5,71.7,25,340.0,60.0,2,66.0,1,2.4,0
S1979,Business Administration,4,83.1,13,222.0,83.3,3,83.0,0,4.6,0
S1980,Data Science,2,63.0,14,466.0,73.5,3,72.0,1,3.8,0
S1981,Information Technology,4,71.3,19,268.0,74.3,3,43.3,0,2.5,1
S1982,Information Technology,1,76.5,16,152.0,77.2,1,53.4,0,4.8,0
S1983,Business Administration,8,94.7,18,96.0,62.0,0,58.1,0,3.8,0
S1984,Computer Science,6,80.4,16,91.0,100.0,1,46.1,0,4.3,1
S1985,Business Administration,5,94.1,17,205.0,74.3,1,61.5,4,1.8,1
S1986,Data Science,7,84.3,20,498.0,97.8,3,81.4,0,2.9,0
S1987,Information Technology,8,76.3,21,621.0,57.0,1,52.6,0,3.3,0
S1988,Business Administration,2,76.8,16,428.0,37.4,4,80.3,1,3.5,0
S1989,Computer Science,7,68.0,18,91.0,82.6,1,75.3,0,4.2,0
S1990,Business Administration,6,100.0,14,166.0,97.2,3,60.5,1,4.2,1
S1991,Artificial Intelligence,5,95.3,20,167.0,99.9,0,73.0,0,1.6,1
S1992,Computer Science,5,89.2,25,266.0,94.8,7,61.2,0,3.0,1
S1993,Data Science,4,66.4,19,199.0,74.2,2,76.7,0,3.1,1
S1994,Information Technology,2,76.6,14,375.0,88.4,2,100.0,2,3.8,0
S1995,Business Administration,2,70.3,22,266.0,66.5,2,98.0,2,4.3,0
S1996,Computer Science,6,83.5,17,405.0,67.0,3,34.6,0,4.2,0
S1997,Artificial Intelligence,5,70.9,21,371.0,81.9,3,62.7,0,4.2,0
S1998,Computer Science,8,74.0,14,457.0,82.3,2,60.1,0,3.2,0
S1999,Artificial Intelligence,2,71.2,14,212.0,68.5,0,77.5,1,4.0,0
S2000,Data Science,2,79.1,11,414.0,81.3,1,82.9,0,2.1,0
S2001,Information Technology,7,82.9,19,210.0,98.5,1,78.9,2,3.9,0
S2002,Data Science,6,79.4,11,293.0,62.0,2,74.3,2,4.7,0
S2003,Business Administration,4,100.0,18,200.0,90.1,0,53.2,1,2.2,1
S2004,Computer Science,7,91.7,20,343.0,53.4,2,88.0,2,3.5,0
S2005,Artificial Intelligence,7,72.6,15,459.0,47.7,1,60.5,0,4.5,0
S2006,Artificial Intelligence,3,85.9,19,440.0,83.4,1,46.1,0,4.1,0
S2007,Computer Science,1,73.6,22,343.0,76.8,2,41.9,1,4.5,0
S2008,Computer Science,3,77.3,14,283.0,80.1,4,63.8,0,3.7,0
S2009,Business Administration,2,87.8,27,298.0,79.8,3,83.6,2,4.7,0
S2010,Data Science,5,90.0,12,483.0,95.2,2,52.7,0,4.0,0
S2011,Artificial Intelligence,1,75.0,12,199.0,87.6,0,77.7,0,3.4,0
S2012,Business Administration,1,68.7,16,356.0,86.4,2,57.3,2,3.7,0
S2013,Data Science,5,83.1,19,435.0,100.0,1,59.3,3,4.2,0
S2014,Business Administration,1,87.2,25,299.0,94.3,2,45.4,2,3.4,0
S2015,Artificial Intelligence,5,74.3,26,411.0,81.2,1,80.1,1,3.3,0
S2016,Computer Science,1,91.8,14,566.0,97.0,2,59.5,0,3.5,0
S2017,Computer Science,7,89.7,18,289.0,73.0,1,72.1,0,2.1,0
S2018,Data Science,8,74.2,20,269.0,73.5,3,67.1,1,2.4,1
S2019,Information Technology,6,95.6,16,327.0,100.0,2,64.7,2,2.5,0
S2020,Data Science,6,95.9,18,359.0,73.9,1,68.7,1,3.9,0
S2021,Information Technology,3,100.0,15,460.0,85.3,1,76.6,3,4.9,0
S2022,Business Administration,7,100.0,21,451.0,84.3,0,82.3,0,2.9,0
S2023,Business Administration,1,71.2,14,340.0,80.8,1,55.0,1,3.5,0
S2024,Artificial Intelligence,4,93.1,25,64.0,100.0,0,54.3,1,3.7,1
S2025,Information Technology,5,92.6,22,126.0,75.8,1,99.4,1,1.8,1
S2026,Artificial Intelligence,7,77.8,11,416.0,100.0,1,66.5,3,3.7,0
S2027,Computer Science,1,87.5,24,224.0,58.6,4,75.8,1,4.5,0
S2028,Information Technology,6,59.5,21,425.0,77.1,3,54.9,0,2.8,0
S2029,Data Science,6,59.1,21,399.0,73.7,2,51.8,2,3.4,0
S2030,Computer Science,5,61.4,18,278.0,91.9,3,57.2,2,4.1,1
S2031,Computer Science,4,86.7,16,201.0,53.6,1,62.1,0,2.8,1
S2032,Data Science,1,87.2,19,280.0,84.9,2,70.5,1,3.5,0
S2033,Computer Science,1,78.7,25,324.0,94.6,1,100.0,1,4.2,0
S2034,Information Technology,4,100.0,13,134.0,72.1,2,75.3,3,1.9,1
S2035,Artificial Intelligence,4,93.8,21,411.0,66.8,3,53.8,0,3.7,0
S2036,Computer Science,4,62.8,14,384.0,66.9,0,63.6,0,3.1,0
S2037,Information Technology,6,79.9,20,322.0,86.9,0,55.6,0,4.3,0
S2038,Business Administration,5,70.7,20,323.0,49.5,1,39.6,2,5.0,0
S2039,Information Technology,7,87.0,16,471.0,54.4,1,67.4,1,2.4,0
S2040,Artificial Intelligence,8,81.6,27,212.0,79.5,1,49.3,0,2.3,1
S2041,Information Technology,4,71.4,12,257.0,88.5,3,78.7,3,2.9,1
S2042,Data Science,5,100.0,16,307.0,83.0,1,63.7,3,4.0,0
S2043,Artificial Intelligence,3,82.7,23,230.0,88.8,2,70.8,1,3.4,0
S2044,Business Administration,1,77.0,17,285.0,59.2,0,60.8,3,4.7,0
S2045,Data Science,1,79.0,15,111.0,46.5,1,79.1,1,2.4,1
S2046,Information Technology,8,100.0,12,254.0,93.9,2,90.6,4,2.8,1
S2047,Artificial Intelligence,8,92.9,17,286.0,55.2,1,52.7,3,5.0,0
S2048,Business Administration,2,80.1,18,210.0,87.3,1,68.9,2,3.4,1
S2049,Data Science,3,70.1,14,455.0,45.1,3,86.4,1,5.0,0
S2050,Business Administration,7,72.0,18,352.0,90.2,2,97.9,1,4.1,0
S2051,Information Technology,8,76.2,14,287.0,78.0,0,80.3,3,3.6,0
S2052,Business Administration,4,88.1,10,228.0,96.7,0,69.9,2,4.0,0
S2053,Computer Science,4,91.1,14,115.0,92.3,0,74.8,1,2.1,1
S2054,Data Science,7,73.3,16,218.0,71.8,0,55.8,0,4.5,1
S2055,Business Administration,6,91.6,12,308.0,68.1,1,51.5,1,3.8,0
S2056,Information Technology,3,71.1,16,291.0,83.7,0,66.1,2,1.9,1
S2057,Information Technology,4,74.7,21,210.0,69.0,1,68.7,1,3.5,0
S2058,Business Administration,8,64.6,15,501.0,20.0,0,64.5,1,3.3,0
S2059,Information Technology,2,64.2,15,432.0,72.9,2,71.1,2,4.4,0
S2060,Artificial Intelligence,5,71.0,22,247.0,62.5,0,66.7,1,3.0,1
S2061,Artificial Intelligence,1,81.7,16,370.0,68.4,1,87.5,0,3.8,0
S2062,Artificial Intelligence,3,70.1,18,456.0,83.3,1,77.8,1,3.0,0
S2063,Computer Science,1,100.0,23,342.0,100.0,2,43.4,3,1.8,1
S2064,Business Administration,5,70.8,17,280.0,100.0,4,61.0,2,2.3,1
S2065,Computer Science,3,84.2,21,82.0,86.8,1,65.2,3,3.4,1
S2066,Information Technology,8,97.8,18,292.0,67.3,0,91.4,2,3.2,0
S2067,Computer Science,5,83.1,17,209.0,95.4,1,60.8,1,3.8,1
S2068,Information Technology,4,77.6,22,229.0,50.8,2,79.7,1,3.1,1
S2069,Information Technology,7,83.8,21,262.0,65.6,1,45.3,0,2.6,0
S2070,Data Science,4,75.3,24,274.0,73.9,2,61.6,3,3.3,1
S2071,Artificial Intelligence,8,70.0,20,255.0,43.3,2,78.9,1,2.1,1
S2072,Information Technology,7,89.4,22,140.0,82.4,0,79.7,1,3.4,1
S2073,Data Science,4,75.0,16,90.0,63.2,0,91.2,0,1.7,1
S2074,Artificial Intelligence,5,93.2,21,399.0,82.4,1,77.3,0,3.8,0
S2075,Information Technology,5,91.6,17,504.0,73.2,1,81.1,1,3.8,0
S2076,Information Technology,5,84.0,22,313.0,62.9,1,63.2,0,4.5,0
S2077,Computer Science,1,93.7,18,169.0,60.0,1,71.4,0,3.1,1
S2078,Computer Science,8,75.5,24,419.0,77.1,2,76.8,1,4.0,0
S2079,Artificial Intelligence,5,91.4,15,549.0,91.0,2,83.8,2,2.2,0
S2080,Information Technology,4,91.3,15,446.0,90.5,2,62.1,2,3.7,0
S2081,Business Administration,2,78.4,22,461.0,83.3,2,68.8,1,2.9,0
S2082,Computer Science,8,76.8,11,160.0,88.3,4,72.8,2,3.0,1
S2083,Artificial Intelligence,5,85.9,17,232.0,79.3,2,81.9,4,4.8,1
S2084,Information Technology,2,100.0,15,445.0,66.2,2,74.4,0,2.9,0
S2085,Information Technology,7,79.2,16,155.0,100.0,1,52.4,4,3.9,1
S2086,Business Administration,4,76.6,20,234.0,66.2,2,76.9,0,3.5,0
S2087,Artificial Intelligence,5,96.1,21,323.0,100.0,1,96.2,1,4.2,0
S2088,Information Technology,1,82.8,9,365.0,89.5,2,48.6,1,2.6,1
S2089,Computer Science,1,92.4,22,267.0,73.4,0,97.4,1,2.3,1
S2090,Business Administration,7,99.7,16,301.0,54.9,1,62.1,2,2.5,1
S2091,Artificial Intelligence,2,59.1,14,320.0,84.1,5,56.4,0,2.3,1
S2092,Business Administration,6,81.5,15,273.0,77.1,2,60.6,1,3.2,1
S2093,Computer Science,1,79.2,13,240.0,99.8,2,66.9,3,3.4,1
S2094,Artificial Intelligence,8,70.5,21,285.0,59.3,3,67.7,2,4.0,0
S2095,Business Administration,1,59.0,22,235.0,97.0,1,69.6,2,4.0,0
S2096,Data Science,1,62.9,20,407.0,100.0,0,41.5,2,2.3,0
S2097,Computer Science,4,83.3,30,337.0,65.1,5,76.3,0,3.9,0
S2098,Computer Science,1,75.6,11,291.0,91.3,1,90.8,0,2.9,0
S2099,Computer Science,3,72.4,12,271.0,100.0,1,44.0,0,4.0,0
S2100,Data Science,5,83.1,16,425.0,100.0,1,71.2,0,1.5,0
S2101,Data Science,7,73.7,25,256.0,96.9,1,51.3,2,3.3,0
S2102,Information Technology,1,97.5,21,387.0,100.0,0,50.4,2,3.7,0
S2103,Business Administration,6,74.5,17,442.0,79.2,2,81.8,1,3.1,0
S2104,Information Technology,8,100.0,26,359.0,77.2,3,97.8,0,3.6,0
S2105,Business Administration,6,81.6,19,106.0,100.0,5,67.5,1,4.4,1
S2106,Data Science,1,74.2,15,249.0,35.5,2,80.2,1,3.3,1
S2107,Data Science,1,73.3,12,197.0,72.9,1,31.3,4,4.2,1
S2108,Information Technology,3,100.0,11,157.0,63.3,3,52.6,0,4.1,1
S2109,Artificial Intelligence,1,90.4,14,431.0,78.8,2,48.2,3,2.9,0
S2110,Information Technology,1,72.9,20,345.0,85.5,5,85.1,1,1.4,1
S2111,Business Administration,5,83.4,17,0.0,88.6,0,86.5,0,3.5,1
S2112,Information Technology,6,53.7,23,299.0,79.4,3,83.3,2,4.5,1
S2113,Computer Science,3,66.0,16,220.0,81.1,1,74.6,0,4.4,0
S2114,Business Administration,6,73.0,24,411.0,95.4,3,47.9,0,3.7,0
S2115,Business Administration,3,72.7,25,221.0,67.7,2,53.2,3,3.0,1
S2116,Artificial Intelligence,6,96.6,25,338.0,71.8,1,100.0,0,4.1,0
S2117,Data Science,1,59.0,20,337.0,61.5,1,48.2,2,2.4,1
S2118,Business Administration,6,64.9,17,201.0,77.8,0,49.1,0,3.8,0
S2119,Data Science,6,87.4,16,179.0,48.8,1,65.7,0,4.3,0
S2120,Information Technology,3,84.8,20,543.0,100.0,3,85.4,0,3.4,0
S2121,Computer Science,7,77.8,20,347.0,92.3,2,92.2,0,2.6,0
S2122,Artificial Intelligence,2,100.0,21,306.0,60.3,4,74.7,2,3.4,0
S2123,Data Science,3,89.4,10,445.0,100.0,2,72.4,2,3.8,0
S2124,Business Administration,3,96.7,19,511.0,73.2,3,67.6,1,2.7,0
S2125,Data Science,3,81.4,16,480.0,65.4,2,63.1,1,3.2,0
S2126,Business Administration,4,75.5,15,135.0,84.7,1,74.3,1,4.2,0
S2127,Data Science,7,75.6,20,304.0,48.3,1,63.6,2,4.3,0
S2128,Business Administration,4,93.1,19,267.0,71.8,3,98.7,1,3.6,0
S2129,Information Technology,4,91.3,29,527.0,84.7,0,47.2,1,2.8,0
S2130,Business Administration,3,79.4,23,385.0,100.0,1,48.5,2,1.8,0
S2131,Business Administration,2,87.7,19,145.0,55.1,1,65.7,0,3.7,1
S2132,Computer Science,3,93.6,17,79.0,56.5,2,49.5,0,2.3,1
S2133,Business Administration,1,75.2,19,495.0,73.7,4,87.5,0,3.6,0
S2134,Computer Science,2,77.9,14,299.0,72.2,1,74.3,1,3.0,0
S2135,Artificial Intelligence,4,87.4,18,295.0,92.1,0,82.4,2,4.0,0
S2136,Computer Science,8,60.5,19,259.0,100.0,2,56.9,0,2.6,1
S2137,Information Technology,6,87.6,19,200.0,96.5,0,43.5,0,2.3,1
S2138,Computer Science,6,68.5,16,305.0,70.1,4,73.5,3,3.8,1
S2139,Artificial Intelligence,7,93.3,17,397.0,100.0,4,75.1,1,3.5,0
S2140,Information Technology,8,100.0,22,297.0,76.6,1,87.9,1,4.1,0
S2141,Data Science,5,73.6,16,426.0,87.3,0,68.8,2,4.5,0
S2142,Data Science,7,65.8,11,383.0,85.5,1,74.6,3,3.1,0
S2143,Computer Science,2,79.8,22,408.0,86.1,4,83.8,0,4.1,0
S2144,Computer Science,4,78.8,25,322.0,93.7,0,66.1,0,2.2,0
S2145,Artificial Intelligence,2,89.9,17,280.0,92.5,0,66.0,2,2.5,1
S2146,Artificial Intelligence,2,84.8,23,162.0,91.1,3,49.8,0,3.5,1
S2147,Business Administration,6,78.4,23,418.0,68.6,4,72.3,1,3.2,0
S2148,Artificial Intelligence,3,83.1,21,331.0,62.4,2,53.8,0,1.7,1
S2149,Business Administration,1,68.5,22,269.0,91.4,1,84.1,0,4.9,0
S2150,Information Technology,5,92.0,22,164.0,84.0,6,75.2,0,1.8,1
S2151,Computer Science,4,100.0,16,452.0,93.8,2,48.8,1,3.1,0
S2152,Information Technology,2,67.6,19,298.0,69.7,2,57.4,0,4.2,0
S2153,Artificial Intelligence,5,63.0,25,526.0,91.3,0,69.8,0,3.3,0
S2154,Information Technology,2,77.2,29,51.0,72.5,2,48.6,0,4.0,1
S2155,Information Technology,8,67.3,22,338.0,71.4,2,76.6,1,2.9,0
S2156,Information Technology,6,66.7,25,137.0,99.1,3,62.7,2,3.6,1
S2157,Artificial Intelligence,1,65.2,20,212.0,97.8,0,58.9,1,4.6,0
S2158,Information Technology,6,79.7,13,267.0,81.9,2,98.9,1,3.1,0
S2159,Business Administration,5,77.1,12,375.0,71.8,2,61.0,1,3.9,0
S2160,Artificial Intelligence,4,86.5,15,333.0,76.5,0,89.2,1,3.3,0
S2161,Information Technology,2,75.2,19,234.0,80.7,2,87.8,1,3.6,0
S2162,Artificial Intelligence,1,67.4,15,220.0,71.0,1,88.7,1,3.9,0
S2163,Data Science,8,81.8,20,94.0,83.8,0,55.3,1,2.5,1
S2164,Business Administration,6,69.3,16,227.0,68.9,3,63.5,0,2.6,1
S2165,Information Technology,8,88.1,21,211.0,100.0,1,83.4,0,3.0,1
S2166,Data Science,5,62.0,16,443.0,42.3,2,65.3,1,4.0,0
S2167,Data Science,6,56.0,13,252.0,66.6,1,60.1,2,4.3,1
S2168,Artificial Intelligence,2,62.7,18,253.0,91.9,1,86.2,0,4.9,0
S2169,Data Science,2,77.0,21,325.0,100.0,0,65.3,1,3.2,0
S2170,Business Administration,8,78.6,19,464.0,67.2,3,84.1,1,3.1,0
S2171,Business Administration,4,83.6,17,462.0,73.9,0,73.3,2,3.6,0
S2172,Computer Science,1,75.2,17,587.0,86.3,1,63.6,1,2.6,0
S2173,Business Administration,3,71.8,13,132.0,87.0,1,25.6,0,4.3,0
S2174,Data Science,6,99.2,23,320.0,80.4,0,63.9,0,2.7,0
S2175,Business Administration,2,96.0,23,288.0,92.1,2,79.4,2,2.6,0
S2176,Artificial Intelligence,5,93.8,24,81.0,83.3,1,56.6,2,2.4,1
S2177,Computer Science,6,85.7,27,160.0,83.7,1,46.7,0,3.0,1
S2178,Data Science,4,86.7,23,409.0,100.0,0,71.7,1,3.2,0
S2179,Computer Science,4,72.3,17,363.0,75.0,0,57.6,2,2.9,0
S2180,Data Science,2,83.7,18,362.0,73.7,1,46.7,0,2.7,0
S2181,Artificial Intelligence,2,70.7,14,354.0,72.5,3,88.8,0,4.7,0
S2182,Computer Science,8,69.4,12,98.0,67.4,1,70.3,2,3.2,1
S2183,Information Technology,2,62.6,16,168.0,75.9,8,78.0,2,3.8,1
S2184,Data Science,8,86.9,16,236.0,66.9,1,55.7,0,3.9,0
S2185,Information Technology,7,84.0,16,400.0,86.3,0,65.1,3,3.0,0
S2186,Computer Science,3,78.4,17,316.0,86.6,1,79.4,1,2.5,1
S2187,Information Technology,2,76.8,14,409.0,82.4,0,62.4,1,3.0,0
S2188,Information Technology,6,60.0,13,535.0,85.2,1,34.2,2,3.8,0
S2189,Computer Science,6,85.1,16,109.0,92.6,6,62.7,0,2.7,1
S2190,Artificial Intelligence,8,78.2,17,286.0,59.5,1,66.7,0,3.9,0
S2191,Information Technology,7,92.8,19,286.0,82.9,1,78.3,0,1.3,1
S2192,Information Technology,7,83.8,26,201.0,100.0,0,68.4,2,3.5,1
S2193,Artificial Intelligence,1,90.5,8,353.0,68.4,0,60.6,1,4.0,0
S2194,Information Technology,5,81.9,16,643.0,100.0,0,57.7,0,4.4,0
S2195,Information Technology,2,84.2,19,186.0,72.6,2,84.0,0,2.3,1
S2196,Information Technology,8,93.2,20,372.0,82.5,0,84.7,2,3.8,0
S2197,Business Administration,6,79.7,20,175.0,83.3,0,46.3,0,4.8,0
S2198,Artificial Intelligence,7,87.7,13,83.0,52.2,1,76.1,0,5.0,0
S2199,Information Technology,6,76.7,13,226.0,63.6,2,47.2,2,3.5,1
S2200,Artificial Intelligence,6,80.4,13,333.0,89.9,4,82.2,0,2.7,0
S2201,Data Science,7,100.0,17,348.0,73.8,1,73.5,3,4.7,0
S2202,Data Science,3,89.7,13,513.0,62.3,3,84.2,2,4.0,0
S2203,Information Technology,7,75.5,10,333.0,99.9,2,76.4,1,5.0,0
S2204,Artificial Intelligence,7,87.1,20,302.0,83.6,1,43.0,0,5.0,0
S2205,Artificial Intelligence,5,66.6,20,400.0,75.5,0,72.0,0,2.2,0
S2206,Artificial Intelligence,8,79.3,28,330.0,100.0,1,86.3,2,3.9,0
S2207,Business Administration,8,70.6,17,297.0,60.0,5,88.9,0,3.7,0
S2208,Data Science,7,87.4,11,278.0,59.4,0,48.1,0,4.2,0
S2209,Artificial Intelligence,4,79.7,15,376.0,70.8,1,59.0,0,3.5,0
S2210,Artificial Intelligence,8,85.4,14,363.0,83.0,2,86.1,0,5.0,0
S2211,Business Administration,8,91.3,21,268.0,86.1,1,69.5,0,3.3,0
S2212,Business Administration,8,76.5,20,473.0,64.9,0,80.2,0,3.3,0
S2213,Artificial Intelligence,7,76.9,21,401.0,52.9,1,70.5,0,4.4,0
S2214,Computer Science,6,81.6,23,415.0,88.5,3,50.0,1,3.4,0
S2215,Artificial Intelligence,2,71.7,14,190.0,70.0,1,75.1,0,3.5,0
S2216,Artificial Intelligence,6,81.9,21,238.0,78.1,1,89.8,0,2.7,1
S2217,Business Administration,5,82.5,12,482.0,79.6,6,62.0,2,2.9,0
S2218,Business Administration,4,84.7,11,425.0,95.2,2,69.1,1,2.5,0
S2219,Artificial Intelligence,7,87.0,16,130.0,68.8,0,35.3,0,3.1,1
S2220,Artificial Intelligence,3,62.8,24,340.0,100.0,1,59.1,1,2.8,0
S2221,Artificial Intelligence,1,66.6,22,415.0,75.4,1,69.5,0,2.6,0
S2222,Business Administration,7,68.0,17,177.0,53.8,3,64.2,1,3.2,1
S2223,Artificial Intelligence,2,83.1,17,421.0,59.9,2,60.4,1,4.3,0
S2224,Artificial Intelligence,1,78.6,18,306.0,59.0,0,51.8,1,2.6,1
S2225,Information Technology,3,54.8,24,481.0,64.9,3,44.6,2,3.8,0
S2226,Computer Science,5,100.0,21,285.0,82.6,2,98.4,0,4.2,0
S2227,Data Science,5,58.1,21,127.0,96.1,2,80.3,1,2.4,1
S2228,Computer Science,3,82.4,10,363.0,38.0,1,75.2,3,2.6,1
S2229,Information Technology,6,88.8,13,165.0,94.1,2,60.0,0,5.0,0
S2230,Data Science,3,73.4,19,231.0,100.0,1,56.1,0,3.7,0
S2231,Artificial Intelligence,8,89.7,10,82.0,100.0,4,67.9,3,4.0,1
S2232,Information Technology,8,69.9,12,203.0,85.6,1,47.6,2,3.1,1
S2233,Artificial Intelligence,7,84.1,22,461.0,46.0,1,70.6,2,3.1,0
S2234,Business Administration,2,55.8,13,318.0,53.8,1,63.5,1,1.9,1
S2235,Information Technology,8,96.1,15,272.0,94.1,1,78.5,3,3.1,1
S2236,Business Administration,4,82.0,18,195.0,79.7,1,44.6,1,4.3,1
S2237,Information Technology,7,62.9,9,325.0,66.7,2,71.2,0,3.2,1
S2238,Information Technology,7,89.5,21,273.0,51.1,4,65.6,0,5.0,0
S2239,Business Administration,7,100.0,16,587.0,58.6,3,74.2,1,3.2,0
S2240,Data Science,1,70.9,16,303.0,87.4,1,56.1,2,2.1,0
S2241,Computer Science,1,79.5,21,354.0,86.6,1,54.9,2,4.1,0
S2242,Artificial Intelligence,5,75.8,20,224.0,95.4,1,46.3,1,4.4,0
S2243,Information Technology,7,72.8,24,298.0,100.0,2,34.9,3,2.9,1
S2244,Artificial Intelligence,6,71.5,15,356.0,62.2,1,89.9,1,4.4,0
S2245,Business Administration,8,74.2,18,189.0,94.6,2,98.0,1,3.1,0
S2246,Artificial Intelligence,5,74.9,22,371.0,64.6,0,71.9,0,4.6,0
S2247,Business Administration,2,77.7,20,316.0,75.8,2,83.6,3,4.3,0
S2248,Artificial Intelligence,3,76.9,15,27.0,64.8,1,54.7,3,3.6,1
S2249,Computer Science,1,91.1,23,399.0,91.9,4,62.9,3,4.3,0
S2250,Computer Science,7,90.1,12,359.0,67.6,2,67.1,0,4.3,0
S2251,Computer Science,2,63.6,18,329.0,89.7,1,60.9,1,5.0,0
S2252,Computer Science,5,74.9,8,224.0,86.6,0,79.3,1,3.5,0
S2253,Computer Science,5,97.0,20,596.0,98.5,0,74.3,0,2.2,0
S2254,Computer Science,1,85.5,22,229.0,88.5,1,77.2,0,2.9,0
S2255,Business Administration,5,86.0,12,0.0,100.0,2,94.0,1,4.1,1
S2256,Information Technology,6,84.9,19,362.0,66.4,2,51.9,0,3.1,0
S2257,Artificial Intelligence,5,78.9,27,284.0,92.3,1,50.6,1,3.0,0
S2258,Computer Science,4,81.5,12,127.0,85.2,2,65.5,0,3.5,1
S2259,Business Administration,8,77.2,22,270.0,64.4,1,70.3,0,5.0,0
S2260,Business Administration,3,92.3,11,292.0,95.2,5,83.9,2,2.7,1
S2261,Business Administration,5,77.3,18,209.0,93.3,4,71.2,1,2.0,1
S2262,Information Technology,8,80.6,19,313.0,66.4,2,55.0,0,5.0,0
S2263,Artificial Intelligence,8,90.8,14,343.0,47.9,0,39.3,1,4.0,0
S2264,Information Technology,4,78.1,16,294.0,76.1,1,63.2,0,2.1,1
S2265,Data Science,2,81.2,18,189.0,65.7,3,78.0,0,3.2,1
S2266,Business Administration,5,77.7,22,356.0,80.9,0,54.4,1,4.0,0
S2267,Data Science,6,80.9,11,106.0,78.2,1,74.5,1,3.4,1
S2268,Computer Science,2,78.1,20,349.0,100.0,3,86.9,1,3.1,0
S2269,Computer Science,8,75.6,24,337.0,64.7,2,41.0,0,3.6,0
S2270,Information Technology,8,73.5,14,274.0,88.7,2,88.2,1,5.0,0
S2271,Artificial Intelligence,7,79.9,15,239.0,53.7,0,91.2,1,3.3,0
S2272,Data Science,5,94.2,18,153.0,60.4,0,47.9,3,3.0,1
S2273,Artificial Intelligence,1,89.5,14,236.0,70.0,1,88.7,1,3.4,0
S2274,Information Technology,4,63.0,15,202.0,62.8,3,68.3,1,3.0,1
S2275,Computer Science,4,76.9,17,179.0,85.9,2,73.3,0,2.1,1
S2276,Artificial Intelligence,1,74.3,19,155.0,77.5,2,37.7,0,3.4,1
S2277,Artificial Intelligence,3,63.3,20,458.0,92.8,2,60.6,1,3.4,0
S2278,Computer Science,8,85.3,12,392.0,59.5,0,63.7,3,2.9,0
S2279,Data Science,7,80.8,24,593.0,81.2,3,83.1,1,2.8,0
S2280,Computer Science,6,100.0,14,328.0,64.6,0,62.2,2,3.1,0
S2281,Artificial Intelligence,4,78.0,15,386.0,100.0,1,56.4,0,4.7,0
S2282,Data Science,2,72.7,24,291.0,59.5,2,51.0,0,5.0,0
S2283,Data Science,8,71.5,18,481.0,46.4,1,67.3,0,4.2,0
S2284,Computer Science,6,76.6,17,294.0,67.4,1,68.7,0,3.3,0
S2285,Artificial Intelligence,4,89.1,18,417.0,57.8,2,79.8,0,2.7,0
S2286,Information Technology,7,90.5,25,322.0,80.6,1,53.4,2,3.3,0
S2287,Artificial Intelligence,3,100.0,16,521.0,88.5,3,56.4,0,5.0,0
S2288,Business Administration,7,67.5,20,242.0,91.1,0,87.7,3,4.0,0
S2289,Information Technology,2,83.0,23,438.0,39.6,1,82.9,1,4.1,0
S2290,Data Science,7,73.8,16,287.0,91.0,1,83.0,0,3.1,0
S2291,Information Technology,6,86.2,15,200.0,82.1,1,40.6,0,3.8,0
S2292,Data Science,8,98.6,29,294.0,90.6,0,53.4,2,4.1,0
S2293,Data Science,2,92.3,27,30.0,93.8,2,71.4,0,3.3,1
S2294,Information Technology,8,67.5,21,412.0,66.9,0,69.5,3,2.3,1
S2295,Data Science,1,90.2,13,380.0,61.7,0,58.3,2,3.3,0
S2296,Data Science,5,56.6,15,528.0,83.9,0,78.5,2,2.1,0
S2297,Business Administration,1,53.4,20,185.0,95.4,1,69.6,0,4.1,1
S2298,Artificial Intelligence,6,79.0,22,211.0,55.5,7,74.5,3,3.1,1
S2299,Artificial Intelligence,5,89.3,13,148.0,79.1,2,63.2,1,4.0,1
S2300,Business Administration,1,86.2,15,344.0,68.7,3,56.5,1,3.5,0
S2301,Information Technology,5,100.0,28,250.0,68.6,2,77.8,1,4.8,0
S2302,Computer Science,4,83.3,22,201.0,71.0,2,73.9,2,4.0,1
S2303,Computer Science,7,80.7,17,348.0,89.8,1,51.1,1,4.6,0
S2304,Computer Science,2,95.9,16,432.0,88.4,4,69.4,0,4.1,0
S2305,Business Administration,5,77.5,18,313.0,62.0,1,62.6,0,2.8,0
S2306,Business Administration,4,86.7,20,243.0,53.3,3,56.2,0,2.5,1
S2307,Data Science,7,87.4,12,441.0,97.3,2,66.7,1,4.3,0
S2308,Computer Science,7,70.3,19,270.0,92.4,2,60.6,0,3.7,0
S2309,Information Technology,3,86.6,17,268.0,100.0,1,64.8,0,2.6,0
S2310,Information Technology,8,100.0,12,362.0,87.9,2,90.6,0,3.4,0
S2311,Computer Science,1,95.6,19,218.0,100.0,1,75.2,1,3.3,0
S2312,Computer Science,3,71.9,13,423.0,36.3,5,83.1,1,4.5,0
S2313,Computer Science,8,100.0,18,190.0,75.9,1,59.4,1,3.4,1
S2314,Business Administration,8,90.3,22,227.0,65.5,2,58.8,1,3.8,0
S2315,Business Administration,6,87.1,18,162.0,100.0,2,76.0,0,3.3,0
S2316,Business Administration,4,80.8,14,404.0,56.4,1,36.5,2,3.0,1
S2317,Artificial Intelligence,3,90.2,19,463.0,53.8,1,53.7,0,4.4,0
S2318,Information Technology,3,83.3,13,282.0,66.7,1,75.8,4,3.1,1
S2319,Information Technology,8,82.2,20,354.0,68.5,0,72.6,0,4.2,0
S2320,Data Science,7,80.4,18,344.0,71.2,3,60.9,1,4.7,0
S2321,Business Administration,4,93.7,9,336.0,94.3,3,70.1,1,3.9,0
S2322,Artificial Intelligence,7,92.4,17,161.0,100.0,0,59.3,0,3.1,0
S2323,Artificial Intelligence,2,80.2,8,221.0,95.5,4,85.7,2,2.5,1
S2324,Information Technology,5,63.8,13,391.0,100.0,4,83.8,1,5.0,0
S2325,Business Administration,6,82.4,15,446.0,100.0,0,50.5,2,4.3,0
S2326,Data Science,6,73.4,17,414.0,66.6,0,51.2,1,4.0,0
S2327,Business Administration,1,76.3,17,302.0,76.0,4,95.5,0,5.0,0
S2328,Computer Science,7,80.5,22,396.0,92.2,2,63.4,4,4.6,0
S2329,Business Administration,5,69.3,19,116.0,57.2,1,82.7,0,4.2,0
S2330,Computer Science,8,62.7,23,58.0,72.4,1,57.1,2,3.6,1
S2331,Computer Science,1,85.5,21,135.0,89.7,2,60.4,1,3.5,1
S2332,Data Science,6,82.3,22,639.0,100.0,0,62.9,1,4.7,0
S2333,Information Technology,5,81.9,14,549.0,78.6,4,75.3,2,2.6,0
S2334,Business Administration,3,88.1,21,108.0,81.5,2,71.4,0,4.4,0
S2335,Computer Science,2,74.1,11,273.0,87.3,0,45.0,0,2.1,0
S2336,Business Administration,8,86.0,25,248.0,46.8,3,56.3,1,2.5,1
S2337,Information Technology,3,98.0,16,455.0,71.5,4,58.5,2,3.5,0
S2338,Information Technology,2,78.9,16,379.0,62.6,1,67.0,0,4.8,0
S2339,Artificial Intelligence,8,100.0,16,255.0,92.0,2,75.4,0,3.6,0
S2340,Information Technology,7,82.6,17,367.0,70.1,1,66.6,0,3.4,0
S2341,Data Science,4,71.8,14,393.0,99.9,2,46.5,0,3.0,0
S2342,Computer Science,1,92.2,15,77.0,85.8,3,73.1,1,4.5,1
S2343,Artificial Intelligence,1,80.6,16,364.0,75.1,2,61.8,0,3.8,0
S2344,Data Science,4,94.6,15,298.0,67.9,0,86.6,2,3.5,0
S2345,Business Administration,5,87.0,20,163.0,65.2,2,65.2,0,4.9,0
S2346,Computer Science,4,78.1,23,229.0,100.0,1,59.8,0,2.4,1
S2347,Information Technology,7,100.0,13,334.0,41.4,0,59.7,2,4.8,0
S2348,Computer Science,6,76.0,16,315.0,76.5,2,77.4,2,2.4,1
S2349,Business Administration,4,56.0,25,277.0,79.5,1,50.2,2,3.0,0
S2350,Artificial Intelligence,2,92.6,14,264.0,37.3,2,54.5,3,4.2,1
S2351,Artificial Intelligence,6,86.2,21,307.0,100.0,3,63.4,1,4.1,0
S2352,Artificial Intelligence,4,97.4,12,107.0,81.8,2,76.8,0,4.0,1
S2353,Information Technology,1,71.4,21,506.0,91.2,3,68.3,0,3.3,0
S2354,Data Science,3,79.0,17,256.0,91.4,0,67.8,0,4.4,0
S2355,Data Science,2,77.7,9,361.0,94.4,1,76.6,1,4.1,0
S2356,Computer Science,7,93.2,16,494.0,92.6,1,53.3,0,4.6,0
S2357,Information Technology,2,89.8,17,436.0,92.6,2,78.2,0,3.4,0
S2358,Artificial Intelligence,8,84.6,17,336.0,85.0,0,80.1,1,4.0,0
S2359,Artificial Intelligence,5,84.7,28,287.0,95.8,0,90.3,1,4.7,0
S2360,Business Administration,3,68.2,23,297.0,100.0,3,100.0,1,5.0,0
S2361,Business Administration,2,91.2,29,105.0,62.6,1,76.2,0,3.1,1
S2362,Artificial Intelligence,8,91.5,28,154.0,87.3,0,82.0,0,2.6,1
S2363,Artificial Intelligence,4,100.0,20,329.0,93.1,3,58.8,1,2.8,1
S2364,Information Technology,2,87.6,15,255.0,50.3,0,77.2,2,2.6,1
S2365,Data Science,2,89.6,16,120.0,100.0,0,95.7,0,5.0,0
S2366,Business Administration,2,87.7,17,335.0,89.7,4,46.3,0,5.0,0
S2367,Data Science,5,73.6,20,391.0,83.6,1,85.4,0,3.7,0
S2368,Information Technology,2,97.0,23,440.0,71.5,3,76.1,1,2.8,0
S2369,Artificial Intelligence,2,81.3,17,364.0,93.2,3,80.3,0,3.5,0
S2370,Data Science,5,79.7,20,224.0,57.9,1,75.2,3,3.7,1
S2371,Artificial Intelligence,8,80.4,18,382.0,100.0,2,47.2,0,2.2,0
S2372,Artificial Intelligence,6,81.2,24,334.0,96.9,2,40.2,0,3.6,0
S2373,Computer Science,3,76.2,23,189.0,75.8,2,69.0,0,4.0,1
S2374,Data Science,8,84.6,11,185.0,100.0,0,47.4,1,2.9,0
S2375,Data Science,7,80.8,12,402.0,46.7,1,93.2,1,3.4,0
S2376,Artificial Intelligence,6,79.8,17,338.0,59.9,2,53.0,0,4.2,0
S2377,Information Technology,1,87.9,16,331.0,79.1,1,83.7,0,3.6,0
S2378,Computer Science,5,82.9,24,308.0,79.9,1,72.5,0,3.0,0
S2379,Artificial Intelligence,5,75.4,22,372.0,86.2,2,78.8,2,3.6,0
S2380,Business Administration,2,72.8,16,239.0,81.8,0,54.3,2,4.8,0
S2381,Business Administration,2,83.2,15,285.0,100.0,1,96.5,1,4.8,0
S2382,Computer Science,7,73.0,12,389.0,51.8,0,67.8,1,2.7,0
S2383,Information Technology,1,72.2,23,304.0,43.6,2,99.4,2,4.7,0
S2384,Artificial Intelligence,2,72.3,21,210.0,52.9,3,75.5,1,3.4,1
S2385,Data Science,4,85.1,24,217.0,54.7,0,56.9,0,3.9,0
S2386,Computer Science,2,96.3,13,305.0,78.8,1,77.1,0,4.2,0
S2387,Information Technology,2,86.2,19,0.0,75.7,2,81.0,1,2.3,1
S2388,Data Science,4,92.6,27,510.0,84.0,4,62.4,0,3.8,0
S2389,Business Administration,1,81.2,17,279.0,84.8,3,75.4,2,4.6,0
S2390,Business Administration,4,83.7,22,358.0,83.3,3,81.7,1,3.7,0
S2391,Data Science,5,100.0,14,376.0,50.7,2,53.2,0,3.8,0
S2392,Computer Science,4,91.9,26,330.0,74.5,2,58.2,1,4.3,0
S2393,Business Administration,3,93.2,23,136.0,69.2,2,50.8,0,3.3,1
S2394,Artificial Intelligence,5,78.8,31,172.0,100.0,1,94.9,1,3.6,0
S2395,Data Science,2,81.9,15,121.0,84.8,2,61.7,2,3.8,1
S2396,Data Science,7,86.9,22,431.0,100.0,0,96.4,2,3.9,0
S2397,Business Administration,5,74.7,14,115.0,60.8,2,68.3,1,3.1,1
S2398,Computer Science,1,53.6,17,220.0,73.2,0,35.0,0,4.4,0
S2399,Artificial Intelligence,1,86.8,27,457.0,95.0,1,78.8,2,3.0,0
S2400,Computer Science,4,93.5,25,164.0,69.7,2,75.6,0,3.0,1
S2401,Information Technology,5,82.7,13,318.0,85.4,0,63.5,3,3.5,0
S2402,Information Technology,2,74.8,21,391.0,67.6,1,66.5,1,4.2,0
S2403,Business Administration,1,78.0,13,293.0,99.6,1,87.8,0,2.7,0
S2404,Business Administration,6,57.7,20,319.0,53.3,0,67.7,1,3.3,0
S2405,Business Administration,2,78.0,14,364.0,100.0,2,62.9,1,2.8,0
S2406,Information Technology,6,68.6,18,514.0,92.5,2,35.9,1,3.2,0
S2407,Computer Science,3,73.6,15,188.0,87.6,1,80.3,3,2.9,1
S2408,Computer Science,6,68.0,13,247.0,85.7,3,70.2,0,3.6,1
S2409,Business Administration,8,66.6,28,376.0,66.1,1,71.0,0,2.1,0
S2410,Artificial Intelligence,1,70.0,13,276.0,91.4,1,77.6,0,4.0,0
S2411,Computer Science,4,89.6,18,233.0,69.3,3,74.4,2,4.2,1
S2412,Information Technology,3,75.9,13,424.0,40.8,1,48.6,0,2.5,0
S2413,Data Science,5,68.7,17,33.0,80.3,0,60.3,0,3.6,1
S2414,Data Science,2,91.0,24,435.0,65.3,0,71.9,0,4.4,0
S2415,Data Science,1,83.5,17,491.0,81.3,4,68.9,1,2.4,0
S2416,Artificial Intelligence,3,53.6,16,275.0,78.4,0,40.1,1,5.0,0
S2417,Business Administration,3,93.9,19,142.0,53.2,0,57.8,1,3.8,0
S2418,Information Technology,8,82.9,24,321.0,100.0,1,85.8,0,3.0,0
S2419,Artificial Intelligence,1,91.2,19,358.0,66.7,0,20.0,1,3.0,0
S2420,Information Technology,5,79.3,21,103.0,97.9,1,29.8,4,3.7,1
S2421,Information Technology,5,100.0,14,310.0,65.8,1,65.0,1,3.4,0
S2422,Business Administration,4,77.4,13,534.0,78.9,4,71.3,0,4.0,0
S2423,Data Science,7,50.4,14,452.0,83.7,2,64.7,0,3.1,0
S2424,Business Administration,6,71.3,23,363.0,42.0,0,80.5,1,3.1,0
S2425,Artificial Intelligence,5,88.0,21,349.0,67.5,3,100.0,1,3.7,0
S2426,Artificial Intelligence,8,83.9,18,305.0,83.3,2,81.0,0,3.0,0
S2427,Artificial Intelligence,4,80.5,16,318.0,79.6,0,39.7,0,3.3,0
S2428,Business Administration,6,70.2,20,289.0,79.2,0,55.4,0,4.2,0
S2429,Information Technology,3,82.2,15,325.0,95.0,0,69.3,1,2.2,0
S2430,Information Technology,1,81.8,20,104.0,64.0,2,43.2,1,3.7,1
S2431,Computer Science,5,81.7,22,40.0,79.8,2,75.2,0,4.0,1
S2432,Artificial Intelligence,4,88.5,15,210.0,54.1,1,77.2,1,4.5,0
S2433,Information Technology,3,84.2,13,424.0,69.4,2,35.8,0,3.6,0
S2434,Computer Science,5,79.0,12,371.0,100.0,1,70.0,2,3.4,0
S2435,Information Technology,2,70.0,20,402.0,78.7,3,73.3,0,2.5,0
S2436,Artificial Intelligence,7,98.3,30,311.0,69.9,1,49.1,0,3.1,0
S2437,Data Science,3,100.0,11,446.0,63.8,0,64.5,2,4.3,0
S2438,Artificial Intelligence,8,100.0,25,460.0,53.5,4,76.0,1,2.7,0
S2439,Business Administration,8,90.4,26,443.0,95.5,0,58.6,3,1.9,0
S2440,Information Technology,5,61.9,11,218.0,100.0,1,84.2,1,4.5,0
S2441,Information Technology,8,60.4,16,307.0,70.6,0,51.6,1,3.3,0
S2442,Business Administration,3,75.4,18,244.0,45.6,1,63.6,1,4.3,0
S2443,Business Administration,1,81.3,18,477.0,100.0,2,63.0,0,2.7,0
S2444,Data Science,1,80.9,22,435.0,62.0,1,64.5,0,3.5,0
S2445,Information Technology,7,84.3,22,355.0,85.0,3,72.1,0,3.1,0
S2446,Information Technology,1,65.3,16,383.0,87.6,1,55.4,4,3.8,1
S2447,Data Science,6,100.0,25,335.0,98.3,2,57.6,0,3.6,0
S2448,Computer Science,2,100.0,12,188.0,73.9,2,51.8,1,4.1,0
S2449,Data Science,1,66.3,18,429.0,86.4,1,70.2,0,3.3,0
S2450,Artificial Intelligence,8,59.7,20,542.0,72.2,0,77.7,2,4.3,0
S2451,Information Technology,2,80.9,16,361.0,42.2,1,63.9,2,2.9,1
S2452,Business Administration,1,97.1,18,286.0,70.5,2,55.6,1,4.2,0
S2453,Artificial Intelligence,6,81.6,19,213.0,84.7,3,56.5,0,4.5,0
S2454,Information Technology,8,85.1,19,269.0,60.0,2,76.6,0,3.7,0
S2455,Data Science,3,76.7,12,147.0,79.7,4,35.8,1,2.8,1
S2456,Artificial Intelligence,5,83.8,24,190.0,82.9,0,64.3,0,2.0,1
S2457,Information Technology,5,93.3,14,280.0,100.0,2,55.1,0,3.3,0
S2458,Computer Science,1,86.9,26,338.0,61.3,1,54.8,1,2.6,0
S2459,Computer Science,5,88.9,17,123.0,82.4,1,79.4,1,3.1,1
S2460,Business Administration,1,62.0,15,323.0,58.3,0,65.9,1,5.0,0
S2461,Information Technology,1,100.0,23,490.0,38.7,1,55.5,0,3.3,0
S2462,Computer Science,8,62.2,13,352.0,69.4,0,73.1,3,2.4,0
S2463,Data Science,7,83.9,17,359.0,68.2,1,74.7,1,3.0,0
S2464,Information Technology,4,80.2,28,349.0,84.2,0,84.6,4,4.3,0
S2465,Data Science,4,80.7,17,108.0,98.9,2,69.9,1,3.7,1
S2466,Data Science,7,92.4,20,119.0,79.9,1,60.2,2,4.1,1
S2467,Computer Science,4,73.5,19,372.0,66.3,0,92.3,1,5.0,0
S2468,Information Technology,2,76.8,27,385.0,63.2,2,90.5,1,3.4,0
S2469,Artificial Intelligence,4,68.2,11,425.0,99.0,4,100.0,2,4.7,0
S2470,Computer Science,1,95.5,21,462.0,90.4,4,85.2,0,4.0,0
S2471,Computer Science,6,85.2,23,238.0,62.1,2,77.9,1,3.0,1
S2472,Information Technology,6,89.6,21,416.0,53.4,0,32.0,1,4.6,0
S2473,Information Technology,3,91.7,19,415.0,62.1,1,92.3,0,3.7,0
S2474,Data Science,8,100.0,12,484.0,95.8,0,68.1,0,4.6,0
S2475,Information Technology,4,100.0,16,492.0,61.0,2,65.0,2,3.4,0
S2476,Data Science,6,85.9,19,253.0,86.3,0,74.8,2,2.0,1
S2477,Computer Science,4,83.9,12,290.0,100.0,2,58.3,0,1.7,1
S2478,Business Administration,8,75.6,22,325.0,63.7,3,83.7,0,3.9,0
S2479,Artificial Intelligence,3,90.9,17,201.0,71.2,0,44.4,0,3.1,0
S2480,Computer Science,6,90.5,23,433.0,77.4,1,83.0,0,2.0,0
S2481,Information Technology,1,73.2,18,275.0,49.1,4,76.5,0,3.9,0
S2482,Artificial Intelligence,2,90.6,18,440.0,65.2,4,68.1,5,4.1,0
S2483,Business Administration,7,94.1,17,482.0,81.2,0,87.6,1,3.6,0
S2484,Business Administration,7,68.5,11,266.0,60.5,1,78.5,4,3.4,1
S2485,Data Science,7,84.3,19,91.0,100.0,0,100.0,0,4.1,0
S2486,Artificial Intelligence,4,81.2,13,297.0,69.1,2,58.7,1,3.4,0
S2487,Data Science,6,81.9,11,460.0,74.8,1,68.6,0,3.2,0
S2488,Computer Science,8,70.6,23,459.0,67.7,1,70.9,2,2.6,0
S2489,Artificial Intelligence,8,60.1,20,288.0,73.6,1,83.9,0,2.4,0
S2490,Computer Science,6,72.9,23,315.0,65.0,4,69.8,3,3.5,1
S2491,Data Science,3,71.3,16,282.0,40.6,3,47.6,1,2.9,1
S2492,Artificial Intelligence,1,86.2,19,229.0,71.5,2,28.8,1,4.9,0
S2493,Data Science,5,86.4,16,94.0,100.0,1,55.9,0,3.6,1
S2494,Artificial Intelligence,6,85.8,19,362.0,100.0,0,75.5,1,2.6,0
S2495,Data Science,2,65.2,22,242.0,59.0,1,72.6,0,3.7,0
S2496,Business Administration,3,68.6,14,326.0,49.3,5,53.6,3,3.4,1
S2497,Data Science,6,74.6,17,381.0,41.0,1,64.0,1,3.8,0
S2498,Business Administration,6,82.3,25,408.0,60.5,3,48.6,0,3.9,0
S2499,Data Science,3,78.0,15,217.0,68.0,4,58.9,0,2.9,1
S2500,Artificial Intelligence,3,85.7,19,183.0,85.2,0,82.7,1,3.7,0
S2501,Artificial Intelligence,4,93.7,15,371.0,70.5,1,55.5,0,5.0,0
S2502,Artificial Intelligence,6,70.0,15,379.0,93.8,1,85.6,0,2.9,0
S2503,Information Technology,5,70.5,22,232.0,88.7,0,40.5,1,3.2,1
S2504,Computer Science,2,83.6,21,419.0,84.2,2,58.0,2,2.5,0
S2505,Artificial Intelligence,1,81.0,15,295.0,75.8,2,96.6,2,4.5,0
S2506,Business Administration,1,90.9,27,211.0,95.8,1,29.5,1,3.4,0
S2507,Artificial Intelligence,5,82.1,17,182.0,89.4,1,67.3,1,2.3,1
S2508,Information Technology,8,100.0,15,359.0,51.7,3,78.4,1,2.5,1
S2509,Business Administration,3,62.9,20,329.0,87.5,0,69.5,2,2.8,0
S2510,Information Technology,3,92.1,12,346.0,67.7,0,82.9,0,4.5,0
S2511,Business Administration,8,84.4,22,167.0,94.5,2,81.9,0,3.6,0
S2512,Data Science,3,65.2,17,33.0,89.8,1,57.6,2,3.3,1
S2513,Computer Science,8,57.2,17,373.0,100.0,2,78.3,0,2.9,0
S2514,Computer Science,6,68.5,18,444.0,42.0,1,63.4,1,3.5,0
S2515,Information Technology,8,96.5,17,106.0,83.5,1,72.7,3,3.0,1
S2516,Computer Science,3,95.1,15,250.0,66.3,0,57.7,2,4.6,0
S2517,Information Technology,3,80.5,14,617.0,100.0,1,100.0,0,3.6,0
S2518,Information Technology,6,77.7,19,368.0,23.4,1,61.6,0,2.7,0
S2519,Information Technology,8,71.7,17,457.0,85.9,1,53.0,1,2.9,0
S2520,Computer Science,6,79.8,13,496.0,88.0,3,83.0,0,4.8,0
S2521,Information Technology,5,76.3,18,242.0,39.5,1,66.2,2,3.3,1
S2522,Computer Science,4,100.0,20,581.0,87.3,2,82.7,2,4.7,0
S2523,Information Technology,6,67.2,14,91.0,41.7,2,63.7,0,3.7,1
S2524,Artificial Intelligence,2,86.7,28,361.0,65.0,3,48.5,1,3.8,0
S2525,Information Technology,3,100.0,18,341.0,85.4,1,85.5,2,3.1,0
S2526,Business Administration,4,91.3,24,168.0,60.4,1,52.8,0,4.1,0
S2527,Information Technology,1,68.5,19,211.0,79.4,2,53.5,3,2.5,1
S2528,Data Science,5,63.5,16,226.0,77.9,0,65.5,1,2.9,1
S2529,Information Technology,8,85.3,16,127.0,87.6,2,58.3,1,3.8,1
S2530,Business Administration,4,83.8,17,130.0,58.8,5,53.5,0,3.3,1
S2531,Business Administration,6,96.8,21,261.0,94.7,0,46.0,0,3.5,0
S2532,Computer Science,3,88.6,18,242.0,26.0,0,81.0,1,3.9,0
S2533,Artificial Intelligence,3,76.2,12,221.0,100.0,0,89.2,0,3.5,0
S2534,Information Technology,3,75.4,13,400.0,73.4,0,57.6,3,3.6,0
S2535,Computer Science,4,66.3,20,210.0,75.2,4,86.9,1,5.0,0
S2536,Artificial Intelligence,3,83.6,7,332.0,83.5,0,73.7,1,1.9,0
S2537,Information Technology,6,65.1,12,300.0,81.4,2,78.0,1,3.1,1
S2538,Data Science,8,92.9,15,262.0,78.0,5,77.2,0,3.3,1
S2539,Information Technology,4,89.1,20,136.0,100.0,0,59.6,0,4.3,0
S2540,Business Administration,3,88.7,22,280.0,50.5,0,56.9,1,4.1,0
S2541,Business Administration,1,66.1,18,223.0,60.8,3,65.3,2,1.5,1
S2542,Data Science,1,80.2,16,415.0,85.8,2,65.7,2,4.4,0
S2543,Computer Science,2,77.3,12,377.0,71.4,0,81.8,1,3.6,0
S2544,Artificial Intelligence,3,83.2,17,229.0,100.0,0,72.7,0,4.1,0
S2545,Information Technology,3,88.3,23,193.0,100.0,2,69.4,0,3.1,0
S2546,Business Administration,4,75.8,12,193.0,78.1,2,76.0,0,4.0,1
S2547,Computer Science,4,76.3,13,270.0,47.0,1,52.5,2,3.8,0
S2548,Data Science,7,90.2,17,426.0,62.2,2,76.3,2,3.4,0
S2549,Business Administration,8,68.4,16,442.0,41.2,2,71.3,0,4.8,0
S2550,Data Science,3,73.0,11,0.0,89.1,3,100.0,1,5.0,1
S2551,Information Technology,2,82.1,16,482.0,61.0,0,50.2,0,3.5,0
S2552,Artificial Intelligence,8,92.8,22,286.0,75.1,1,74.7,2,2.2,1
S2553,Business Administration,3,70.4,22,135.0,72.8,2,57.6,1,3.9,1
S2554,Business Administration,8,100.0,28,294.0,98.3,3,70.3,0,2.9,0
S2555,Information Technology,6,65.8,14,201.0,79.0,3,88.3,0,3.8,1
S2556,Computer Science,4,100.0,20,498.0,73.1,4,96.5,0,3.9,0
S2557,Artificial Intelligence,3,96.4,19,230.0,61.4,1,57.3,1,3.6,0
S2558,Business Administration,8,64.8,18,185.0,88.9,0,64.3,3,2.7,1
S2559,Artificial Intelligence,4,62.4,21,552.0,58.2,2,36.3,0,2.3,0
S2560,Business Administration,3,90.6,22,348.0,55.4,0,93.4,1,2.6,0
S2561,Artificial Intelligence,5,77.5,16,239.0,67.3,1,57.7,0,3.4,1
S2562,Data Science,4,69.9,11,522.0,100.0,1,41.3,4,4.7,0
S2563,Business Administration,8,100.0,16,457.0,76.2,2,70.6,2,3.3,0
S2564,Artificial Intelligence,2,67.7,18,226.0,77.1,3,51.0,1,4.4,1
S2565,Computer Science,5,73.3,21,203.0,83.7,1,53.7,2,2.0,1
S2566,Data Science,6,74.7,22,312.0,82.2,0,56.3,2,3.9,0
S2567,Data Science,3,48.4,13,281.0,74.1,2,87.0,0,4.8,0
S2568,Computer Science,7,83.1,17,215.0,60.6,1,93.5,1,2.8,1
S2569,Artificial Intelligence,6,71.1,25,298.0,70.1,1,75.4,2,3.4,0
S2570,Information Technology,4,91.7,19,510.0,74.3,3,65.2,0,3.6,0
S2571,Computer Science,5,93.3,11,426.0,52.5,3,49.4,1,4.1,0
S2572,Artificial Intelligence,6,84.8,19,347.0,74.1,0,61.9,2,2.6,0
S2573,Computer Science,2,84.9,17,259.0,81.5,1,73.0,0,2.5,0
S2574,Computer Science,7,84.0,17,285.0,68.4,1,77.7,0,4.0,0
S2575,Business Administration,4,73.6,14,382.0,100.0,3,77.6,1,3.9,0
S2576,Artificial Intelligence,5,74.6,14,372.0,83.0,2,74.8,2,2.7,1
S2577,Information Technology,6,97.9,11,308.0,64.3,2,74.9,2,4.0,0
S2578,Business Administration,5,90.8,21,430.0,70.6,2,73.8,1,3.4,0
S2579,Computer Science,5,84.5,17,160.0,100.0,1,76.5,0,2.8,0
S2580,Computer Science,6,89.2,24,418.0,66.9,0,48.0,1,2.8,0
S2581,Computer Science,1,81.3,14,375.0,63.6,2,50.1,1,3.3,0
S2582,Artificial Intelligence,3,84.2,21,129.0,62.8,1,83.1,0,5.0,0
S2583,Artificial Intelligence,8,89.1,14,221.0,79.3,0,70.1,0,3.7,0
S2584,Business Administration,4,57.1,18,480.0,82.0,2,84.4,1,2.8,0
S2585,Information Technology,4,92.9,14,363.0,90.2,1,82.5,1,2.9,0
S2586,Business Administration,7,92.0,15,286.0,64.9,1,58.9,0,4.0,0
S2587,Data Science,7,72.6,16,339.0,100.0,3,87.0,1,3.4,0
S2588,Computer Science,7,96.9,11,301.0,87.2,2,90.9,0,3.5,0
S2589,Computer Science,4,55.4,14,343.0,70.5,1,65.8,1,3.1,0
S2590,Computer Science,5,86.2,14,412.0,92.9,2,89.4,0,2.5,0
S2591,Business Administration,7,82.5,21,517.0,100.0,0,62.1,1,3.6,0
S2592,Business Administration,6,78.3,18,183.0,86.7,3,76.6,0,5.0,0
S2593,Computer Science,3,82.2,28,440.0,100.0,1,83.0,0,3.4,0
S2594,Business Administration,2,89.0,21,255.0,59.8,0,60.0,0,3.4,0
S2595,Artificial Intelligence,4,60.3,16,153.0,43.3,2,66.2,1,4.0,1
S2596,Artificial Intelligence,6,94.0,19,457.0,87.6,2,59.2,1,3.5,0
S2597,Business Administration,3,77.1,21,217.0,98.4,1,65.2,2,2.8,1
S2598,Computer Science,3,94.2,22,420.0,54.1,4,90.8,2,3.1,0
S2599,Business Administration,1,89.7,13,429.0,100.0,1,65.5,2,3.1,0
S2600,Business Administration,8,76.8,20,533.0,70.1,4,69.0,4,4.2,0
S2601,Business Administration,6,81.0,12,448.0,89.0,1,78.1,1,3.0,0
S2602,Data Science,4,81.8,22,456.0,82.8,3,56.7,1,2.6,0
S2603,Artificial Intelligence,7,100.0,19,442.0,86.4,4,50.5,1,4.4,0
S2604,Information Technology,5,68.3,18,327.0,88.2,0,60.4,0,4.2,0
S2605,Information Technology,7,76.7,14,463.0,76.4,1,60.6,0,3.7,0
S2606,Data Science,3,63.0,19,268.0,70.2,2,61.1,0,2.9,1
S2607,Business Administration,3,83.5,16,225.0,84.2,1,82.6,0,1.5,1
S2608,Data Science,2,74.5,16,371.0,73.0,1,40.7,2,5.0,0
S2609,Data Science,7,76.0,20,449.0,65.5,3,93.2,0,5.0,0
S2610,Computer Science,8,99.8,15,279.0,83.7,1,86.9,5,3.6,0
S2611,Artificial Intelligence,8,72.1,21,253.0,67.2,4,36.6,1,3.6,1
S2612,Information Technology,1,80.1,18,128.0,74.5,4,72.0,0,2.9,1
S2613,Business Administration,8,76.5,21,201.0,68.4,2,49.2,1,1.7,1
S2614,Information Technology,3,77.3,18,216.0,100.0,2,69.9,1,3.3,1
S2615,Information Technology,3,100.0,17,447.0,79.9,1,52.5,0,1.8,0
S2616,Artificial Intelligence,8,61.2,14,251.0,49.5,4,58.9,0,4.1,1
S2617,Information Technology,5,89.7,20,358.0,100.0,1,63.6,1,3.8,0
S2618,Information Technology,5,100.0,19,120.0,45.4,0,72.5,2,2.8,1
S2619,Data Science,8,94.9,21,456.0,100.0,1,66.8,2,4.1,0
S2620,Artificial Intelligence,2,82.6,25,328.0,78.7,1,68.7,2,4.4,0
S2621,Computer Science,6,67.9,15,138.0,66.8,2,85.8,0,3.5,0
S2622,Business Administration,2,97.7,17,238.0,71.5,2,78.7,3,3.3,1
S2623,Information Technology,2,93.2,15,207.0,49.3,0,71.1,0,3.4,0
S2624,Business Administration,8,63.6,15,328.0,76.1,0,63.4,3,4.9,0
S2625,Computer Science,5,78.2,13,257.0,70.0,2,93.7,1,3.6,1
S2626,Business Administration,7,67.5,20,264.0,76.9,3,79.9,0,4.0,0
S2627,Computer Science,7,47.7,11,200.0,94.2,0,56.5,0,5.0,0
S2628,Data Science,8,67.2,19,153.0,83.5,1,75.7,0,2.7,1
S2629,Information Technology,7,83.3,23,398.0,57.2,3,77.2,2,1.2,1
S2630,Computer Science,6,89.0,23,420.0,60.2,1,77.7,1,3.6,0
S2631,Business Administration,5,78.1,21,220.0,82.5,1,69.1,2,4.1,0
S2632,Information Technology,8,98.5,16,360.0,86.8,1,100.0,2,2.8,0
S2633,Data Science,1,94.4,18,193.0,76.7,1,74.1,2,3.9,0
S2634,Information Technology,4,80.5,13,394.0,88.0,1,37.3,1,4.5,0
S2635,Computer Science,4,79.0,16,284.0,80.6,1,35.4,0,2.1,1
S2636,Data Science,8,86.6,13,211.0,81.1,2,46.1,1,2.7,1
S2637,Business Administration,8,81.8,19,177.0,93.1,0,75.5,2,3.8,1
S2638,Data Science,1,64.9,13,431.0,100.0,1,83.0,0,2.7,0
S2639,Data Science,7,78.5,17,133.0,83.4,1,90.1,0,3.1,1
S2640,Artificial Intelligence,4,90.0,15,291.0,100.0,1,66.0,1,3.8,0
S2641,Data Science,6,97.8,14,70.0,80.6,4,66.1,2,2.5,1
S2642,Data Science,8,93.5,19,184.0,80.3,0,77.3,2,2.0,1
S2643,Information Technology,5,86.0,24,147.0,100.0,1,66.5,1,3.1,1
S2644,Business Administration,4,99.5,15,6.0,75.0,1,75.8,1,3.7,1
S2645,Information Technology,6,87.1,18,236.0,45.4,3,57.5,1,4.1,1
S2646,Information Technology,5,80.9,14,260.0,58.3,0,71.8,1,2.5,1
S2647,Computer Science,8,99.7,17,159.0,94.3,1,64.6,5,2.8,1
S2648,Information Technology,6,90.6,10,227.0,86.8,0,90.8,1,4.1,0
S2649,Artificial Intelligence,1,97.6,17,272.0,61.3,0,78.5,1,2.5,0
S2650,Artificial Intelligence,8,67.7,14,73.0,42.8,0,97.8,1,2.7,1
S2651,Computer Science,2,71.7,14,304.0,71.2,6,75.8,0,4.6,0
S2652,Business Administration,1,72.2,21,372.0,99.6,1,60.4,0,3.2,0
S2653,Business Administration,4,84.2,12,335.0,76.0,1,59.2,2,2.6,1
S2654,Information Technology,5,100.0,20,338.0,71.6,0,60.0,0,3.6,0
S2655,Information Technology,6,68.3,18,282.0,58.2,0,82.4,3,4.0,0
S2656,Information Technology,4,92.9,12,342.0,72.2,1,72.6,0,3.9,0
S2657,Business Administration,4,67.6,22,428.0,87.6,3,65.3,1,3.4,0
S2658,Data Science,8,100.0,17,602.0,74.6,1,84.1,2,2.9,0
S2659,Artificial Intelligence,2,62.8,15,176.0,75.0,1,82.0,1,4.8,0
S2660,Data Science,7,90.9,20,200.0,98.2,1,76.0,3,4.3,0
S2661,Data Science,4,92.6,15,184.0,64.0,3,60.6,0,3.0,0
S2662,Business Administration,2,89.4,19,453.0,86.5,0,48.1,1,3.5,0
S2663,Data Science,5,71.5,13,487.0,75.2,0,83.7,3,2.8,0
S2664,Computer Science,5,69.3,15,391.0,100.0,2,74.2,2,3.6,0
S2665,Information Technology,6,97.3,14,141.0,93.6,1,84.9,0,3.6,0
S2666,Computer Science,7,94.6,14,264.0,100.0,1,45.2,0,3.8,0
S2667,Artificial Intelligence,2,94.4,14,342.0,89.1,2,73.8,2,4.7,0
S2668,Information Technology,1,95.9,22,341.0,69.2,1,47.4,1,4.1,0
S2669,Data Science,5,63.6,22,532.0,100.0,2,70.3,1,2.9,0
S2670,Artificial Intelligence,8,63.2,15,427.0,84.5,6,65.6,0,2.6,1
S2671,Information Technology,7,73.9,8,422.0,82.0,2,80.7,0,3.7,0
S2672,Data Science,6,76.2,17,249.0,63.7,1,79.9,0,4.1,0
S2673,Computer Science,1,75.0,22,350.0,91.3,2,62.4,1,5.0,0
S2674,Information Technology,5,85.3,13,103.0,70.3,0,66.9,1,2.4,1
S2675,Data Science,5,95.4,15,310.0,68.5,0,60.9,0,4.2,0
S2676,Computer Science,6,78.5,15,321.0,83.4,3,39.2,1,3.1,1
S2677,Artificial Intelligence,6,72.2,18,150.0,66.9,1,68.3,1,4.9,0
S2678,Artificial Intelligence,3,91.8,17,264.0,64.3,2,34.3,3,3.2,1
S2679,Artificial Intelligence,8,78.6,18,476.0,61.1,1,54.3,1,4.4,0
S2680,Artificial Intelligence,4,83.3,25,295.0,96.5,1,72.0,0,5.0,0
S2681,Business Administration,4,78.0,26,375.0,100.0,2,69.9,1,3.9,0
S2682,Information Technology,1,86.1,22,587.0,100.0,2,81.0,0,2.9,0
S2683,Information Technology,4,69.8,18,245.0,94.8,3,66.8,3,3.0,1
S2684,Business Administration,1,90.7,14,402.0,36.4,1,85.4,3,2.7,0
S2685,Data Science,7,81.6,24,278.0,83.8,4,75.7,0,3.0,0
S2686,Data Science,5,72.8,16,433.0,73.6,0,72.5,2,2.9,0
S2687,Artificial Intelligence,3,88.4,20,295.0,100.0,1,45.1,1,5.0,0
S2688,Computer Science,3,72.8,18,427.0,85.1,3,93.4,2,2.9,0
S2689,Data Science,8,73.3,12,465.0,63.0,1,49.9,1,3.6,0
S2690,Computer Science,8,67.6,15,276.0,64.9,5,72.1,1,3.8,1
S2691,Information Technology,5,61.6,21,426.0,46.6,1,97.7,2,3.8,0
S2692,Computer Science,6,88.4,15,94.0,76.7,1,37.3,2,5.0,1
S2693,Information Technology,8,96.0,16,315.0,49.7,1,61.4,1,2.3,0
S2694,Business Administration,8,76.6,20,457.0,41.7,1,30.4,0,2.5,0
S2695,Business Administration,2,72.4,22,586.0,61.2,2,78.9,1,2.8,0
S2696,Artificial Intelligence,2,60.3,17,149.0,59.6,2,66.6,0,4.6,1
S2697,Data Science,4,55.9,12,165.0,79.3,1,59.5,0,3.9,1
S2698,Artificial Intelligence,6,90.7,21,237.0,85.0,1,55.4,2,5.0,0
S2699,Information Technology,1,58.3,23,320.0,78.1,0,62.6,3,2.0,0
S2700,Artificial Intelligence,7,68.3,18,222.0,76.0,0,76.8,1,4.0,0
S2701,Computer Science,3,85.4,16,407.0,85.0,0,55.5,1,3.9,0
S2702,Information Technology,4,83.1,11,266.0,98.8,2,64.4,2,2.2,1
S2703,Business Administration,8,85.9,19,214.0,60.1,2,70.0,0,3.9,1
S2704,Data Science,5,82.1,26,175.0,83.9,1,62.4,0,3.9,0
S2705,Information Technology,6,77.7,11,307.0,78.5,1,70.9,0,3.0,0
S2706,Information Technology,8,68.3,13,355.0,85.4,1,50.8,2,3.9,0
S2707,Computer Science,3,74.4,14,409.0,74.5,1,55.0,1,2.6,0
S2708,Data Science,1,78.5,19,254.0,62.0,1,65.8,1,4.1,0
S2709,Business Administration,1,59.3,21,357.0,75.5,0,44.8,2,4.5,0
S2710,Information Technology,2,72.6,23,489.0,64.9,2,61.4,1,2.8,0
S2711,Information Technology,4,77.5,16,448.0,60.2,1,61.6,1,4.2,0
S2712,Computer Science,8,73.7,17,250.0,99.3,1,77.7,1,2.3,1
S2713,Artificial Intelligence,5,77.9,21,382.0,80.7,1,84.0,1,3.6,0
S2714,Business Administration,3,90.0,12,278.0,42.4,1,85.2,0,3.5,0
S2715,Data Science,8,91.5,15,248.0,20.0,0,71.7,1,3.2,1
S2716,Information Technology,7,100.0,31,188.0,75.3,0,47.7,2,3.2,1
S2717,Information Technology,1,63.9,23,513.0,66.6,0,50.9,0,4.8,0
S2718,Business Administration,8,77.0,16,215.0,78.4,1,73.7,2,1.4,1
S2719,Artificial Intelligence,3,96.7,18,281.0,82.4,3,78.7,2,4.7,0
S2720,Information Technology,5,61.1,19,71.0,77.8,2,49.3,1,2.5,1
S2721,Business Administration,3,67.9,16,432.0,63.9,2,89.1,1,4.9,0
S2722,Computer Science,4,74.6,22,296.0,95.5,1,85.7,2,4.3,0
S2723,Artificial Intelligence,2,100.0,15,443.0,57.0,1,90.1,1,3.8,0
S2724,Data Science,3,70.3,12,342.0,99.9,1,71.3,2,4.5,0
S2725,Information Technology,6,95.0,14,316.0,88.5,3,50.4,2,3.1,1
S2726,Business Administration,8,81.7,21,401.0,66.2,2,77.1,1,3.9,0
S2727,Computer Science,2,68.2,18,299.0,85.9,1,66.4,0,3.4,0
S2728,Data Science,5,100.0,19,79.0,71.6,3,67.8,2,3.8,1
S2729,Business Administration,2,84.3,18,332.0,100.0,2,87.7,1,4.2,0
S2730,Business Administration,3,86.5,16,433.0,66.5,3,59.7,1,4.0,0
S2731,Data Science,3,88.4,20,196.0,92.5,0,72.6,1,3.2,0
S2732,Computer Science,6,87.5,12,47.0,55.2,2,62.1,0,3.6,1
S2733,Computer Science,1,100.0,23,214.0,84.1,0,59.3,0,3.4,0
S2734,Artificial Intelligence,8,100.0,13,339.0,83.4,1,58.1,1,3.0,0
S2735,Information Technology,6,70.8,25,159.0,89.4,2,56.3,1,4.3,1
S2736,Data Science,3,100.0,22,286.0,86.9,2,51.0,4,4.5,0
S2737,Data Science,7,73.6,26,349.0,72.5,5,98.3,3,5.0,0
S2738,Data Science,2,85.9,13,195.0,43.1,1,68.2,2,2.9,1
S2739,Computer Science,6,64.6,17,455.0,53.8,0,74.5,0,4.4,0
S2740,Information Technology,6,94.4,16,381.0,40.8,2,58.7,1,3.8,0
S2741,Artificial Intelligence,8,78.3,13,179.0,73.2,1,53.5,0,3.3,1
S2742,Business Administration,7,68.2,19,384.0,98.4,3,56.9,1,4.2,0
S2743,Business Administration,7,96.3,20,201.0,64.7,4,56.3,0,3.5,1
S2744,Data Science,7,99.2,24,238.0,70.9,2,70.0,3,3.4,1
S2745,Information Technology,8,99.6,20,305.0,67.3,1,65.4,0,3.5,0
S2746,Computer Science,1,63.7,20,399.0,82.5,0,94.6,1,2.9,0
S2747,Information Technology,3,100.0,13,295.0,81.1,2,56.0,2,4.5,0
S2748,Information Technology,3,78.4,14,350.0,70.5,2,75.4,3,3.6,1
S2749,Computer Science,5,100.0,18,472.0,60.5,0,36.7,2,4.1,0
S2750,Data Science,8,89.5,19,331.0,89.3,3,60.9,1,4.8,0
S2751,Information Technology,1,85.0,17,224.0,97.7,1,100.0,2,2.8,0
S2752,Business Administration,5,82.1,11,384.0,92.4,2,49.0,0,5.0,0
S2753,Computer Science,5,81.8,16,234.0,57.4,1,79.9,0,3.6,0
S2754,Artificial Intelligence,5,73.8,16,265.0,37.0,2,74.0,0,3.9,0
S2755,Data Science,8,69.2,20,368.0,73.7,2,61.9,1,4.1,0
S2756,Computer Science,4,77.6,23,370.0,100.0,1,45.8,2,2.8,0
S2757,Artificial Intelligence,5,96.3,20,278.0,42.2,0,63.1,0,2.9,0
S2758,Artificial Intelligence,6,65.2,19,262.0,70.6,1,56.6,3,3.3,1
S2759,Information Technology,2,98.1,14,519.0,100.0,1,52.9,0,3.6,0
S2760,Information Technology,6,83.7,23,37.0,95.7,1,37.0,0,2.9,1
S2761,Information Technology,6,91.4,17,344.0,82.2,0,65.9,3,2.4,1
S2762,Computer Science,3,92.0,18,302.0,56.5,2,57.4,0,4.4,0
S2763,Computer Science,4,93.1,23,249.0,100.0,1,51.7,0,2.6,0
S2764,Data Science,8,82.3,14,335.0,74.7,3,46.9,1,4.2,0
S2765,Information Technology,5,82.6,21,183.0,37.5,0,56.7,1,2.5,1
S2766,Artificial Intelligence,3,92.7,16,144.0,100.0,0,77.4,0,3.0,1
S2767,Business Administration,1,69.5,23,425.0,59.3,0,71.8,2,3.4,0
S2768,Data Science,1,67.7,22,219.0,100.0,0,70.3,0,5.0,0
S2769,Computer Science,8,76.4,17,285.0,74.7,1,56.5,0,3.7,0
S2770,Data Science,3,85.5,19,29.0,85.6,1,93.2,2,3.7,1
S2771,Data Science,2,100.0,16,92.0,79.7,5,58.8,0,3.4,1
S2772,Data Science,8,82.6,17,330.0,73.2,0,73.1,2,2.8,0
S2773,Data Science,3,100.0,17,430.0,92.3,1,83.2,2,4.0,0
S2774,Business Administration,3,88.2,22,218.0,81.6,2,64.5,2,3.5,0
S2775,Information Technology,4,76.6,17,496.0,79.1,1,37.3,3,4.6,0
S2776,Artificial Intelligence,8,95.8,12,454.0,59.5,1,74.8,0,2.6,0
S2777,Data Science,1,79.1,15,406.0,75.3,1,71.4,1,4.6,0
S2778,Data Science,1,85.0,17,430.0,56.8,1,44.8,1,3.7,0
S2779,Data Science,5,66.0,20,458.0,85.3,2,72.8,1,2.9,0
S2780,Information Technology,6,63.9,19,238.0,84.1,1,66.3,0,3.7,0
S2781,Computer Science,8,88.6,18,243.0,81.2,0,73.4,0,2.8,0
S2782,Computer Science,3,95.2,20,384.0,100.0,0,47.1,0,4.5,0
S2783,Business Administration,8,100.0,17,151.0,92.4,2,79.6,0,3.4,1
S2784,Computer Science,3,72.3,19,340.0,100.0,0,59.3,0,2.9,0
S2785,Data Science,2,99.6,12,355.0,95.7,4,52.6,1,3.1,0
S2786,Data Science,8,97.8,20,384.0,80.8,1,79.5,0,2.9,0
S2787,Data Science,7,76.1,21,369.0,72.6,2,80.9,1,4.7,0
S2788,Business Administration,7,98.7,23,145.0,52.6,2,70.0,0,2.6,1
S2789,Data Science,1,93.3,16,95.0,100.0,1,77.5,0,3.4,1
S2790,Computer Science,2,95.7,14,308.0,88.3,0,59.6,2,3.7,0
S2791,Information Technology,4,100.0,14,593.0,69.9,2,60.4,1,3.1,0
S2792,Information Technology,5,95.2,17,185.0,83.6,4,86.9,0,2.4,1
S2793,Artificial Intelligence,2,56.4,20,261.0,80.4,1,32.1,2,5.0,0
S2794,Computer Science,1,85.9,27,336.0,76.4,0,36.3,0,3.2,0
S2795,Data Science,4,63.2,20,235.0,94.7,1,63.3,1,2.5,1
S2796,Information Technology,3,83.8,20,379.0,50.1,1,59.3,2,2.9,1
S2797,Computer Science,4,83.1,19,385.0,93.4,1,85.4,0,3.6,0
S2798,Information Technology,6,75.0,21,485.0,100.0,3,61.3,0,3.4,0
S2799,Data Science,8,69.7,24,366.0,58.0,0,71.3,2,2.4,0
S2800,Information Technology,2,75.6,22,260.0,42.8,4,80.8,0,3.7,0
S2801,Artificial Intelligence,1,78.0,20,404.0,86.4,4,81.9,0,2.6,0
S2802,Artificial Intelligence,2,80.4,24,295.0,95.4,2,51.0,1,4.1,0
S2803,Information Technology,3,83.3,19,255.0,62.1,0,73.6,0,3.8,0
S2804,Computer Science,7,89.0,30,250.0,52.8,0,41.7,2,3.3,1
S2805,Computer Science,3,78.2,20,241.0,44.2,2,81.2,0,5.0,0
S2806,Computer Science,1,97.4,20,431.0,97.5,0,62.3,1,3.0,0
S2807,Information Technology,6,81.5,20,429.0,76.1,3,76.2,1,3.4,0
S2808,Computer Science,5,93.1,15,334.0,100.0,2,62.9,1,4.8,0
S2809,Data Science,8,78.3,25,247.0,28.0,0,62.7,0,4.1,0
S2810,Artificial Intelligence,8,100.0,12,323.0,79.5,3,73.3,3,2.8,1
S2811,Data Science,4,87.6,25,212.0,98.1,1,72.2,2,3.8,0
S2812,Computer Science,4,100.0,28,289.0,61.1,1,58.4,1,4.3,0
S2813,Data Science,3,73.7,17,119.0,91.3,2,47.0,1,1.4,1
S2814,Computer Science,2,76.6,13,286.0,59.0,1,60.1,1,3.2,0
S2815,Information Technology,7,79.0,18,405.0,60.9,0,71.4,1,5.0,0
S2816,Data Science,2,100.0,16,236.0,79.3,0,86.6,0,3.0,0
S2817,Information Technology,6,79.4,14,423.0,67.1,0,63.5,3,4.7,0
S2818,Information Technology,5,72.1,22,374.0,100.0,2,54.4,3,2.9,0
S2819,Business Administration,8,97.6,16,352.0,78.2,1,48.7,0,3.7,0
S2820,Computer Science,2,82.7,19,232.0,100.0,1,70.0,0,3.6,0
S2821,Artificial Intelligence,8,79.4,23,191.0,90.1,2,62.2,0,2.9,1
S2822,Computer Science,4,74.7,15,420.0,61.6,0,58.5,1,2.1,0
S2823,Artificial Intelligence,8,87.9,20,159.0,82.0,0,90.4,1,4.2,0
S2824,Computer Science,7,94.8,12,253.0,63.0,3,73.0,1,3.0,0
S2825,Information Technology,8,91.5,14,330.0,98.8,3,74.0,1,5.0,0
S2826,Data Science,2,76.2,19,590.0,100.0,2,59.3,1,3.3,0
S2827,Data Science,7,70.1,17,386.0,46.9,3,66.3,0,3.4,0
S2828,Business Administration,8,45.0,19,221.0,88.2,0,69.1,0,3.9,0
S2829,Artificial Intelligence,5,70.7,16,298.0,99.8,1,59.1,0,2.9,0
S2830,Artificial Intelligence,4,77.5,23,272.0,94.1,1,79.1,0,3.5,0
S2831,Artificial Intelligence,8,81.3,19,339.0,76.1,1,58.4,0,2.2,0
S2832,Information Technology,7,78.8,21,420.0,100.0,0,83.5,1,4.2,0
S2833,Artificial Intelligence,2,100.0,20,226.0,82.2,4,77.9,0,2.3,1
S2834,Data Science,4,87.9,10,323.0,51.3,0,75.3,0,4.2,0
S2835,Information Technology,3,67.1,18,417.0,90.5,2,68.1,0,3.2,0
S2836,Computer Science,3,89.9,21,156.0,97.7,2,65.4,0,3.0,1
S2837,Artificial Intelligence,6,86.7,7,283.0,88.6,3,82.4,1,3.1,0
S2838,Artificial Intelligence,3,69.4,14,256.0,81.7,2,61.4,0,3.9,0
S2839,Computer Science,2,85.5,17,298.0,53.0,1,32.4,0,3.8,0
S2840,Artificial Intelligence,5,88.4,19,34.0,48.2,0,62.8,1,3.2,1
S2841,Computer Science,4,94.3,17,216.0,60.6,0,61.2,0,2.8,1
S2842,Information Technology,7,60.7,12,47.0,34.7,1,56.9,3,2.5,1
S2843,Data Science,1,89.8,16,172.0,100.0,0,81.9,0,1.6,0
S2844,Computer Science,3,98.9,24,316.0,79.3,3,45.2,2,4.5,0
S2845,Business Administration,3,100.0,31,349.0,72.0,0,63.4,0,3.7,0
S2846,Computer Science,1,67.3,27,253.0,52.1,0,66.4,1,4.5,0
S2847,Artificial Intelligence,7,80.2,21,46.0,54.9,3,58.3,0,4.3,1
S2848,Information Technology,7,81.4,13,230.0,78.4,0,81.5,1,4.3,0
S2849,Information Technology,1,90.1,15,149.0,72.8,1,91.9,1,3.1,1
S2850,Computer Science,7,80.0,12,269.0,80.4,4,69.4,2,3.6,1
S2851,Data Science,2,73.4,14,312.0,54.1,3,72.8,2,2.7,1
S2852,Business Administration,7,84.6,23,107.0,84.9,5,78.2,0,4.0,1
S2853,Information Technology,4,77.9,12,254.0,100.0,1,71.1,1,3.6,1
S2854,Artificial Intelligence,7,88.7,17,36.0,72.9,1,95.2,2,3.9,1
S2855,Artificial Intelligence,8,72.3,16,277.0,92.1,0,61.9,1,3.4,0
S2856,Data Science,8,69.7,21,276.0,74.9,3,74.3,3,4.4,0
S2857,Information Technology,3,97.8,18,119.0,71.1,1,62.5,2,3.1,1
S2858,Computer Science,5,100.0,16,126.0,85.7,3,87.3,0,2.7,1
S2859,Artificial Intelligence,2,100.0,19,512.0,69.6,2,54.9,0,4.7,0
S2860,Data Science,2,81.1,14,341.0,66.7,3,54.9,1,3.9,0
S2861,Information Technology,7,94.7,16,216.0,97.5,2,68.4,0,3.2,0
S2862,Information Technology,5,73.8,16,260.0,45.3,1,90.2,1,2.2,1
S2863,Information Technology,5,88.1,20,157.0,79.6,3,90.9,0,3.2,1
S2864,Information Technology,6,75.0,21,327.0,59.0,1,42.6,0,1.8,1
S2865,Information Technology,5,97.1,12,286.0,100.0,1,82.9,1,2.8,0
S2866,Artificial Intelligence,7,95.5,14,388.0,94.3,1,69.7,0,3.1,0
S2867,Data Science,7,100.0,21,423.0,100.0,2,60.5,1,4.0,0
S2868,Information Technology,1,79.2,20,462.0,81.5,1,89.3,1,3.5,0
S2869,Business Administration,3,100.0,15,403.0,89.4,0,79.3,1,2.8,0
S2870,Business Administration,8,88.1,17,274.0,81.8,1,78.6,1,4.5,0
S2871,Data Science,6,82.9,14,137.0,67.9,1,74.1,2,2.6,1
S2872,Computer Science,7,86.0,17,265.0,100.0,3,61.7,0,1.9,1
S2873,Computer Science,1,100.0,23,294.0,90.7,1,70.9,0,4.2,0
S2874,Computer Science,6,80.4,24,347.0,63.2,2,72.8,0,3.1,0
S2875,Business Administration,3,81.0,18,233.0,49.8,2,52.0,1,4.1,0
S2876,Computer Science,6,57.2,19,156.0,59.7,0,78.2,3,2.9,1
S2877,Artificial Intelligence,1,80.2,23,331.0,79.0,3,88.3,0,2.9,0
S2878,Information Technology,4,85.2,21,590.0,66.3,0,89.4,2,2.5,0
S2879,Business Administration,8,72.9,21,471.0,94.8,3,55.0,1,3.7,0
S2880,Data Science,7,69.9,14,443.0,83.0,2,63.8,2,4.0,0
S2881,Data Science,8,59.8,22,256.0,73.5,1,79.9,0,4.3,0
S2882,Information Technology,3,75.0,19,210.0,78.0,4,66.1,1,4.7,0
S2883,Business Administration,2,99.1,21,391.0,75.8,2,58.7,1,3.9,0
S2884,Computer Science,3,64.2,21,451.0,73.8,0,86.0,1,2.7,0
S2885,Computer Science,3,91.5,22,269.0,84.9,1,65.3,1,4.5,0
S2886,Artificial Intelligence,3,92.6,22,230.0,68.8,1,47.2,2,3.6,0
S2887,Artificial Intelligence,4,100.0,18,236.0,57.0,1,79.8,0,4.2,0
S2888,Computer Science,7,94.5,15,326.0,91.5,1,84.4,1,3.2,0
S2889,Data Science,1,93.5,19,292.0,63.7,1,62.7,0,3.6,0
S2890,Data Science,7,86.4,25,302.0,100.0,0,78.7,1,3.6,0
S2891,Artificial Intelligence,2,82.0,18,449.0,75.0,1,42.5,0,2.6,0
S2892,Information Technology,1,92.2,16,404.0,70.0,2,67.4,1,2.1,0
S2893,Computer Science,6,97.0,19,279.0,61.2,1,61.7,1,3.2,0
S2894,Artificial Intelligence,6,84.0,18,300.0,72.4,3,89.6,0,4.7,0
S2895,Artificial Intelligence,6,97.5,15,422.0,84.3,1,87.3,0,3.3,0
S2896,Computer Science,1,100.0,22,363.0,63.8,0,63.6,3,3.5,0
S2897,Computer Science,5,82.9,14,498.0,91.3,4,64.8,1,3.5,0
S2898,Data Science,4,83.2,20,381.0,58.1,2,94.1,0,4.3,0
S2899,Information Technology,5,80.9,12,331.0,94.5,1,90.4,0,2.6,0
S2900,Information Technology,7,83.6,14,241.0,80.0,1,53.3,1,4.2,0
S2901,Computer Science,6,96.7,14,112.0,69.9,1,66.3,0,3.4,1
S2902,Business Administration,4,83.0,29,427.0,84.9,0,77.7,3,3.5,0
S2903,Artificial Intelligence,1,84.3,20,429.0,100.0,1,75.3,0,3.8,0
S2904,Artificial Intelligence,6,79.0,12,464.0,98.8,5,83.1,0,3.4,0
S2905,Computer Science,1,87.9,25,154.0,84.6,1,60.9,1,3.7,1
S2906,Business Administration,4,76.0,20,346.0,94.8,0,78.2,2,3.0,0
S2907,Data Science,1,67.3,17,219.0,70.4,0,70.9,2,4.4,0
S2908,Computer Science,1,87.4,15,288.0,66.7,1,84.9,0,3.6,0
S2909,Computer Science,2,100.0,17,113.0,90.8,1,59.7,2,4.3,1
S2910,Artificial Intelligence,7,78.5,16,219.0,82.3,1,57.1,1,3.9,0
S2911,Computer Science,5,69.5,14,288.0,72.8,1,75.5,0,4.2,0
S2912,Computer Science,8,100.0,20,347.0,92.5,4,74.4,0,4.2,0
S2913,Computer Science,5,82.5,17,390.0,78.8,0,65.2,3,3.7,0
S2914,Artificial Intelligence,5,93.3,25,491.0,100.0,3,71.3,2,4.2,0
S2915,Data Science,3,73.3,21,286.0,39.9,1,67.8,0,3.8,0
S2916,Data Science,2,82.1,21,244.0,68.9,2,82.0,0,5.0,0
S2917,Computer Science,8,98.8,16,342.0,94.6,1,67.8,0,3.6,0
S2918,Artificial Intelligence,6,83.6,19,337.0,100.0,5,71.4,0,3.8,0
S2919,Data Science,6,83.7,15,166.0,100.0,1,60.5,2,4.1,1
S2920,Data Science,6,64.1,16,154.0,66.6,3,81.3,1,3.1,1
S2921,Data Science,5,91.4,13,575.0,100.0,2,67.9,1,4.2,0
S2922,Artificial Intelligence,7,72.6,18,333.0,45.4,0,99.5,1,3.2,0
S2923,Artificial Intelligence,5,95.4,21,396.0,61.4,1,61.4,0,3.2,0
S2924,Computer Science,8,84.4,13,368.0,73.3,3,70.3,0,3.1,0
S2925,Information Technology,7,85.5,18,357.0,86.2,1,70.0,0,1.7,0
S2926,Data Science,2,91.3,17,452.0,60.3,0,66.5,1,3.8,0
S2927,Information Technology,7,86.5,17,568.0,75.5,1,91.3,1,3.5,0
S2928,Artificial Intelligence,8,100.0,15,367.0,100.0,3,38.6,3,3.6,0
S2929,Artificial Intelligence,1,100.0,19,314.0,56.9,1,81.0,2,3.9,0
S2930,Artificial Intelligence,5,67.4,17,422.0,55.4,0,66.6,0,3.5,0
S2931,Information Technology,6,80.0,13,273.0,63.8,2,75.1,2,4.1,0
S2932,Artificial Intelligence,1,92.0,16,156.0,100.0,1,61.7,1,3.0,0
S2933,Computer Science,5,70.7,17,378.0,85.5,0,69.5,0,2.6,0
S2934,Artificial Intelligence,4,63.2,12,191.0,62.6,3,70.1,1,3.3,1
S2935,Business Administration,3,72.9,20,206.0,94.5,2,59.2,2,3.6,1
S2936,Information Technology,5,80.6,27,148.0,44.9,1,62.9,1,3.8,1
S2937,Business Administration,4,45.0,12,0.0,75.6,0,99.5,0,3.7,1
S2938,Artificial Intelligence,8,68.6,18,142.0,80.4,0,68.2,0,5.0,0
S2939,Computer Science,2,60.7,17,313.0,98.0,1,68.4,0,1.8,1
S2940,Data Science,4,95.8,12,444.0,52.1,1,88.1,1,3.8,0
S2941,Artificial Intelligence,2,93.2,15,236.0,100.0,0,78.8,1,3.2,0
S2942,Computer Science,5,85.3,26,217.0,96.5,2,69.2,1,4.0,0
S2943,Information Technology,2,83.2,19,292.0,100.0,0,66.2,1,3.9,0
S2944,Business Administration,4,88.5,14,291.0,56.4,3,63.5,0,3.3,0
S2945,Business Administration,7,70.0,16,293.0,100.0,1,97.9,3,2.6,1
S2946,Business Administration,3,97.0,18,427.0,44.1,0,54.8,1,3.1,0
S2947,Information Technology,1,83.1,23,263.0,55.5,1,53.4,0,3.3,0
S2948,Computer Science,1,93.0,25,241.0,81.2,2,59.5,1,2.6,1
S2949,Information Technology,3,92.5,13,302.0,71.2,2,52.1,1,4.3,0
S2950,Business Administration,6,88.4,15,378.0,53.9,2,72.0,0,4.6,0
S2951,Artificial Intelligence,1,85.8,19,644.0,100.0,2,80.8,1,2.9,0
S2952,Data Science,8,84.9,26,510.0,47.5,3,62.0,0,2.1,0
S2953,Information Technology,5,81.2,19,330.0,46.8,0,57.8,2,3.0,0
S2954,Information Technology,6,87.8,19,239.0,83.9,3,81.5,0,2.3,1
S2955,Computer Science,5,84.5,18,290.0,77.0,1,71.9,0,4.0,0
S2956,Computer Science,4,76.2,22,219.0,51.7,4,27.7,0,2.9,1
S2957,Information Technology,8,89.3,20,326.0,100.0,1,41.6,1,2.2,0
S2958,Business Administration,4,85.4,17,339.0,79.9,5,76.9,2,2.5,1
S2959,Data Science,6,96.5,26,373.0,67.8,1,91.0,3,2.4,0
S2960,Computer Science,6,60.3,20,64.0,78.0,1,70.9,1,4.1,0
S2961,Business Administration,8,82.4,15,195.0,49.7,2,72.4,0,2.9,1
S2962,Artificial Intelligence,8,73.3,19,474.0,97.6,5,69.8,2,3.4,0
S2963,Computer Science,6,75.8,26,168.0,82.7,2,79.4,0,3.6,1
S2964,Business Administration,6,88.7,17,208.0,73.5,2,51.2,0,2.6,1
S2965,Business Administration,2,64.8,13,261.0,78.0,2,72.6,3,2.3,1
S2966,Data Science,7,83.6,16,471.0,62.0,3,68.6,1,3.3,0
S2967,Data Science,6,82.4,19,380.0,98.4,1,65.4,1,4.5,0
S2968,Artificial Intelligence,8,69.4,25,267.0,66.2,1,59.7,0,3.1,0
S2969,Business Administration,7,83.9,18,245.0,68.0,2,70.5,2,5.0,1
S2970,Business Administration,6,72.9,22,218.0,81.6,0,56.1,2,3.2,1
S2971,Data Science,4,100.0,14,149.0,41.9,2,61.5,0,2.7,1
S2972,Computer Science,5,96.4,26,203.0,87.9,2,76.9,1,3.0,1
S2973,Computer Science,7,82.8,19,511.0,77.5,2,70.2,1,1.8,0
S2974,Information Technology,4,76.8,14,479.0,87.6,2,46.5,2,3.9,0
S2975,Data Science,1,88.0,15,259.0,73.7,0,83.9,0,3.2,0
S2976,Information Technology,8,91.2,18,241.0,62.8,1,60.9,0,2.9,0
S2977,Data Science,2,85.1,19,437.0,80.1,1,74.7,0,4.8,0
S2978,Artificial Intelligence,2,69.8,17,227.0,95.9,1,64.4,2,3.0,1
S2979,Business Administration,5,79.5,22,380.0,68.0,2,67.7,0,4.1,0
S2980,Artificial Intelligence,6,82.9,21,167.0,92.9,0,85.5,1,3.4,0
S2981,Data Science,4,85.5,11,320.0,72.6,1,55.7,1,4.2,0
S2982,Business Administration,1,85.8,25,243.0,69.8,3,69.4,0,3.8,0
S2983,Computer Science,4,90.8,24,355.0,93.9,0,55.6,2,3.9,0
S2984,Computer Science,8,98.1,19,455.0,84.2,1,72.6,0,3.1,0
S2985,Information Technology,8,94.2,25,227.0,53.3,2,38.6,1,3.7,1
S2986,Data Science,6,89.1,8,172.0,74.4,1,54.1,0,3.2,1
S2987,Data Science,6,66.9,20,264.0,57.1,2,92.5,2,2.5,1
S2988,Computer Science,8,96.2,22,461.0,87.5,4,41.1,2,2.7,0
S2989,Artificial Intelligence,3,91.8,21,316.0,61.6,1,62.3,0,3.1,0
S2990,Business Administration,8,78.9,21,291.0,80.9,3,60.6,1,3.7,0
S2991,Artificial Intelligence,4,82.4,13,438.0,87.3,3,72.4,0,3.9,0
S2992,Artificial Intelligence,5,82.8,21,362.0,87.5,0,56.6,0,4.3,0
S2993,Computer Science,4,76.7,25,578.0,68.1,3,70.3,0,4.8,0
S2994,Computer Science,2,61.0,16,169.0,78.9,0,61.5,2,3.0,1
S2995,Computer Science,1,68.6,12,299.0,65.4,2,51.7,0,4.6,0
S2996,Information Technology,7,71.1,19,134.0,70.4,1,58.1,0,2.6,1
S2997,Artificial Intelligence,5,58.4,14,169.0,60.9,2,67.0,0,3.5,1
S2998,Data Science,3,68.6,11,458.0,79.0,1,76.2,1,2.5,0
S2999,Business Administration,1,95.7,20,192.0,86.6,1,55.0,1,2.9,0
S3000,Information Technology,1,87.8,16,488.0,62.8,5,62.9,2,2.4,1
S3001,Data Science,7,70.3,15,167.0,62.9,1,75.8,1,3.5,1
S3002,Artificial Intelligence,2,73.7,19,289.0,100.0,1,57.3,1,2.8,0
S3003,Computer Science,2,96.8,16,157.0,62.9,2,60.0,1,3.0,1
S3004,Artificial Intelligence,2,96.5,20,379.0,90.9,3,60.6,2,3.0,0
S3005,Business Administration,5,82.8,25,325.0,96.1,0,77.0,1,3.1,0
S3006,Information Technology,4,96.1,21,451.0,83.1,1,64.2,1,4.0,0
S3007,Information Technology,1,72.8,16,401.0,84.6,3,89.1,0,4.4,0
S3008,Business Administration,4,84.7,23,315.0,79.3,1,74.9,2,2.5,0
S3009,Data Science,4,64.3,9,314.0,53.4,1,56.9,3,3.5,1
S3010,Data Science,2,77.6,14,148.0,97.3,2,73.7,0,3.7,0
S3011,Information Technology,4,82.3,24,346.0,70.0,1,77.7,1,3.5,0
S3012,Information Technology,1,61.8,13,288.0,93.0,2,53.8,0,5.0,0
S3013,Computer Science,1,89.1,15,379.0,77.6,2,76.5,0,3.3,0
S3014,Data Science,6,91.1,17,390.0,86.6,1,60.6,1,2.5,0
S3015,Business Administration,3,94.1,17,223.0,82.9,0,64.7,0,3.0,0
S3016,Data Science,5,100.0,16,213.0,69.6,0,82.6,0,3.6,0
S3017,Computer Science,4,87.0,24,309.0,92.2,3,54.2,1,3.8,0
S3018,Information Technology,5,81.2,18,269.0,54.0,1,63.7,0,3.2,0
S3019,Information Technology,5,62.8,11,125.0,100.0,4,67.7,1,3.6,1
S3020,Computer Science,5,86.7,20,180.0,97.8,3,78.9,2,4.7,1
S3021,Business Administration,7,88.7,17,429.0,73.2,3,55.9,0,5.0,0
S3022,Information Technology,8,65.7,11,354.0,82.5,1,75.3,0,4.5,0
S3023,Artificial Intelligence,6,79.1,19,297.0,73.4,4,90.6,0,4.4,0
S3024,Information Technology,5,82.1,13,450.0,63.1,2,71.2,2,4.1,0
S3025,Artificial Intelligence,8,88.4,16,293.0,76.5,0,42.8,2,3.4,0
S3026,Computer Science,8,92.3,19,385.0,82.9,2,88.5,5,3.4,0
S3027,Computer Science,6,75.6,20,296.0,100.0,0,68.5,0,4.2,0
S3028,Information Technology,1,84.4,10,307.0,74.4,2,98.1,0,4.2,0
S3029,Data Science,7,88.9,25,677.0,78.2,2,66.6,1,3.9,0
S3030,Artificial Intelligence,4,79.8,10,217.0,100.0,1,85.4,0,4.3,0
S3031,Business Administration,6,76.9,19,366.0,87.1,0,99.8,1,2.0,0
S3032,Information Technology,3,90.6,17,364.0,52.9,2,41.6,2,3.8,0
S3033,Business Administration,8,79.9,22,438.0,77.5,0,60.5,1,2.5,0
S3034,Information Technology,5,67.6,20,291.0,93.1,0,64.9,0,3.3,0
S3035,Data Science,8,98.5,19,540.0,100.0,1,89.3,0,3.5,0
S3036,Data Science,7,69.0,19,257.0,81.3,1,56.6,0,3.2,0
S3037,Data Science,3,80.9,23,246.0,40.5,1,85.6,2,2.9,1
S3038,Data Science,1,85.9,19,401.0,45.2,1,67.4,0,4.2,0
S3039,Computer Science,1,87.5,26,448.0,65.6,0,59.9,0,4.0,0
S3040,Computer Science,2,84.0,21,150.0,60.9,2,58.7,1,4.5,1
S3041,Artificial Intelligence,5,46.7,12,208.0,92.9,1,84.3,0,3.2,0
S3042,Business Administration,2,73.6,22,320.0,100.0,1,75.4,0,3.4,0
S3043,Information Technology,7,85.6,14,371.0,92.0,2,60.2,4,5.0,0
S3044,Information Technology,3,80.7,16,462.0,94.3,2,95.4,3,3.2,0
S3045,Computer Science,8,88.1,13,314.0,89.9,3,73.2,0,2.3,0
S3046,Information Technology,4,94.3,13,439.0,84.5,0,79.3,4,4.2,0
S3047,Computer Science,2,88.1,23,84.0,64.3,1,100.0,1,4.3,0
S3048,Artificial Intelligence,1,73.3,15,156.0,92.2,2,80.5,2,4.4,1
S3049,Business Administration,5,75.5,22,299.0,71.4,2,83.8,0,4.4,0
S3050,Artificial Intelligence,8,100.0,20,425.0,92.9,1,65.0,1,2.8,0
S3051,Data Science,3,79.9,21,261.0,85.8,1,69.6,0,4.0,0
S3052,Data Science,6,80.9,13,265.0,78.0,3,62.4,2,3.9,1
S3053,Data Science,7,88.1,15,346.0,64.6,3,65.8,2,4.1,0
S3054,Artificial Intelligence,7,96.8,23,273.0,76.7,0,73.1,0,3.4,0
S3055,Information Technology,1,71.2,16,468.0,67.5,0,53.7,4,4.3,0
S3056,Business Administration,6,76.0,17,312.0,46.9,3,84.8,0,3.9,0
S3057,Data Science,7,62.8,19,595.0,58.0,2,76.4,0,3.8,0
S3058,Data Science,4,78.4,20,318.0,83.3,0,70.7,2,3.1,0
S3059,Data Science,8,88.8,8,255.0,31.1,2,74.1,2,4.2,1
S3060,Business Administration,5,77.6,16,311.0,100.0,1,66.3,1,3.4,1
S3061,Data Science,8,100.0,18,431.0,68.9,1,46.3,2,3.7,0
S3062,Business Administration,4,83.4,18,280.0,93.4,3,44.4,1,3.4,0
S3063,Data Science,7,80.8,26,0.0,39.1,3,58.0,1,4.1,1
S3064,Artificial Intelligence,4,77.8,18,243.0,60.4,3,87.1,0,3.6,0
S3065,Artificial Intelligence,8,65.7,21,22.0,97.1,2,52.8,0,2.8,1
S3066,Business Administration,7,80.9,19,362.0,85.5,0,59.7,0,4.3,0
S3067,Artificial Intelligence,5,86.3,23,165.0,70.9,0,100.0,1,4.2,0
S3068,Business Administration,5,80.6,17,306.0,100.0,1,62.9,1,3.9,0
S3069,Artificial Intelligence,6,84.8,18,123.0,52.6,3,33.5,1,3.7,1
S3070,Artificial Intelligence,4,74.0,22,290.0,97.7,0,62.0,2,2.9,0
S3071,Business Administration,3,67.1,22,320.0,70.3,0,56.7,3,3.5,0
S3072,Information Technology,6,80.7,18,241.0,62.7,2,65.5,0,3.0,1
S3073,Artificial Intelligence,5,84.6,23,295.0,42.6,0,70.2,0,3.9,0
S3074,Data Science,1,80.0,23,98.0,45.2,3,98.7,1,4.1,1
S3075,Information Technology,7,84.4,14,305.0,80.5,2,70.7,0,4.4,0
S3076,Business Administration,6,91.3,23,223.0,79.4,0,58.9,1,3.6,0
S3077,Information Technology,2,91.3,12,311.0,64.3,2,61.6,1,3.9,0
S3078,Computer Science,3,92.3,19,286.0,74.3,2,62.8,0,3.2,0
S3079,Computer Science,7,94.1,17,271.0,75.3,2,81.8,0,2.6,0
S3080,Artificial Intelligence,6,88.0,13,246.0,69.5,0,84.1,1,3.0,0
S3081,Artificial Intelligence,5,86.3,12,333.0,60.0,0,55.1,0,4.0,0
S3082,Data Science,8,100.0,19,500.0,87.5,3,68.7,1,3.3,0
S3083,Information Technology,5,91.4,12,284.0,100.0,2,55.7,0,2.3,0
S3084,Computer Science,3,71.9,22,365.0,84.8,0,60.5,1,3.4,0
S3085,Artificial Intelligence,2,59.6,16,488.0,85.8,3,75.8,2,3.2,0
S3086,Information Technology,6,79.1,25,348.0,91.6,1,74.4,1,3.4,0
S3087,Artificial Intelligence,8,89.5,7,391.0,73.8,4,59.3,0,3.8,0
S3088,Artificial Intelligence,6,93.5,14,197.0,66.4,2,94.4,1,5.0,0
S3089,Computer Science,4,67.0,18,343.0,42.2,0,77.7,0,2.6,0
S3090,Computer Science,1,90.8,15,342.0,68.0,1,83.9,1,4.7,0
S3091,Artificial Intelligence,5,95.6,16,513.0,66.7,1,67.7,0,3.6,0
S3092,Business Administration,6,89.3,28,150.0,59.1,3,70.1,1,4.4,0
S3093,Artificial Intelligence,6,87.0,15,561.0,82.2,0,77.2,1,3.8,0
S3094,Artificial Intelligence,7,80.4,18,438.0,74.5,3,70.6,0,3.5,0
S3095,Data Science,7,76.5,11,416.0,85.7,1,78.5,3,3.8,0
S3096,Data Science,6,91.4,20,162.0,57.8,0,80.9,2,2.3,1
S3097,Data Science,2,89.0,18,191.0,50.6,1,48.0,1,3.1,1
S3098,Business Administration,1,78.1,17,375.0,90.0,1,69.1,1,3.7,0
S3099,Business Administration,6,100.0,21,50.0,92.9,2,53.8,0,2.4,1
S3100,Artificial Intelligence,3,63.9,14,119.0,62.9,2,53.3,3,3.5,1
S3101,Data Science,5,79.2,11,396.0,71.6,2,81.4,1,2.8,0
S3102,Business Administration,4,72.7,19,443.0,82.9,1,74.2,0,3.9,0
S3103,Computer Science,7,86.6,16,557.0,88.4,0,82.3,0,3.9,0
S3104,Artificial Intelligence,3,58.6,24,260.0,46.4,3,68.4,1,4.6,0
S3105,Information Technology,5,97.2,12,196.0,95.7,3,67.6,4,3.8,1
S3106,Artificial Intelligence,8,94.1,20,208.0,54.1,1,76.5,1,2.6,1
S3107,Information Technology,7,85.2,19,354.0,52.7,2,80.2,2,3.1,0
S3108,Data Science,2,78.3,22,276.0,70.6,1,56.5,0,2.5,1
S3109,Information Technology,7,90.6,17,137.0,70.2,0,73.8,0,3.8,0
S3110,Data Science,1,85.9,14,363.0,78.5,1,62.1,1,3.1,0
S3111,Computer Science,1,93.4,26,177.0,80.8,4,62.1,1,3.5,1
S3112,Information Technology,5,80.5,14,389.0,100.0,1,79.6,0,3.4,0
S3113,Artificial Intelligence,3,79.8,17,385.0,61.6,0,71.2,1,2.5,0
S3114,Data Science,4,94.9,14,264.0,97.2,1,68.7,1,3.7,0
S3115,Artificial Intelligence,2,89.6,16,334.0,51.4,2,43.1,1,4.2,0
S3116,Business Administration,5,79.9,19,265.0,55.7,2,62.4,2,2.9,1
S3117,Data Science,8,86.4,19,292.0,61.1,0,76.1,0,3.2,0
S3118,Information Technology,2,84.2,22,146.0,43.3,3,80.5,0,4.1,1
S3119,Data Science,1,87.6,14,0.0,86.1,1,65.8,0,2.9,1
S3120,Artificial Intelligence,6,97.2,15,285.0,100.0,2,64.1,1,3.4,1
S3121,Computer Science,6,77.8,16,181.0,94.3,2,49.1,0,3.8,0
S3122,Data Science,4,74.3,16,197.0,50.2,3,59.5,1,4.3,1
S3123,Information Technology,2,85.3,24,190.0,100.0,3,66.0,0,3.6,0
S3124,Business Administration,5,75.6,19,414.0,80.0,2,70.4,1,2.9,0
S3125,Computer Science,4,71.1,18,429.0,100.0,3,78.0,0,3.7,0
S3126,Business Administration,7,93.9,19,341.0,75.5,1,80.1,1,3.1,0
S3127,Data Science,7,78.6,12,261.0,75.7,2,45.2,1,3.4,1
S3128,Artificial Intelligence,8,59.6,17,340.0,71.2,2,68.9,1,2.6,0
S3129,Artificial Intelligence,3,92.2,20,432.0,100.0,0,64.0,0,2.8,0
S3130,Information Technology,6,76.7,18,499.0,100.0,2,71.5,1,4.0,0
S3131,Artificial Intelligence,5,88.9,19,209.0,77.0,3,72.7,1,3.7,0
S3132,Computer Science,2,95.0,11,118.0,72.2,1,50.3,0,3.2,1
S3133,Artificial Intelligence,4,84.3,19,337.0,91.4,0,99.9,0,2.8,0
S3134,Information Technology,5,57.6,28,85.0,44.5,0,74.4,2,4.5,1
S3135,Data Science,4,58.4,13,333.0,38.9,0,55.6,3,3.9,0
S3136,Data Science,4,73.9,18,327.0,59.4,0,62.5,0,5.0,0
S3137,Artificial Intelligence,4,81.3,14,284.0,84.8,0,52.1,0,2.8,0
S3138,Business Administration,2,96.4,19,515.0,97.1,0,66.1,1,2.4,0
S3139,Data Science,5,85.5,13,309.0,55.6,2,68.1,0,3.8,0
S3140,Artificial Intelligence,1,100.0,14,366.0,100.0,0,76.4,0,3.4,0
S3141,Information Technology,1,64.1,17,439.0,68.3,1,62.2,0,3.3,0
S3142,Artificial Intelligence,2,83.5,23,292.0,85.7,2,100.0,1,2.6,0
S3143,Data Science,7,76.7,18,253.0,68.3,0,58.6,0,3.5,0
S3144,Information Technology,2,84.8,17,256.0,75.9,1,60.4,0,3.0,0
S3145,Artificial Intelligence,6,100.0,18,351.0,100.0,2,68.1,2,2.7,0
S3146,Computer Science,4,100.0,14,339.0,68.4,1,57.4,0,3.0,0
S3147,Information Technology,5,82.7,15,505.0,61.1,0,80.2,0,2.3,0
S3148,Computer Science,5,92.3,15,224.0,90.0,2,52.9,0,4.3,0
S3149,Business Administration,3,84.6,19,272.0,95.5,4,77.3,3,3.4,1
S3150,Information Technology,3,69.1,24,415.0,50.9,0,65.4,1,3.4,0
S3151,Computer Science,8,82.2,12,379.0,84.6,5,95.9,1,4.5,0
S3152,Data Science,1,75.9,22,293.0,87.7,1,57.8,0,3.0,0
S3153,Data Science,3,81.2,20,277.0,100.0,0,88.5,0,2.6,0
S3154,Business Administration,3,71.8,25,240.0,70.8,2,71.6,0,3.9,0
S3155,Information Technology,1,83.9,22,191.0,100.0,1,76.8,2,2.6,1
S3156,Information Technology,6,85.7,17,297.0,80.9,5,46.3,2,1.8,1
S3157,Information Technology,7,90.5,21,370.0,72.6,2,67.0,0,4.0,0
S3158,Business Administration,1,85.7,19,344.0,64.6,0,65.3,1,3.7,0
S3159,Information Technology,7,100.0,20,290.0,86.9,1,80.8,0,3.2,0
S3160,Data Science,8,100.0,14,338.0,57.0,1,62.7,1,2.5,0
S3161,Computer Science,3,77.1,13,186.0,58.3,0,93.4,1,3.9,0
S3162,Data Science,5,93.6,21,368.0,88.9,4,65.2,1,3.1,0
S3163,Data Science,3,100.0,21,128.0,100.0,0,38.7,2,4.1,1
S3164,Computer Science,4,94.0,20,331.0,52.5,1,63.5,0,3.9,0
S3165,Data Science,8,90.6,27,371.0,64.8,2,70.5,1,2.8,0
S3166,Business Administration,7,60.1,19,313.0,83.3,2,76.7,2,2.5,1
S3167,Computer Science,7,75.3,25,301.0,68.1,3,65.9,1,3.8,0
S3168,Data Science,4,77.1,16,173.0,44.2,2,100.0,0,3.8,1
S3169,Artificial Intelligence,4,98.6,16,295.0,62.6,2,74.4,1,3.8,0
S3170,Data Science,6,73.2,26,538.0,86.8,4,62.0,0,3.5,0
S3171,Business Administration,2,81.0,19,292.0,73.0,5,57.4,2,4.3,0
S3172,Information Technology,4,92.1,11,267.0,84.6,0,89.3,0,5.0,0
S3173,Data Science,7,72.7,18,106.0,53.4,1,65.2,1,4.9,1
S3174,Information Technology,5,85.3,12,344.0,84.0,1,75.7,0,3.7,0
S3175,Artificial Intelligence,7,83.8,12,353.0,40.3,1,84.8,1,4.1,0
S3176,Data Science,7,92.5,23,243.0,92.1,2,61.1,3,3.3,0
S3177,Computer Science,6,89.9,14,271.0,100.0,0,63.0,1,1.8,0
S3178,Information Technology,2,89.5,18,140.0,52.9,1,89.2,0,4.7,0
S3179,Artificial Intelligence,2,84.4,19,315.0,67.7,2,52.9,0,2.9,0
S3180,Computer Science,4,61.9,16,360.0,51.3,1,79.2,1,2.4,0
S3181,Computer Science,8,83.7,23,29.0,79.7,2,86.7,0,4.4,1
S3182,Computer Science,3,82.7,18,296.0,80.8,4,61.9,0,5.0,0
S3183,Computer Science,7,91.2,24,508.0,53.9,3,88.5,2,3.9,0
S3184,Data Science,1,76.9,21,318.0,67.6,1,68.7,2,3.3,1
S3185,Data Science,3,82.5,15,359.0,97.4,4,60.3,2,4.3,0
S3186,Data Science,3,82.9,19,427.0,88.0,1,57.7,0,3.8,0
S3187,Artificial Intelligence,2,73.4,14,368.0,81.5,1,83.6,0,2.5,0
S3188,Artificial Intelligence,2,68.2,18,257.0,97.8,1,63.6,2,2.7,0
S3189,Artificial Intelligence,6,86.6,20,106.0,100.0,2,70.3,0,3.1,1
S3190,Business Administration,6,94.1,21,624.0,80.5,2,73.1,1,3.8,0
S3191,Artificial Intelligence,2,74.5,29,390.0,83.5,1,43.6,1,4.1,0
S3192,Data Science,5,79.4,16,401.0,72.9,1,66.5,0,3.2,0
S3193,Data Science,5,92.0,8,425.0,81.1,0,82.2,1,4.3,0
S3194,Business Administration,1,93.1,10,434.0,65.3,4,49.3,2,4.6,0
S3195,Business Administration,2,84.8,24,395.0,47.7,3,61.4,0,3.4,0
S3196,Artificial Intelligence,4,87.0,19,303.0,92.4,1,66.9,4,2.4,1
S3197,Information Technology,6,88.4,24,262.0,90.6,3,69.0,0,4.1,0
S3198,Business Administration,2,90.5,16,388.0,79.3,1,70.9,1,4.9,0
S3199,Computer Science,5,69.1,16,317.0,80.3,3,76.8,0,3.1,0
S3200,Data Science,2,100.0,14,314.0,65.5,1,85.8,0,4.8,0
S3201,Computer Science,5,85.3,15,418.0,99.7,0,77.5,1,3.0,0
S3202,Data Science,2,90.8,16,552.0,56.1,1,65.6,1,3.4,0
S3203,Data Science,7,72.9,23,187.0,100.0,1,69.7,0,4.5,0
S3204,Business Administration,4,79.8,14,358.0,88.5,2,83.8,1,3.3,0
S3205,Business Administration,8,86.5,21,179.0,83.3,0,73.4,1,2.4,1
S3206,Computer Science,1,60.3,16,323.0,84.3,1,78.9,1,4.1,0
S3207,Data Science,7,71.2,14,98.0,96.2,2,72.8,3,2.5,1
S3208,Computer Science,4,73.3,15,216.0,67.9,0,63.4,0,4.2,0
S3209,Information Technology,5,66.7,18,302.0,92.1,0,47.7,0,4.1,0
S3210,Computer Science,6,83.3,15,428.0,70.8,0,60.9,5,4.7,0
S3211,Artificial Intelligence,6,81.1,20,122.0,86.4,0,71.8,0,2.8,1
S3212,Computer Science,3,99.1,10,352.0,49.7,1,64.7,2,2.8,0
S3213,Artificial Intelligence,4,68.6,21,296.0,65.9,0,63.1,1,3.5,0
S3214,Artificial Intelligence,2,84.8,16,476.0,100.0,4,61.4,1,3.2,0
S3215,Artificial Intelligence,1,71.4,18,251.0,100.0,0,72.3,2,2.2,1
S3216,Information Technology,2,61.4,18,352.0,100.0,1,75.7,3,3.3,0
S3217,Computer Science,2,89.1,21,281.0,98.5,2,58.3,2,3.5,0
S3218,Computer Science,4,90.0,17,183.0,66.6,4,68.7,2,3.9,1
S3219,Information Technology,8,88.6,16,231.0,68.8,2,79.7,0,3.7,0
S3220,Data Science,1,66.2,21,209.0,95.8,1,90.1,0,3.3,0
S3221,Business Administration,3,83.0,19,91.0,97.4,3,82.9,2,4.8,1
S3222,Computer Science,7,89.2,20,486.0,100.0,0,77.2,1,3.2,0
S3223,Business Administration,2,93.4,17,257.0,81.5,2,61.4,1,3.0,0
S3224,Information Technology,1,89.5,17,357.0,76.8,2,72.9,1,3.3,0
S3225,Data Science,3,93.6,21,167.0,99.5,0,82.1,0,4.0,0
S3226,Data Science,7,94.8,18,306.0,50.5,1,56.1,4,3.1,1
S3227,Data Science,2,83.3,19,361.0,75.0,0,53.0,0,3.9,0
S3228,Information Technology,1,88.0,18,310.0,73.4,0,71.3,0,3.9,0
S3229,Artificial Intelligence,7,94.0,20,200.0,73.6,1,45.5,0,3.0,1
S3230,Artificial Intelligence,4,86.7,20,397.0,100.0,1,61.4,2,3.1,0
S3231,Business Administration,8,96.4,14,54.0,89.1,1,59.0,1,5.0,0
S3232,Artificial Intelligence,6,92.5,17,111.0,80.2,2,74.1,1,3.6,1
S3233,Artificial Intelligence,6,74.4,12,286.0,50.5,4,63.0,0,1.4,1
S3234,Data Science,2,66.3,19,13.0,57.6,0,69.2,0,2.9,1
S3235,Data Science,2,82.2,15,206.0,92.5,0,59.4,2,4.0,1
S3236,Business Administration,7,67.8,6,243.0,82.6,5,72.0,2,3.5,1
S3237,Computer Science,1,83.0,11,483.0,100.0,1,67.1,0,3.5,0
S3238,Business Administration,6,81.9,23,221.0,65.2,1,51.7,0,4.1,0
S3239,Business Administration,2,97.6,23,237.0,78.8,2,71.9,0,2.9,0
S3240,Information Technology,3,88.1,16,78.0,75.0,2,72.9,0,3.6,0
S3241,Information Technology,2,93.7,12,309.0,93.9,2,80.3,2,3.4,0
S3242,Business Administration,6,76.1,24,301.0,100.0,3,78.5,0,3.7,0
S3243,Business Administration,5,100.0,12,169.0,67.9,2,81.7,2,3.2,1
S3244,Business Administration,8,92.7,16,410.0,41.3,2,63.5,1,3.2,0
S3245,Artificial Intelligence,6,87.1,20,402.0,86.8,2,74.9,1,3.9,0
S3246,Information Technology,3,60.3,19,233.0,85.5,1,49.3,1,2.8,1
S3247,Business Administration,1,96.1,22,69.0,45.3,1,41.5,0,3.0,1
S3248,Data Science,3,100.0,18,171.0,60.2,2,54.5,1,4.8,0
S3249,Data Science,5,82.1,22,484.0,70.1,2,39.8,2,3.9,0
S3250,Artificial Intelligence,5,82.4,14,317.0,98.6,0,73.4,1,4.2,0
S3251,Artificial Intelligence,2,75.8,15,208.0,59.5,2,71.3,0,3.5,0
S3252,Computer Science,2,62.4,19,464.0,73.2,1,45.4,1,3.6,0
S3253,Computer Science,6,75.3,20,278.0,42.6,0,88.5,2,2.8,1
S3254,Computer Science,4,100.0,8,302.0,86.8,0,69.8,1,3.7,0
S3255,Artificial Intelligence,8,94.9,19,587.0,55.6,1,48.1,0,3.7,0
S3256,Artificial Intelligence,3,72.7,10,411.0,100.0,1,86.1,0,4.2,0
S3257,Artificial Intelligence,6,75.1,20,266.0,62.7,2,57.3,0,3.3,0
S3258,Data Science,4,100.0,16,344.0,95.1,3,73.2,1,3.5,0
S3259,Artificial Intelligence,6,69.8,22,366.0,87.6,2,73.1,1,5.0,0
S3260,Data Science,8,73.4,19,399.0,62.4,3,49.3,1,3.5,0
S3261,Computer Science,8,76.8,23,176.0,98.0,0,88.1,0,2.8,0
S3262,Computer Science,5,65.7,15,496.0,41.6,1,100.0,0,3.9,0
S3263,Computer Science,2,75.5,21,471.0,77.5,0,52.7,2,3.6,0
S3264,Business Administration,2,75.7,10,189.0,90.7,0,73.9,0,2.8,0
S3265,Business Administration,8,71.2,19,298.0,73.7,2,72.6,2,3.8,1
S3266,Information Technology,6,97.9,20,309.0,57.4,2,71.7,0,4.3,0
S3267,Information Technology,8,68.0,16,319.0,100.0,0,97.6,0,3.0,0
S3268,Information Technology,2,80.3,25,393.0,75.7,2,71.4,0,4.5,0
S3269,Business Administration,1,71.5,15,260.0,68.0,1,75.5,1,3.0,0
S3270,Business Administration,6,79.5,16,352.0,58.1,3,84.0,0,2.8,0
S3271,Information Technology,5,70.9,10,376.0,79.7,1,95.4,0,3.6,0
S3272,Information Technology,7,82.9,20,359.0,74.2,1,58.2,0,4.1,0
S3273,Artificial Intelligence,6,85.9,17,357.0,72.8,0,65.4,2,4.2,0
S3274,Information Technology,6,98.8,9,367.0,100.0,2,73.3,2,3.8,0
S3275,Artificial Intelligence,2,74.9,15,326.0,100.0,1,56.5,2,2.6,0
S3276,Data Science,5,100.0,25,70.0,82.5,0,84.0,0,2.8,1
S3277,Business Administration,6,72.3,25,178.0,90.4,1,69.8,1,3.2,1
S3278,Information Technology,2,79.1,23,145.0,51.2,2,52.4,0,3.9,1
S3279,Business Administration,8,100.0,15,171.0,79.6,4,66.5,0,3.2,1
S3280,Business Administration,3,100.0,17,181.0,82.8,1,52.8,0,4.3,0
S3281,Business Administration,5,100.0,15,424.0,74.1,2,63.4,2,5.0,0
S3282,Data Science,4,79.3,16,460.0,70.1,1,36.8,0,2.8,0
S3283,Computer Science,1,88.2,16,377.0,63.8,4,81.1,0,3.5,0
S3284,Information Technology,4,90.2,17,181.0,78.6,1,61.0,3,4.0,1
S3285,Computer Science,7,86.1,17,189.0,98.6,2,54.0,3,4.2,1
S3286,Computer Science,8,69.9,14,222.0,100.0,1,65.8,1,3.7,0
S3287,Computer Science,5,84.8,16,212.0,78.0,2,86.1,0,3.4,1
S3288,Business Administration,6,75.9,25,458.0,97.2,5,77.5,1,2.2,0
S3289,Artificial Intelligence,2,70.4,8,137.0,61.2,2,96.4,2,3.2,1
S3290,Business Administration,7,78.3,18,338.0,88.1,2,47.8,1,4.0,0
S3291,Business Administration,5,85.8,12,147.0,76.0,2,47.2,0,4.6,0
S3292,Computer Science,1,94.0,27,360.0,65.7,1,64.2,0,2.6,0
S3293,Business Administration,5,79.0,14,254.0,100.0,2,92.3,2,4.5,0
S3294,Computer Science,7,81.1,15,165.0,69.5,4,79.7,1,4.3,1
S3295,Artificial Intelligence,2,91.6,16,233.0,71.4,2,80.5,1,3.7,0
S3296,Information Technology,4,82.9,20,360.0,69.7,2,53.0,1,2.9,0
S3297,Computer Science,3,86.6,27,105.0,84.2,4,62.4,2,4.6,1
S3298,Artificial Intelligence,4,82.9,22,225.0,100.0,1,62.5,1,3.4,0
S3299,Information Technology,2,84.4,16,278.0,57.3,2,73.9,1,3.9,0
S3300,Data Science,7,69.1,26,135.0,86.6,3,79.7,0,2.9,1
S3301,Computer Science,2,83.5,16,186.0,84.3,1,67.8,1,2.4,1
S3302,Computer Science,8,99.1,22,474.0,49.0,3,51.6,1,4.0,0
S3303,Data Science,1,84.0,18,141.0,100.0,2,57.1,1,3.8,1
S3304,Data Science,5,72.0,22,236.0,82.8,2,77.4,0,3.9,0
S3305,Computer Science,8,99.7,14,358.0,91.0,2,88.8,0,2.6,0
S3306,Data Science,5,90.7,13,291.0,40.7,1,75.0,2,4.1,0
S3307,Business Administration,4,91.2,19,231.0,100.0,1,61.3,2,4.1,0
S3308,Information Technology,7,90.9,18,394.0,100.0,2,58.7,0,5.0,0
S3309,Information Technology,3,68.5,13,51.0,75.3,0,63.5,2,3.3,1
S3310,Information Technology,3,89.8,14,384.0,65.0,3,90.4,1,2.1,0
S3311,Business Administration,1,98.6,13,186.0,33.9,2,59.4,0,3.1,1
S3312,Data Science,2,76.2,24,0.0,54.6,2,55.0,0,3.2,1
S3313,Artificial Intelligence,1,58.9,24,559.0,93.1,1,61.4,2,3.6,0
S3314,Data Science,5,86.4,17,304.0,77.4,1,69.8,1,4.0,0
S3315,Computer Science,6,82.4,16,392.0,50.7,1,62.5,0,3.1,0
S3316,Information Technology,6,63.4,19,429.0,100.0,0,61.4,0,4.3,0
S3317,Data Science,6,89.3,25,189.0,66.0,0,74.8,1,3.5,0
S3318,Artificial Intelligence,2,88.4,17,269.0,51.4,1,48.0,1,1.8,1
S3319,Computer Science,1,64.4,21,296.0,78.8,1,61.0,1,3.5,0
S3320,Business Administration,8,100.0,26,216.0,87.2,2,65.8,2,3.0,0
S3321,Business Administration,7,91.0,28,443.0,53.9,1,74.0,0,3.6,0
S3322,Artificial Intelligence,4,59.3,13,460.0,72.6,2,58.6,2,4.3,0
S3323,Computer Science,5,91.8,22,284.0,100.0,0,48.9,1,2.6,0
S3324,Information Technology,6,91.5,22,360.0,53.6,0,75.3,0,3.4,0
S3325,Data Science,7,99.0,12,403.0,84.3,1,100.0,1,4.8,0
S3326,Computer Science,3,74.5,26,334.0,72.3,1,65.7,0,3.2,0
S3327,Business Administration,8,92.0,22,231.0,87.7,0,74.0,1,3.0,0
S3328,Artificial Intelligence,1,79.2,18,2.0,59.1,1,66.2,1,5.0,1
S3329,Artificial Intelligence,5,75.3,13,311.0,82.2,1,61.6,2,3.9,0
S3330,Data Science,5,71.6,13,395.0,60.8,0,77.1,0,4.6,0
S3331,Artificial Intelligence,3,59.2,18,187.0,42.0,1,63.6,1,3.0,1
S3332,Artificial Intelligence,8,88.5,17,321.0,52.6,4,53.5,2,3.2,1
S3333,Computer Science,3,78.7,24,353.0,74.1,0,68.3,0,2.7,0
S3334,Information Technology,3,49.2,20,354.0,82.2,3,48.8,0,3.9,1
S3335,Data Science,6,82.9,16,315.0,99.8,2,81.4,0,3.0,0
S3336,Computer Science,8,95.9,18,180.0,84.4,0,80.3,1,2.8,1
S3337,Information Technology,6,66.3,18,445.0,100.0,4,84.2,0,3.6,0
S3338,Computer Science,1,73.4,17,295.0,74.4,2,51.2,3,3.8,1
S3339,Computer Science,3,87.3,19,236.0,87.9,2,67.9,0,3.4,0
S3340,Artificial Intelligence,4,51.3,23,103.0,60.3,6,100.0,1,3.6,1
S3341,Information Technology,5,75.6,19,349.0,83.7,1,48.5,2,4.7,0
S3342,Data Science,8,86.2,22,595.0,71.3,1,60.9,2,4.3,0
S3343,Data Science,3,75.3,22,272.0,69.3,1,67.5,1,3.5,0
S3344,Information Technology,8,66.4,11,242.0,79.3,2,60.6,0,4.0,1
S3345,Artificial Intelligence,5,67.0,15,298.0,52.5,1,61.4,0,4.2,0
S3346,Business Administration,2,62.7,24,291.0,84.0,2,62.4,1,3.8,0
S3347,Computer Science,7,74.4,20,256.0,90.7,4,47.7,1,2.9,1
S3348,Artificial Intelligence,2,94.7,19,549.0,65.3,2,51.7,0,2.0,0
S3349,Information Technology,3,100.0,12,305.0,81.3,4,59.5,3,5.0,0
S3350,Computer Science,5,82.4,17,144.0,100.0,0,20.8,0,3.5,1
S3351,Data Science,7,91.2,17,159.0,91.6,2,51.4,4,3.9,1
S3352,Business Administration,2,70.7,27,437.0,75.6,2,68.2,3,2.8,1
S3353,Data Science,3,56.9,16,334.0,85.1,3,60.4,1,3.3,0
S3354,Information Technology,5,100.0,14,258.0,100.0,3,53.7,2,2.9,1
S3355,Computer Science,3,74.9,13,248.0,82.6,1,65.1,2,2.7,1
S3356,Information Technology,6,90.6,14,384.0,95.0,1,63.7,2,3.8,0
S3357,Computer Science,5,83.9,20,205.0,92.3,1,77.1,3,3.8,1
S3358,Artificial Intelligence,2,93.9,16,282.0,79.7,2,70.9,1,3.6,0
S3359,Business Administration,3,93.4,13,387.0,100.0,2,65.3,0,3.6,0
S3360,Artificial Intelligence,8,85.3,18,211.0,59.8,1,51.8,2,3.9,1
S3361,Artificial Intelligence,2,86.7,19,453.0,85.7,0,65.2,1,1.3,0
S3362,Information Technology,3,96.6,17,103.0,68.0,1,39.7,1,4.1,1
S3363,Business Administration,8,77.1,24,305.0,94.1,1,97.8,1,5.0,0
S3364,Computer Science,8,100.0,19,309.0,77.7,3,44.2,1,2.3,1
S3365,Computer Science,1,73.5,14,45.0,95.2,2,69.1,1,2.0,1
S3366,Data Science,8,82.9,18,211.0,91.8,3,61.0,0,2.1,1
S3367,Computer Science,2,89.6,17,372.0,70.4,3,66.1,1,4.3,0
S3368,Information Technology,2,62.5,17,214.0,87.7,2,69.6,1,2.6,1
S3369,Artificial Intelligence,4,98.6,21,268.0,86.2,0,52.3,2,3.7,0
S3370,Artificial Intelligence,7,87.7,18,251.0,74.3,2,77.8,1,3.9,1
S3371,Artificial Intelligence,6,100.0,14,417.0,93.6,5,80.3,1,3.4,0
S3372,Business Administration,2,100.0,19,341.0,76.0,4,63.9,0,3.1,0
S3373,Computer Science,5,81.9,19,246.0,64.0,1,76.8,2,3.2,1
S3374,Information Technology,7,100.0,16,214.0,83.2,1,94.1,0,2.5,0
S3375,Business Administration,8,92.2,26,404.0,86.2,2,74.1,1,4.1,0
S3376,Data Science,3,84.8,21,317.0,24.4,1,73.7,1,4.4,0
S3377,Information Technology,1,62.1,24,421.0,100.0,2,43.0,0,3.7,0
S3378,Information Technology,5,64.9,15,374.0,100.0,0,80.3,1,2.8,0
S3379,Information Technology,7,82.1,26,0.0,63.0,2,63.1,0,3.5,1
S3380,Artificial Intelligence,5,76.1,25,429.0,89.1,1,80.5,3,3.3,0
S3381,Information Technology,5,84.7,12,315.0,58.8,3,71.4,0,3.0,0
S3382,Computer Science,5,98.5,19,330.0,48.1,3,49.1,1,3.5,0
S3383,Information Technology,7,92.4,16,59.0,69.7,0,64.0,1,3.3,1
S3384,Artificial Intelligence,1,73.6,14,242.0,53.0,0,84.9,2,4.4,0
S3385,Information Technology,8,93.1,21,307.0,87.6,2,100.0,0,2.8,0
S3386,Data Science,4,71.0,21,146.0,93.8,2,54.5,1,3.3,1
S3387,Data Science,6,68.3,19,459.0,100.0,3,45.3,1,2.8,0
S3388,Artificial Intelligence,8,86.6,22,390.0,78.9,2,67.4,1,3.5,0
S3389,Computer Science,2,72.2,13,252.0,93.5,0,71.7,1,3.7,0
S3390,Computer Science,7,74.3,17,518.0,85.0,2,76.7,1,3.3,0
S3391,Business Administration,5,93.9,17,344.0,83.2,2,83.1,2,4.2,0
S3392,Artificial Intelligence,8,89.9,13,465.0,60.0,1,74.8,1,4.8,0
S3393,Information Technology,2,77.5,19,202.0,73.7,1,56.5,1,1.0,1
S3394,Artificial Intelligence,7,62.5,18,357.0,71.4,1,73.4,2,4.2,0
S3395,Business Administration,2,73.2,14,461.0,88.6,1,50.4,1,3.5,0
S3396,Artificial Intelligence,5,100.0,15,442.0,40.1,2,45.7,0,3.5,0
S3397,Artificial Intelligence,4,93.6,18,421.0,96.9,1,86.2,0,3.3,0
S3398,Business Administration,7,99.1,17,449.0,73.2,0,83.2,1,4.0,0
S3399,Computer Science,2,85.1,10,483.0,66.0,2,36.3,0,3.6,0
S3400,Information Technology,3,77.8,25,23.0,84.2,1,85.9,1,4.1,1
S3401,Business Administration,2,92.9,23,249.0,77.6,5,70.3,0,3.5,1
S3402,Data Science,6,97.4,13,91.0,80.9,1,83.5,2,3.9,1
S3403,Computer Science,5,76.2,16,93.0,100.0,3,42.7,2,4.1,1
S3404,Data Science,1,73.4,16,237.0,45.8,3,58.7,0,3.4,1
S3405,Computer Science,2,63.7,21,249.0,53.0,1,57.4,0,4.1,0
S3406,Information Technology,4,73.1,17,463.0,68.0,0,64.8,3,3.9,0
S3407,Information Technology,3,90.0,12,157.0,100.0,2,69.4,0,3.6,0
S3408,Artificial Intelligence,3,74.8,13,322.0,92.2,1,35.1,0,2.9,0
S3409,Data Science,1,93.2,20,492.0,75.8,2,59.8,2,2.8,0
S3410,Computer Science,8,100.0,14,282.0,88.9,1,60.5,0,3.8,0
S3411,Information Technology,6,82.3,19,534.0,93.1,0,58.2,0,4.0,0
S3412,Business Administration,1,81.8,19,75.0,87.3,1,63.5,1,3.2,1
S3413,Information Technology,6,88.6,15,198.0,97.5,2,100.0,0,4.1,0
S3414,Business Administration,2,75.1,12,485.0,81.2,1,66.3,1,2.9,0
S3415,Computer Science,5,74.2,20,219.0,86.8,1,43.9,3,3.4,1
S3416,Information Technology,4,74.6,16,271.0,86.9,0,77.7,0,3.0,0
S3417,Information Technology,3,68.3,20,501.0,70.6,1,81.3,0,3.0,0
S3418,Computer Science,1,92.8,24,380.0,75.6,1,78.3,0,2.9,0
S3419,Information Technology,4,76.0,20,103.0,87.2,3,56.9,2,5.0,1
S3420,Business Administration,6,95.3,17,374.0,60.4,1,84.8,0,4.4,0
S3421,Information Technology,5,88.4,15,215.0,65.0,1,76.5,0,3.9,0
S3422,Data Science,3,81.7,16,241.0,73.3,4,79.5,0,3.2,1
S3423,Artificial Intelligence,3,91.7,20,289.0,79.0,2,74.7,0,2.6,0
S3424,Business Administration,6,70.7,17,231.0,77.6,2,82.5,2,2.3,1
S3425,Data Science,5,72.6,19,359.0,77.7,0,69.5,0,3.4,0
S3426,Computer Science,3,90.6,20,195.0,80.4,2,73.5,2,4.2,1
S3427,Business Administration,5,55.7,18,336.0,73.8,0,62.1,2,2.7,0
S3428,Artificial Intelligence,3,82.2,11,391.0,65.7,2,61.8,1,4.0,0
S3429,Artificial Intelligence,2,89.1,17,292.0,78.6,1,93.2,0,3.7,0
S3430,Computer Science,6,97.7,21,308.0,89.5,2,60.0,0,3.6,0
S3431,Computer Science,5,100.0,16,311.0,93.5,1,63.3,0,5.0,0
S3432,Business Administration,4,80.4,16,315.0,42.2,1,62.5,1,3.7,1
S3433,Information Technology,8,91.2,11,288.0,60.2,2,72.6,2,3.7,0
S3434,Computer Science,2,72.3,17,282.0,95.0,1,46.0,0,3.0,1
S3435,Information Technology,7,76.7,20,285.0,73.0,1,56.0,1,3.0,0
S3436,Data Science,4,98.4,23,322.0,45.0,4,64.7,1,2.6,1
S3437,Artificial Intelligence,6,81.5,25,248.0,100.0,2,69.1,1,2.4,0
S3438,Information Technology,3,83.9,20,282.0,96.1,1,49.6,3,3.3,0
S3439,Artificial Intelligence,7,69.6,18,419.0,56.7,0,74.0,1,3.9,0
S3440,Information Technology,4,87.1,14,541.0,56.9,2,58.4,1,2.0,0
S3441,Data Science,2,91.0,21,595.0,100.0,0,69.4,1,3.4,0
S3442,Computer Science,7,90.7,14,316.0,61.5,2,83.8,2,2.9,1
S3443,Data Science,7,67.5,17,176.0,99.9,1,70.8,2,4.1,1
S3444,Computer Science,5,94.0,19,271.0,100.0,2,76.4,0,3.2,0
S3445,Computer Science,1,70.0,24,317.0,51.9,0,51.4,5,4.2,1
S3446,Artificial Intelligence,4,81.7,16,430.0,61.6,0,44.6,1,3.0,0
S3447,Data Science,1,62.6,16,214.0,96.6,1,81.2,2,3.9,1
S3448,Information Technology,6,79.8,17,285.0,53.5,2,90.7,2,3.5,1
S3449,Data Science,4,70.0,24,179.0,58.7,1,88.6,0,3.9,1
S3450,Artificial Intelligence,4,76.6,19,500.0,74.5,2,52.4,0,4.3,0
S3451,Computer Science,5,82.7,14,365.0,75.7,1,58.8,0,5.0,0
S3452,Artificial Intelligence,3,91.9,19,257.0,97.6,0,37.7,4,3.6,0
S3453,Business Administration,2,91.5,15,308.0,88.1,2,55.1,3,3.5,1
S3454,Business Administration,2,54.0,14,138.0,81.7,0,65.9,0,4.6,0
S3455,Information Technology,2,90.1,15,355.0,75.3,0,73.8,2,3.0,0
S3456,Artificial Intelligence,8,84.5,14,346.0,59.1,2,68.8,1,3.9,0
S3457,Information Technology,6,75.3,10,87.0,99.9,2,82.3,0,3.0,1
S3458,Information Technology,7,71.4,23,212.0,80.5,3,81.6,1,3.4,1
S3459,Business Administration,3,81.3,24,264.0,89.8,0,67.6,0,2.9,0
S3460,Information Technology,1,84.8,17,265.0,82.0,2,78.3,1,4.0,0
S3461,Business Administration,2,86.5,22,239.0,80.0,2,68.4,2,3.3,0
S3462,Computer Science,8,79.6,16,315.0,79.9,1,83.9,1,2.5,0
S3463,Artificial Intelligence,1,51.7,7,467.0,78.1,4,86.9,1,2.5,0
S3464,Information Technology,3,76.1,15,357.0,75.5,1,71.8,1,3.6,0
S3465,Business Administration,6,67.8,17,441.0,67.2,0,73.9,0,4.4,0
S3466,Data Science,3,100.0,22,344.0,87.6,3,74.0,2,2.0,0
S3467,Information Technology,5,82.7,13,262.0,98.2,2,63.9,2,3.3,0
S3468,Computer Science,7,90.9,19,279.0,82.3,4,86.4,1,3.0,0
S3469,Computer Science,2,89.6,23,396.0,100.0,2,43.1,0,4.2,0
S3470,Data Science,6,85.7,16,365.0,69.7,3,71.1,1,2.7,0
S3471,Business Administration,5,77.0,16,460.0,100.0,0,76.4,2,3.5,0
S3472,Information Technology,2,75.5,16,301.0,86.0,2,67.3,1,2.5,0
S3473,Business Administration,3,57.8,25,133.0,28.1,1,60.7,0,4.5,1
S3474,Computer Science,3,83.7,21,277.0,100.0,2,84.8,1,2.8,0
S3475,Business Administration,8,85.6,17,121.0,60.9,0,47.9,0,4.4,1
S3476,Computer Science,4,81.4,21,284.0,81.8,2,78.8,3,3.5,1
S3477,Business Administration,4,83.7,25,159.0,87.2,0,62.3,2,2.8,1
S3478,Data Science,3,67.5,18,289.0,79.2,0,47.6,0,4.0,0
S3479,Artificial Intelligence,3,78.5,22,318.0,76.0,4,71.1,2,4.1,0
S3480,Data Science,1,74.2,20,285.0,66.5,2,49.1,1,4.9,0
S3481,Data Science,8,90.0,21,267.0,68.8,2,51.8,0,3.9,0
S3482,Artificial Intelligence,7,82.5,19,254.0,99.4,4,64.6,2,4.0,1
S3483,Artificial Intelligence,1,74.3,23,436.0,59.7,4,84.0,2,4.2,0
S3484,Information Technology,7,80.1,17,334.0,79.0,3,82.5,1,1.0,1
S3485,Information Technology,5,69.5,10,118.0,90.8,3,72.9,0,3.8,1
S3486,Data Science,4,78.1,12,316.0,59.0,3,77.1,3,4.3,1
S3487,Data Science,4,89.0,20,482.0,86.4,3,77.8,0,3.7,0
S3488,Computer Science,8,66.0,19,245.0,96.9,3,51.0,1,3.1,1
S3489,Computer Science,3,81.3,11,254.0,84.4,1,94.7,1,2.9,0
S3490,Information Technology,3,73.0,23,376.0,98.3,2,59.0,1,3.5,0
S3491,Information Technology,5,66.0,15,197.0,77.3,2,45.2,2,3.4,1
S3492,Computer Science,6,100.0,24,158.0,62.7,3,42.3,2,3.7,1
S3493,Computer Science,6,97.0,22,112.0,75.2,1,34.7,3,3.5,1
S3494,Business Administration,8,74.8,15,382.0,53.4,0,54.3,1,4.0,0
S3495,Business Administration,6,78.5,19,404.0,100.0,0,62.6,0,2.5,0
S3496,Computer Science,4,57.7,18,230.0,77.9,0,60.5,0,4.1,1
S3497,Business Administration,1,62.9,14,161.0,44.1,2,62.2,0,4.5,1
S3498,Artificial Intelligence,6,68.5,8,404.0,66.3,2,54.4,1,2.2,1
S3499,Information Technology,2,81.6,20,285.0,74.4,1,73.8,0,3.2,1
S3500,Information Technology,8,80.6,20,59.0,55.0,1,77.8,1,4.2,1
S3501,Computer Science,5,86.0,14,345.0,54.8,1,74.5,0,3.8,0
S3502,Data Science,6,90.1,19,335.0,71.8,0,34.2,0,2.6,0
S3503,Computer Science,2,85.3,18,467.0,87.7,2,71.5,1,4.0,0
S3504,Business Administration,6,69.0,18,401.0,95.1,0,63.1,0,2.0,0
S3505,Data Science,1,85.9,22,407.0,98.1,1,59.7,2,3.9,0
S3506,Business Administration,1,89.6,12,195.0,67.4,4,87.2,0,4.6,0
S3507,Artificial Intelligence,6,76.9,15,138.0,29.9,1,76.2,1,3.5,1
S3508,Business Administration,8,59.8,24,362.0,100.0,0,44.7,4,4.1,0
S3509,Artificial Intelligence,8,96.2,16,302.0,74.1,2,85.8,1,3.8,0
S3510,Artificial Intelligence,2,83.1,19,378.0,70.1,2,52.6,1,2.9,0
S3511,Business Administration,5,48.7,16,315.0,100.0,2,60.7,2,3.0,1
S3512,Business Administration,2,100.0,17,473.0,72.4,1,65.6,0,3.3,0
S3513,Artificial Intelligence,5,76.3,23,248.0,86.8,1,43.5,1,3.3,1
S3514,Data Science,6,100.0,17,305.0,82.4,1,62.7,1,4.4,0
S3515,Artificial Intelligence,5,86.5,16,224.0,55.7,2,49.9,0,4.7,0
S3516,Information Technology,3,79.6,20,195.0,58.4,2,63.0,2,4.2,0
S3517,Artificial Intelligence,4,84.2,13,459.0,74.0,2,78.0,1,4.7,0
S3518,Data Science,7,73.5,18,286.0,77.7,2,96.2,1,3.7,0
S3519,Information Technology,4,82.7,24,596.0,66.8,0,93.5,2,1.4,0
S3520,Computer Science,1,100.0,19,139.0,66.6,0,53.2,1,3.5,1
S3521,Computer Science,3,71.2,22,312.0,76.7,0,100.0,1,2.9,0
S3522,Data Science,4,88.4,10,319.0,65.3,1,55.0,2,4.0,0
S3523,Artificial Intelligence,6,73.4,21,450.0,94.1,2,48.0,3,3.4,0
S3524,Business Administration,5,80.0,16,194.0,83.4,2,64.9,0,3.8,0
S3525,Data Science,5,100.0,13,228.0,68.5,3,60.6,0,3.5,0
S3526,Information Technology,2,88.3,16,130.0,88.6,2,56.6,3,3.1,1
S3527,Information Technology,2,90.9,23,476.0,100.0,0,57.0,3,2.8,0
S3528,Computer Science,8,82.9,20,93.0,81.2,3,83.6,0,3.1,1
S3529,Information Technology,5,100.0,21,315.0,52.0,1,66.4,1,3.9,0
S3530,Data Science,8,70.6,16,600.0,100.0,0,55.7,0,4.6,0
S3531,Information Technology,6,63.0,19,437.0,100.0,4,45.9,2,3.9,0
S3532,Data Science,5,100.0,23,448.0,100.0,3,52.8,0,5.0,0
S3533,Business Administration,2,77.4,26,506.0,89.3,3,61.1,3,4.0,0
S3534,Computer Science,4,86.9,14,321.0,87.1,1,67.2,2,3.7,0
S3535,Information Technology,8,100.0,10,320.0,80.6,3,72.7,0,4.4,0
S3536,Data Science,8,87.1,22,300.0,79.7,1,68.3,1,2.4,0
S3537,Artificial Intelligence,1,100.0,12,291.0,57.1,1,75.9,1,3.0,0
S3538,Computer Science,2,83.6,15,227.0,57.5,0,65.2,0,4.0,0
S3539,Business Administration,6,73.5,14,466.0,62.2,1,71.5,1,2.9,0
S3540,Data Science,8,53.8,19,237.0,41.8,3,53.4,1,4.6,1
S3541,Business Administration,4,85.6,21,266.0,55.5,0,77.4,1,3.1,0
S3542,Business Administration,4,55.2,28,141.0,77.9,3,73.6,1,4.2,1
S3543,Information Technology,4,85.9,16,400.0,37.8,3,84.3,2,3.6,0
S3544,Information Technology,3,99.5,20,491.0,60.9,1,86.2,2,5.0,0
S3545,Data Science,3,81.8,15,32.0,73.8,1,100.0,1,4.1,1
S3546,Artificial Intelligence,7,84.3,19,486.0,64.2,0,91.8,2,4.0,0
S3547,Data Science,4,93.0,15,389.0,72.0,0,73.5,0,3.2,0
S3548,Artificial Intelligence,8,90.0,17,452.0,83.1,0,89.3,0,3.0,0
S3549,Business Administration,6,95.9,17,345.0,95.3,1,94.0,1,3.6,0
S3550,Computer Science,5,81.8,17,372.0,64.7,0,59.6,0,3.9,0
S3551,Data Science,6,55.0,28,340.0,72.5,3,52.7,4,3.8,0
S3552,Data Science,3,96.1,18,180.0,38.2,2,44.4,0,2.3,1
S3553,Artificial Intelligence,2,79.1,24,285.0,88.7,1,67.0,0,3.2,0
S3554,Business Administration,8,71.5,12,241.0,62.5,2,51.8,1,3.8,0
S3555,Business Administration,7,86.0,19,430.0,84.2,0,95.7,2,2.7,0
S3556,Artificial Intelligence,3,84.2,13,268.0,72.3,1,36.7,1,3.8,0
S3557,Business Administration,5,73.0,25,359.0,100.0,1,60.0,0,3.1,0
S3558,Information Technology,1,66.6,23,169.0,100.0,2,85.3,2,4.0,1
S3559,Computer Science,7,87.6,20,521.0,89.3,1,70.0,1,3.3,0
S3560,Data Science,3,71.8,23,331.0,85.7,2,80.2,2,3.5,0
S3561,Computer Science,6,83.4,14,138.0,82.6,1,52.4,2,3.6,1
S3562,Data Science,7,86.5,15,421.0,69.7,3,46.2,0,3.9,0
S3563,Information Technology,8,93.6,11,330.0,64.1,0,77.5,3,4.2,0
S3564,Business Administration,6,100.0,21,395.0,61.1,1,75.4,0,2.6,0
S3565,Artificial Intelligence,4,84.8,13,678.0,66.6,2,79.0,1,3.5,0
S3566,Information Technology,4,76.9,23,437.0,85.6,1,66.1,0,3.6,0
S3567,Computer Science,4,100.0,19,431.0,73.7,0,94.0,0,5.0,0
S3568,Artificial Intelligence,7,94.6,15,257.0,41.2,1,70.7,3,4.2,0
S3569,Business Administration,1,84.0,17,313.0,100.0,6,79.4,1,3.6,0
S3570,Information Technology,5,84.8,21,257.0,75.1,0,74.7,0,2.5,1
S3571,Artificial Intelligence,8,82.3,25,143.0,100.0,1,37.8,0,3.4,1
S3572,Information Technology,7,83.9,18,249.0,70.8,3,75.3,0,5.0,0
S3573,Information Technology,2,80.8,16,436.0,73.6,1,78.2,0,2.3,0
S3574,Business Administration,8,70.3,17,346.0,94.7,2,82.5,1,3.3,0
S3575,Data Science,6,82.1,11,160.0,72.6,1,57.6,1,4.6,0
S3576,Artificial Intelligence,6,100.0,13,287.0,85.2,1,82.8,1,5.0,0
S3577,Business Administration,7,72.2,15,206.0,72.1,4,49.0,3,3.3,1
S3578,Information Technology,7,78.7,14,356.0,69.4,4,73.0,1,4.0,0
S3579,Business Administration,5,71.3,16,218.0,100.0,2,59.2,3,4.3,1
S3580,Data Science,1,95.9,14,233.0,56.3,0,49.2,2,4.1,0
S3581,Artificial Intelligence,7,92.0,20,146.0,68.8,0,52.8,2,3.8,1
S3582,Data Science,4,66.7,29,500.0,100.0,2,84.4,1,4.6,0
S3583,Computer Science,5,57.8,17,294.0,72.1,0,83.9,0,4.5,0
S3584,Artificial Intelligence,2,92.4,23,286.0,51.5,1,58.9,0,3.9,0
S3585,Data Science,4,65.9,20,340.0,89.1,0,65.3,0,4.9,0
S3586,Information Technology,2,91.9,10,349.0,77.4,0,48.0,1,3.7,0
S3587,Artificial Intelligence,3,74.3,13,218.0,86.1,0,83.8,0,3.7,0
S3588,Artificial Intelligence,2,90.3,16,328.0,79.2,1,83.1,0,3.3,0
S3589,Business Administration,4,87.3,15,311.0,58.1,2,46.8,1,1.6,1
S3590,Information Technology,3,75.6,20,423.0,82.3,1,40.4,0,3.7,0
S3591,Computer Science,4,71.5,18,390.0,100.0,2,94.8,2,3.7,0
S3592,Data Science,6,88.9,13,299.0,69.0,4,79.6,1,2.6,0
S3593,Business Administration,4,73.7,17,303.0,62.1,1,71.1,0,3.0,0
S3594,Data Science,3,95.3,20,275.0,74.9,0,58.8,2,4.3,0
S3595,Computer Science,2,72.0,18,313.0,74.2,3,59.6,0,2.4,0
S3596,Computer Science,6,86.2,11,296.0,72.2,0,68.2,1,3.5,0
S3597,Artificial Intelligence,1,77.3,14,319.0,100.0,2,86.9,0,4.2,0
S3598,Computer Science,1,82.1,26,124.0,82.4,1,57.5,0,2.6,1
S3599,Data Science,8,73.6,17,223.0,100.0,0,84.3,1,3.6,0
S3600,Information Technology,1,79.9,12,472.0,82.1,1,56.6,0,3.8,0
S3601,Information Technology,1,51.3,18,221.0,84.5,2,45.9,0,4.2,1
S3602,Artificial Intelligence,5,72.2,25,283.0,100.0,1,67.8,2,3.7,1
S3603,Data Science,1,74.9,18,325.0,84.2,3,79.0,0,3.9,0
S3604,Data Science,3,81.1,18,279.0,73.4,0,81.7,2,3.1,0
S3605,Computer Science,7,97.5,16,232.0,61.1,1,51.4,1,3.8,0
S3606,Data Science,1,73.6,17,410.0,62.6,0,90.5,2,4.1,0
S3607,Business Administration,4,99.0,20,176.0,70.5,2,52.7,2,2.4,1
S3608,Computer Science,7,71.7,22,53.0,73.5,3,73.7,0,3.9,1
S3609,Business Administration,1,68.7,20,455.0,40.9,1,49.9,0,5.0,0
S3610,Artificial Intelligence,7,59.4,24,145.0,77.7,1,72.8,4,3.1,1
S3611,Information Technology,2,89.3,22,387.0,28.9,3,65.3,0,3.6,0
S3612,Artificial Intelligence,3,83.0,20,253.0,100.0,1,64.5,1,2.9,0
S3613,Information Technology,3,88.6,16,480.0,44.0,0,80.9,1,4.5,0
S3614,Artificial Intelligence,8,83.6,20,270.0,81.3,1,78.7,0,3.9,0
S3615,Data Science,7,81.9,21,235.0,80.6,0,78.0,1,3.4,0
S3616,Business Administration,8,85.4,14,407.0,100.0,0,36.3,1,4.1,0
S3617,Information Technology,6,100.0,16,449.0,80.5,1,67.3,1,4.3,0
S3618,Computer Science,5,76.3,21,494.0,76.2,1,88.4,3,2.6,0
S3619,Business Administration,4,100.0,24,0.0,83.7,1,60.3,2,3.9,1
S3620,Computer Science,7,92.2,24,62.0,68.5,1,91.8,2,3.8,1
S3621,Business Administration,3,86.4,18,169.0,68.8,2,82.4,1,3.5,1
S3622,Business Administration,8,88.7,14,166.0,81.9,4,61.6,1,3.5,1
S3623,Artificial Intelligence,2,45.0,18,241.0,72.7,1,63.5,1,4.1,0
S3624,Information Technology,1,78.9,18,306.0,89.5,1,37.1,0,2.4,1
S3625,Information Technology,3,74.0,12,323.0,62.1,2,68.4,0,3.1,0
S3626,Business Administration,2,100.0,20,366.0,95.1,1,53.2,1,3.6,0
S3627,Data Science,1,77.9,18,216.0,86.5,0,44.5,0,3.1,1
S3628,Data Science,5,81.6,11,289.0,78.5,3,90.7,0,3.4,0
S3629,Computer Science,3,81.4,16,292.0,50.3,0,56.0,0,3.2,0
S3630,Computer Science,8,66.3,17,302.0,93.1,3,97.9,0,4.3,0
S3631,Artificial Intelligence,3,75.3,18,239.0,100.0,1,41.0,3,3.5,1
S3632,Business Administration,7,91.8,15,326.0,69.6,3,42.3,1,4.9,0
S3633,Computer Science,7,56.4,15,176.0,93.5,3,74.4,1,3.5,1
S3634,Computer Science,2,85.7,15,506.0,75.9,3,78.2,1,4.4,0
S3635,Business Administration,8,71.2,26,195.0,58.3,0,99.8,0,4.0,0
S3636,Artificial Intelligence,6,97.6,18,347.0,64.2,2,58.1,1,4.7,0
S3637,Computer Science,7,86.7,19,261.0,76.1,0,65.4,1,3.2,0
S3638,Artificial Intelligence,4,63.8,16,241.0,86.2,0,87.4,1,3.7,0
S3639,Information Technology,5,77.0,26,119.0,51.7,2,63.1,1,2.5,1
S3640,Artificial Intelligence,4,87.4,15,235.0,65.3,1,73.3,2,2.4,1
S3641,Data Science,3,78.4,14,271.0,78.6,3,41.9,1,4.2,0
S3642,Data Science,4,83.7,22,231.0,55.3,2,85.3,0,2.9,1
S3643,Artificial Intelligence,1,81.8,23,381.0,85.1,2,100.0,1,4.3,0
S3644,Data Science,5,92.4,21,501.0,100.0,1,56.3,0,3.5,0
S3645,Information Technology,4,87.3,19,292.0,76.2,2,100.0,0,4.2,0
S3646,Business Administration,1,81.4,19,361.0,91.2,1,85.6,0,4.1,0
S3647,Data Science,2,82.2,16,449.0,55.0,1,83.2,2,1.6,0
S3648,Data Science,4,69.0,19,172.0,66.6,1,71.5,2,3.3,1
S3649,Artificial Intelligence,5,99.6,26,513.0,95.9,3,70.1,0,2.7,0
S3650,Information Technology,1,100.0,16,142.0,53.4,5,76.0,1,1.0,1
S3651,Business Administration,4,78.0,11,300.0,65.2,1,72.2,1,3.0,0
S3652,Artificial Intelligence,2,82.6,14,381.0,98.6,3,32.9,3,2.2,1
S3653,Artificial Intelligence,4,94.2,20,485.0,67.0,1,72.0,4,3.5,0
S3654,Information Technology,1,94.1,17,299.0,42.0,4,96.0,2,2.9,1
S3655,Business Administration,4,84.1,12,312.0,67.9,0,77.8,0,3.9,0
S3656,Information Technology,5,70.3,21,496.0,100.0,2,46.0,1,3.6,0
S3657,Business Administration,3,100.0,19,120.0,100.0,1,62.4,1,4.2,0
S3658,Information Technology,8,90.2,13,179.0,76.6,3,87.5,1,4.2,0
S3659,Artificial Intelligence,8,84.6,16,153.0,73.8,3,75.0,0,4.2,1
S3660,Artificial Intelligence,1,73.3,19,170.0,100.0,2,87.3,2,3.7,1
S3661,Computer Science,1,82.7,17,189.0,61.2,1,76.1,0,3.2,0
S3662,Data Science,1,60.2,20,448.0,66.4,1,86.4,2,3.1,0
S3663,Information Technology,1,90.9,14,482.0,97.1,2,77.8,3,3.0,0
S3664,Computer Science,4,93.8,13,346.0,62.4,2,72.2,0,3.3,0
S3665,Data Science,5,84.8,11,418.0,84.6,0,79.1,2,4.2,0
S3666,Information Technology,8,70.5,18,398.0,55.7,2,31.3,0,4.3,0
S3667,Business Administration,2,87.4,20,300.0,100.0,2,57.3,0,2.3,0
S3668,Data Science,8,91.4,15,411.0,70.2,2,81.2,2,3.7,0
S3669,Artificial Intelligence,5,73.1,19,391.0,66.3,1,43.0,0,3.6,0
S3670,Computer Science,1,93.2,18,378.0,62.8,1,84.9,1,2.7,0
S3671,Data Science,6,88.3,12,311.0,57.3,0,69.9,0,4.1,0
S3672,Data Science,4,78.7,22,322.0,71.7,3,53.1,2,5.0,0
S3673,Artificial Intelligence,6,75.3,18,280.0,35.5,3,69.7,3,3.2,1
S3674,Information Technology,4,79.9,20,89.0,58.4,4,52.6,1,3.5,1
S3675,Business Administration,1,70.4,23,292.0,78.3,1,79.6,2,3.9,0
S3676,Artificial Intelligence,4,85.1,21,306.0,79.6,4,88.6,2,5.0,0
S3677,Business Administration,1,88.7,23,193.0,76.7,2,67.1,1,4.2,1
S3678,Information Technology,5,96.0,20,242.0,64.3,0,93.0,1,3.0,0
S3679,Data Science,7,85.6,17,384.0,100.0,2,80.4,0,2.9,0
S3680,Business Administration,3,86.7,20,405.0,93.6,2,78.1,0,3.5,0
S3681,Computer Science,4,78.8,14,101.0,76.1,2,77.2,0,3.4,1
S3682,Computer Science,1,71.5,17,216.0,75.9,1,61.6,0,4.1,1
S3683,Artificial Intelligence,6,76.8,19,396.0,69.5,0,69.6,0,3.5,0
S3684,Information Technology,1,99.1,15,148.0,66.4,1,71.0,1,3.7,1
S3685,Artificial Intelligence,6,89.6,21,284.0,75.2,1,69.2,0,2.9,0
S3686,Artificial Intelligence,8,86.9,18,151.0,95.0,1,61.6,1,3.4,1
S3687,Artificial Intelligence,4,60.2,15,193.0,70.0,3,63.0,1,3.9,1
S3688,Computer Science,2,85.8,22,342.0,100.0,2,42.5,0,5.0,0
S3689,Computer Science,6,66.0,17,375.0,66.3,1,50.0,0,3.5,0
S3690,Artificial Intelligence,1,66.9,21,426.0,100.0,1,61.4,1,3.7,0
S3691,Computer Science,4,68.2,17,636.0,72.6,1,48.0,1,3.1,0
S3692,Information Technology,1,72.7,17,277.0,90.2,1,73.8,2,2.9,1
S3693,Artificial Intelligence,2,92.0,17,283.0,100.0,1,89.2,1,3.9,0
S3694,Computer Science,3,84.7,14,454.0,100.0,2,60.7,0,3.9,0
S3695,Business Administration,7,70.7,13,435.0,53.8,3,85.7,1,2.5,0
S3696,Artificial Intelligence,7,75.0,15,365.0,96.6,3,88.0,0,2.4,0
S3697,Artificial Intelligence,2,88.0,19,254.0,61.0,2,47.3,1,4.3,0
S3698,Information Technology,5,90.4,17,389.0,84.8,3,68.0,0,2.9,0
S3699,Data Science,4,83.6,22,229.0,86.8,2,47.0,2,3.6,1
S3700,Data Science,2,68.2,16,221.0,93.5,0,30.1,1,3.7,1
S3701,Information Technology,3,77.0,17,333.0,55.0,1,74.6,0,3.6,0
S3702,Information Technology,1,100.0,25,548.0,56.8,3,48.6,0,3.3,0
S3703,Information Technology,4,67.5,11,266.0,63.1,1,37.2,1,4.0,1
S3704,Data Science,8,86.5,17,307.0,88.5,4,70.3,1,4.5,0
S3705,Information Technology,6,100.0,27,111.0,82.4,1,61.5,1,3.5,1
S3706,Computer Science,2,78.7,17,191.0,85.4,0,62.7,1,2.4,1
S3707,Artificial Intelligence,8,100.0,17,344.0,56.8,1,73.4,0,2.6,0
S3708,Artificial Intelligence,8,73.7,22,357.0,81.0,1,86.4,0,4.6,0
S3709,Business Administration,3,58.3,13,533.0,66.1,0,67.4,0,2.9,0
S3710,Business Administration,8,75.0,20,174.0,66.9,2,76.3,0,4.3,0
S3711,Artificial Intelligence,2,72.9,20,317.0,75.7,3,66.1,2,2.4,1
S3712,Computer Science,5,62.0,18,246.0,50.7,3,61.1,0,2.5,1
S3713,Data Science,7,77.0,32,334.0,87.5,0,76.3,0,3.8,0
S3714,Data Science,7,93.9,10,236.0,52.2,2,54.1,3,2.9,1
S3715,Computer Science,4,74.9,17,92.0,70.6,0,63.8,1,4.6,0
S3716,Data Science,1,77.5,9,377.0,91.4,1,40.1,0,3.5,0
S3717,Information Technology,3,98.4,18,211.0,50.8,1,41.7,0,2.8,1
S3718,Artificial Intelligence,2,73.0,20,272.0,52.7,2,72.1,0,2.5,1
S3719,Artificial Intelligence,4,89.4,21,308.0,96.6,0,83.5,0,5.0,0
S3720,Computer Science,2,61.5,24,297.0,58.7,4,65.5,1,3.3,1
S3721,Data Science,4,70.4,15,0.0,95.4,2,69.9,0,3.4,1
S3722,Business Administration,7,79.4,10,109.0,85.9,2,88.0,1,3.3,1
S3723,Business Administration,8,96.5,17,267.0,53.9,2,72.6,2,3.7,0
S3724,Data Science,5,71.0,25,576.0,81.1,3,77.9,0,3.7,0
S3725,Business Administration,2,70.9,13,188.0,86.2,1,63.9,0,3.5,0
S3726,Computer Science,5,85.3,16,255.0,52.9,3,64.6,0,2.1,1
S3727,Computer Science,6,87.2,11,461.0,79.1,0,40.6,0,4.1,0
S3728,Data Science,6,69.6,19,385.0,93.0,0,96.8,2,3.3,0
S3729,Business Administration,8,75.7,18,351.0,76.5,1,79.2,4,4.3,0
S3730,Computer Science,7,95.0,25,315.0,80.7,0,43.0,4,4.8,0
S3731,Computer Science,3,67.8,15,72.0,75.5,1,67.3,1,3.5,1
S3732,Information Technology,5,86.1,17,110.0,96.4,0,93.5,0,3.6,0
S3733,Information Technology,4,75.8,18,190.0,76.3,0,62.2,0,3.2,0
S3734,Computer Science,3,98.8,21,252.0,65.4,2,88.7,1,2.4,1
S3735,Data Science,2,89.0,11,445.0,74.0,1,100.0,1,4.7,0
S3736,Artificial Intelligence,2,92.6,15,304.0,49.9,1,66.8,3,3.2,1
S3737,Artificial Intelligence,4,75.5,15,224.0,23.7,2,52.3,2,3.7,1
S3738,Computer Science,1,91.9,14,266.0,63.1,4,46.7,0,2.1,1
S3739,Computer Science,8,91.6,22,465.0,100.0,3,83.4,0,2.6,0
S3740,Computer Science,1,88.2,14,315.0,96.3,0,68.5,0,1.7,0
S3741,Data Science,8,78.6,19,380.0,48.4,0,53.5,0,3.6,0
S3742,Information Technology,2,84.0,18,242.0,59.1,2,69.9,1,2.8,1
S3743,Computer Science,8,59.8,22,69.0,66.8,1,69.9,1,3.1,1
S3744,Computer Science,7,100.0,15,378.0,74.6,1,94.3,0,3.6,0
S3745,Business Administration,7,74.8,12,339.0,59.5,2,92.3,1,2.3,1
S3746,Data Science,4,78.0,16,416.0,67.0,2,55.2,2,3.1,0
S3747,Computer Science,1,66.2,11,310.0,96.4,3,75.1,1,3.7,0
S3748,Business Administration,5,90.1,12,590.0,60.0,3,59.8,1,3.6,0
S3749,Artificial Intelligence,2,88.4,21,187.0,88.1,0,55.2,1,1.8,1
S3750,Computer Science,6,78.5,12,170.0,91.7,0,76.8,2,3.8,1
S3751,Computer Science,5,54.0,14,278.0,100.0,2,62.5,3,2.6,1
S3752,Business Administration,4,73.5,18,265.0,65.6,1,74.2,2,3.7,0
S3753,Data Science,6,87.5,15,277.0,57.9,1,51.8,3,3.7,1
S3754,Computer Science,5,85.0,22,288.0,47.0,1,89.7,1,4.6,0
S3755,Artificial Intelligence,1,81.4,19,261.0,89.9,2,65.1,0,3.5,0
S3756,Computer Science,8,76.9,22,235.0,85.7,0,43.3,0,3.1,1
S3757,Artificial Intelligence,7,63.1,25,181.0,76.1,1,80.0,1,2.7,1
S3758,Information Technology,1,93.6,15,367.0,83.8,1,90.4,0,3.8,0
S3759,Information Technology,6,64.7,21,443.0,79.5,0,69.1,0,2.3,0
S3760,Artificial Intelligence,8,79.5,24,695.0,70.6,1,76.8,0,2.9,0
S3761,Data Science,8,69.6,20,344.0,72.0,4,59.1,0,1.1,1
S3762,Computer Science,8,93.9,21,435.0,76.3,2,41.4,1,2.3,0
S3763,Computer Science,3,89.0,15,326.0,100.0,1,74.6,1,4.2,0
S3764,Information Technology,7,77.7,20,385.0,94.4,3,68.2,0,2.8,0
S3765,Artificial Intelligence,2,90.3,23,291.0,57.0,2,79.7,0,3.2,0
S3766,Computer Science,6,64.1,18,265.0,85.1,1,57.2,0,2.7,1
S3767,Computer Science,4,81.0,19,272.0,77.9,0,63.3,1,4.3,0
S3768,Data Science,2,69.3,18,528.0,100.0,2,66.7,2,3.2,0
S3769,Business Administration,5,94.3,23,514.0,100.0,5,73.9,0,3.5,0
S3770,Information Technology,7,86.5,17,199.0,76.2,1,51.7,2,2.9,1
S3771,Information Technology,4,89.8,25,360.0,77.5,0,76.2,0,5.0,0
S3772,Business Administration,4,75.4,14,269.0,57.5,3,61.7,2,2.4,1
S3773,Computer Science,1,90.9,16,515.0,89.8,2,49.0,0,3.1,0
S3774,Data Science,5,68.6,19,158.0,98.6,3,58.8,1,4.6,1
S3775,Data Science,1,70.3,20,437.0,80.2,1,59.7,0,3.4,0
S3776,Information Technology,1,79.9,23,312.0,82.8,3,74.8,0,3.9,0
S3777,Data Science,8,70.8,14,77.0,72.1,3,69.1,2,4.0,1
S3778,Business Administration,7,90.5,22,531.0,93.9,0,88.3,2,3.9,0
S3779,Computer Science,3,76.3,19,92.0,53.9,3,58.6,1,4.4,1
S3780,Business Administration,1,69.0,22,178.0,57.9,0,74.2,0,4.1,0
S3781,Artificial Intelligence,2,67.5,22,151.0,94.7,1,59.0,0,1.9,1
S3782,Information Technology,4,90.4,15,456.0,52.6,0,59.3,1,4.1,0
S3783,Data Science,7,51.5,12,227.0,66.6,0,61.9,2,3.2,1
S3784,Artificial Intelligence,1,69.9,13,160.0,73.0,4,58.6,0,3.9,1
S3785,Data Science,6,98.8,19,374.0,86.5,1,75.4,1,2.6,0
S3786,Computer Science,2,77.9,20,167.0,80.8,2,78.1,1,4.1,0
S3787,Computer Science,5,90.6,25,356.0,22.6,3,53.2,4,3.2,1
S3788,Computer Science,4,87.1,19,344.0,88.5,5,46.6,0,3.1,0
S3789,Data Science,7,79.7,12,330.0,74.0,3,79.5,1,4.2,0
S3790,Artificial Intelligence,6,62.1,18,66.0,97.2,3,76.3,0,3.1,1
S3791,Computer Science,7,66.1,17,440.0,60.5,2,91.7,2,3.5,0
S3792,Artificial Intelligence,7,65.9,24,476.0,100.0,4,60.5,1,3.6,0
S3793,Data Science,6,87.8,14,414.0,56.8,2,70.3,3,3.7,0
S3794,Artificial Intelligence,5,90.0,18,391.0,69.7,1,68.3,0,3.2,0
S3795,Data Science,6,71.5,20,279.0,100.0,3,84.5,2,3.2,0
S3796,Data Science,2,81.1,22,507.0,100.0,1,81.2,4,3.1,0
S3797,Information Technology,8,82.1,20,134.0,56.9,1,65.9,2,4.2,1
S3798,Data Science,7,82.9,21,28.0,100.0,0,70.0,2,3.6,1
S3799,Data Science,5,72.9,13,450.0,35.2,2,65.8,1,4.3,0
S3800,Business Administration,7,100.0,19,90.0,91.6,0,33.5,0,4.1,1
S3801,Computer Science,6,90.1,17,432.0,100.0,2,62.0,0,4.0,0
S3802,Information Technology,5,82.9,13,130.0,59.4,0,53.0,1,3.1,1
S3803,Information Technology,5,75.8,23,377.0,100.0,1,51.4,1,3.6,0
S3804,Information Technology,1,72.0,20,211.0,68.8,0,80.3,1,2.0,1
S3805,Business Administration,1,86.8,16,347.0,64.5,0,51.1,2,2.3,0
S3806,Data Science,8,76.3,23,469.0,53.6,1,67.1,1,1.0,1
S3807,Computer Science,1,83.6,19,199.0,76.6,1,63.6,1,3.2,0
S3808,Artificial Intelligence,6,59.2,13,499.0,80.6,2,55.2,1,4.5,0
S3809,Data Science,4,75.6,20,302.0,56.5,0,71.0,1,4.0,0
S3810,Business Administration,2,80.7,14,314.0,100.0,2,94.4,0,2.9,0
S3811,Data Science,6,93.6,20,442.0,67.1,0,48.7,1,4.6,0
S3812,Data Science,7,70.9,16,458.0,77.3,1,93.5,2,3.3,0
S3813,Business Administration,1,64.2,21,292.0,82.2,1,60.8,2,4.7,0
S3814,Information Technology,5,87.3,19,116.0,100.0,4,100.0,3,2.2,1
S3815,Information Technology,6,81.2,15,306.0,100.0,2,63.2,1,3.5,0
S3816,Computer Science,5,61.3,19,119.0,92.7,3,67.0,2,2.7,1
S3817,Computer Science,8,61.9,10,289.0,70.1,1,30.1,1,3.4,0
S3818,Information Technology,7,74.2,19,258.0,84.7,0,89.3,0,2.0,0
S3819,Artificial Intelligence,5,81.0,20,127.0,86.6,2,61.6,2,2.9,1
S3820,Data Science,5,98.7,10,194.0,77.4,1,57.7,0,4.2,0
S3821,Artificial Intelligence,8,69.0,19,453.0,95.2,4,82.6,3,3.9,0
S3822,Data Science,3,88.5,21,261.0,100.0,2,100.0,0,3.9,0
S3823,Information Technology,4,58.5,11,245.0,58.0,1,81.8,0,3.4,0
S3824,Computer Science,2,86.3,18,365.0,85.4,1,48.0,1,3.0,0
S3825,Computer Science,2,100.0,24,497.0,85.0,2,60.8,1,3.3,0
S3826,Artificial Intelligence,1,83.7,16,230.0,73.7,0,38.5,1,3.8,0
S3827,Computer Science,3,74.0,22,440.0,66.0,2,79.4,1,4.0,0
S3828,Information Technology,6,96.8,26,300.0,65.0,4,64.7,1,2.2,1
S3829,Artificial Intelligence,8,86.2,20,532.0,100.0,1,65.2,3,3.6,0
S3830,Data Science,6,83.8,19,428.0,80.9,2,77.5,1,3.8,0
S3831,Computer Science,2,69.8,15,256.0,96.2,0,80.4,1,3.0,0
S3832,Business Administration,4,86.4,16,333.0,73.0,7,54.7,1,3.9,1
S3833,Computer Science,5,73.8,16,204.0,85.8,2,64.9,0,2.6,0
S3834,Data Science,7,85.7,9,320.0,87.3,5,38.3,0,3.8,0
S3835,Artificial Intelligence,1,82.6,24,201.0,73.7,2,72.5,2,1.3,1
S3836,Data Science,4,95.0,22,217.0,82.8,2,68.4,1,3.1,1
S3837,Business Administration,2,75.1,12,440.0,100.0,2,47.8,0,2.9,0
S3838,Information Technology,3,80.2,23,327.0,58.0,4,41.8,1,4.6,0
S3839,Computer Science,1,91.6,20,344.0,82.1,2,71.0,0,3.2,0
S3840,Artificial Intelligence,8,79.2,18,240.0,88.3,1,60.1,0,2.7,0
S3841,Information Technology,2,81.7,20,263.0,92.4,3,74.7,0,4.3,0
S3842,Data Science,6,77.1,9,257.0,95.3,3,49.8,0,3.5,1
S3843,Artificial Intelligence,1,80.0,23,229.0,91.0,1,78.6,2,3.7,0
S3844,Information Technology,8,90.1,18,225.0,99.5,2,69.2,0,3.0,1
S3845,Artificial Intelligence,2,100.0,11,196.0,70.7,3,58.8,0,4.6,0
S3846,Business Administration,6,61.9,14,134.0,100.0,6,67.9,1,3.2,1
S3847,Business Administration,7,66.8,12,291.0,80.2,4,59.7,1,3.3,1
S3848,Computer Science,6,80.3,27,186.0,93.7,1,51.1,1,3.8,1
S3849,Computer Science,5,82.6,12,499.0,54.4,1,49.6,1,3.9,0
S3850,Business Administration,8,79.4,25,139.0,89.9,0,99.0,2,5.0,0
S3851,Artificial Intelligence,8,75.4,23,252.0,80.8,3,98.1,0,4.4,0
S3852,Business Administration,3,67.2,12,388.0,72.6,3,57.5,1,3.7,0
S3853,Computer Science,8,74.7,8,43.0,100.0,2,65.2,0,2.7,1
S3854,Business Administration,5,91.8,24,393.0,82.0,2,94.9,2,2.6,0
S3855,Business Administration,2,83.1,21,201.0,81.6,2,69.8,1,3.5,1
S3856,Artificial Intelligence,7,90.1,16,170.0,52.3,2,89.4,1,5.0,0
S3857,Information Technology,4,67.6,26,370.0,65.7,1,100.0,2,4.6,0
S3858,Computer Science,7,99.3,16,384.0,81.3,2,71.3,0,3.9,0
S3859,Artificial Intelligence,7,75.3,23,167.0,65.9,2,74.5,1,2.3,1
S3860,Business Administration,8,87.7,17,260.0,100.0,3,87.7,0,2.7,0
S3861,Business Administration,7,80.5,18,445.0,72.7,1,64.8,0,3.2,0
S3862,Information Technology,8,75.5,14,247.0,60.6,0,91.1,0,3.4,0
S3863,Computer Science,5,87.2,22,179.0,57.9,0,70.2,1,3.2,1
S3864,Computer Science,4,89.2,25,285.0,75.6,3,100.0,2,4.4,0
S3865,Data Science,6,100.0,22,289.0,93.3,0,68.6,1,4.6,0
S3866,Computer Science,8,89.7,13,269.0,61.1,2,80.9,1,3.2,0
S3867,Information Technology,2,89.5,17,354.0,59.2,3,65.7,0,3.1,0
S3868,Data Science,3,95.7,26,223.0,67.6,1,48.9,1,3.2,1
S3869,Data Science,4,88.4,15,376.0,76.8,2,85.8,3,3.1,0
S3870,Business Administration,2,81.5,17,256.0,59.0,2,87.8,1,3.8,0
S3871,Business Administration,8,85.9,19,127.0,80.2,0,38.0,0,3.3,1
S3872,Computer Science,4,92.3,22,491.0,100.0,0,49.7,2,4.4,0
S3873,Data Science,8,98.7,19,115.0,77.8,3,74.1,0,3.3,1
S3874,Business Administration,5,63.9,14,399.0,70.7,0,64.7,0,2.9,0
S3875,Information Technology,2,59.3,19,281.0,98.1,3,80.9,1,3.5,0
S3876,Business Administration,5,98.2,18,302.0,57.3,1,36.9,0,3.4,0
S3877,Business Administration,1,72.4,20,195.0,87.6,2,98.4,0,3.5,0
S3878,Data Science,2,62.1,14,242.0,78.5,1,59.9,0,3.3,1
S3879,Data Science,4,61.0,17,396.0,100.0,1,68.8,1,1.9,0
S3880,Artificial Intelligence,1,100.0,13,167.0,100.0,2,72.5,0,3.0,1
S3881,Information Technology,5,92.5,29,240.0,42.8,2,93.4,2,4.2,0
S3882,Data Science,5,72.5,27,427.0,81.8,3,45.8,2,3.1,0
S3883,Computer Science,4,73.0,23,230.0,51.7,0,70.3,1,2.0,1
S3884,Information Technology,1,82.7,14,303.0,98.5,4,49.1,0,3.6,0
S3885,Information Technology,7,92.3,15,313.0,60.8,2,83.5,1,4.2,0
S3886,Data Science,6,78.5,20,196.0,92.2,1,62.7,1,4.8,0
S3887,Information Technology,3,72.6,21,351.0,98.7,2,75.0,2,4.1,0
S3888,Data Science,4,95.6,19,291.0,45.2,1,62.2,0,4.3,0
S3889,Business Administration,5,81.7,13,204.0,100.0,1,100.0,0,4.1,0
S3890,Artificial Intelligence,2,79.7,19,376.0,98.2,3,56.9,1,3.6,0
S3891,Business Administration,1,89.1,15,317.0,59.0,3,76.9,0,2.6,1
S3892,Data Science,8,56.4,18,292.0,98.9,1,34.7,1,3.4,1
S3893,Data Science,6,87.7,14,263.0,56.4,2,77.0,1,4.1,0
S3894,Business Administration,3,86.9,17,124.0,94.4,0,44.7,0,3.5,0
S3895,Computer Science,2,65.5,17,282.0,76.4,1,95.4,1,4.4,0
S3896,Computer Science,1,58.7,15,33.0,52.4,0,57.9,1,3.7,1
S3897,Computer Science,6,75.2,26,389.0,100.0,1,53.1,2,3.2,0
S3898,Data Science,4,84.2,12,161.0,100.0,5,72.4,0,3.8,1
S3899,Information Technology,8,85.4,15,365.0,81.5,2,47.9,0,2.9,0
S3900,Data Science,6,100.0,21,132.0,78.4,1,55.4,0,3.6,1
S3901,Information Technology,4,84.2,24,144.0,70.8,2,71.7,0,3.3,1
S3902,Business Administration,8,65.2,21,211.0,88.0,2,59.4,1,2.7,1
S3903,Artificial Intelligence,8,79.0,18,524.0,85.4,1,82.1,0,4.1,0
S3904,Information Technology,7,66.4,26,248.0,100.0,0,86.8,1,2.7,0
S3905,Computer Science,1,79.9,17,501.0,81.8,2,77.4,1,3.7,0
S3906,Data Science,8,98.9,20,356.0,100.0,0,48.4,0,3.2,0
S3907,Business Administration,6,87.5,15,269.0,44.5,2,56.3,0,3.8,1
S3908,Computer Science,8,73.4,10,321.0,92.6,3,52.0,0,3.5,0
S3909,Business Administration,3,89.1,11,340.0,81.2,1,63.9,0,3.0,0
S3910,Artificial Intelligence,6,72.7,20,353.0,84.5,0,74.6,1,3.5,0
S3911,Data Science,1,48.8,20,459.0,100.0,2,74.0,0,3.6,0
S3912,Data Science,2,67.2,22,310.0,97.9,1,95.9,1,4.5,0
S3913,Artificial Intelligence,2,87.5,25,374.0,71.7,1,95.9,2,5.0,0
S3914,Data Science,6,91.3,22,535.0,62.7,2,76.1,0,2.7,0
S3915,Information Technology,6,100.0,17,112.0,43.5,0,78.1,4,3.0,1
S3916,Business Administration,4,86.1,12,286.0,86.1,1,49.3,1,1.6,1
S3917,Computer Science,1,98.2,21,396.0,100.0,1,82.9,1,2.6,0
S3918,Artificial Intelligence,4,89.6,19,134.0,100.0,2,75.9,2,2.8,1
S3919,Information Technology,3,93.2,15,184.0,70.7,0,74.9,0,1.8,0
S3920,Computer Science,7,95.2,16,187.0,100.0,3,71.1,1,2.2,1
S3921,Computer Science,2,87.8,16,346.0,100.0,2,91.8,1,3.3,0
S3922,Artificial Intelligence,8,94.9,16,363.0,95.4,5,96.8,0,3.1,0
S3923,Information Technology,8,73.6,13,194.0,78.9,0,70.2,2,3.1,1
S3924,Computer Science,5,52.9,13,351.0,77.2,1,77.0,1,2.8,0
S3925,Computer Science,5,89.8,22,222.0,87.6,1,59.2,1,5.0,0
S3926,Information Technology,1,86.5,17,451.0,90.3,0,72.4,2,3.8,0
S3927,Data Science,8,71.5,17,361.0,69.5,1,78.3,4,3.5,0
S3928,Computer Science,1,66.9,15,388.0,71.5,1,42.8,2,4.5,0
S3929,Business Administration,5,83.6,17,491.0,82.8,3,53.5,0,3.4,0
S3930,Information Technology,1,90.6,19,383.0,66.9,1,77.6,3,2.4,0
S3931,Computer Science,2,88.2,22,232.0,68.8,0,71.8,3,2.9,1
S3932,Artificial Intelligence,3,69.8,22,315.0,46.3,2,71.2,0,4.8,0
S3933,Business Administration,3,72.5,33,143.0,59.8,1,69.9,1,3.2,1
S3934,Computer Science,8,90.0,26,168.0,91.4,1,85.5,2,2.1,1
S3935,Business Administration,4,82.9,27,372.0,96.1,2,82.4,0,4.1,0
S3936,Business Administration,2,94.7,24,501.0,77.3,0,61.3,0,3.8,0
S3937,Data Science,7,78.1,18,429.0,92.2,2,87.8,1,3.0,0
S3938,Business Administration,1,90.9,15,341.0,37.8,2,68.1,0,3.6,0
S3939,Data Science,1,81.5,16,120.0,85.7,1,43.5,2,4.6,1
S3940,Information Technology,8,73.3,14,316.0,51.7,2,75.3,1,4.1,0
S3941,Data Science,7,93.1,17,179.0,62.9,2,46.6,1,3.3,1
S3942,Artificial Intelligence,4,70.1,16,347.0,89.7,5,77.7,1,4.4,0
S3943,Computer Science,4,82.9,17,141.0,92.7,0,58.1,0,4.7,0
S3944,Information Technology,1,84.1,17,320.0,43.7,1,34.1,0,2.7,0
S3945,Information Technology,1,80.6,19,238.0,48.0,0,71.8,1,5.0,0
S3946,Artificial Intelligence,7,93.9,21,310.0,65.9,0,91.8,0,3.6,0
S3947,Data Science,8,88.9,25,236.0,45.7,0,60.2,0,4.0,0
S3948,Computer Science,2,87.4,20,112.0,70.6,3,74.2,1,3.6,1
S3949,Data Science,7,82.8,27,423.0,93.6,2,71.8,0,4.0,0
S3950,Business Administration,4,100.0,15,264.0,50.1,0,35.4,3,3.9,1
S3951,Data Science,7,99.6,15,248.0,100.0,3,71.4,1,3.1,1
S3952,Information Technology,7,93.0,23,283.0,73.3,1,76.7,3,3.7,0
S3953,Computer Science,7,91.1,13,221.0,84.7,1,61.4,0,4.4,0
S3954,Data Science,2,74.8,24,221.0,59.5,0,62.8,2,3.1,1
S3955,Computer Science,6,81.4,15,473.0,96.7,1,63.0,2,4.3,0
S3956,Computer Science,1,89.6,25,310.0,82.2,4,77.2,2,2.3,1
S3957,Business Administration,5,94.6,25,248.0,82.6,1,47.4,1,4.0,0
S3958,Business Administration,8,92.7,17,101.0,85.0,5,43.7,3,5.0,1
S3959,Information Technology,7,89.0,23,239.0,54.7,2,78.4,1,3.9,0
S3960,Artificial Intelligence,8,100.0,14,183.0,85.4,2,54.7,0,2.4,1
S3961,Computer Science,5,80.4,15,249.0,90.7,7,82.2,0,4.2,1
S3962,Artificial Intelligence,6,94.2,22,482.0,50.4,1,70.7,0,4.8,0
S3963,Information Technology,1,92.7,18,472.0,73.1,0,58.2,2,3.9,0
S3964,Computer Science,4,87.3,22,269.0,72.5,3,50.8,3,3.2,1
S3965,Computer Science,5,87.8,20,218.0,78.8,3,20.0,0,2.8,1
S3966,Artificial Intelligence,8,87.5,15,369.0,91.0,1,58.4,0,3.6,0
S3967,Data Science,8,73.5,19,434.0,92.7,0,68.8,1,4.0,0
S3968,Business Administration,8,86.8,15,267.0,76.2,2,71.9,2,2.0,1
S3969,Data Science,4,91.0,18,542.0,95.2,3,43.8,0,4.6,0
S3970,Artificial Intelligence,5,85.9,21,235.0,53.2,2,57.9,0,1.1,1
S3971,Business Administration,8,59.9,25,257.0,82.7,3,88.3,0,4.3,0
S3972,Data Science,4,63.0,18,281.0,41.7,1,100.0,1,4.1,0
S3973,Business Administration,7,72.2,15,260.0,69.0,1,78.4,4,4.4,1
S3974,Computer Science,8,80.7,16,162.0,86.7,1,68.2,1,2.4,1
S3975,Data Science,5,72.8,18,393.0,90.9,1,44.6,5,4.3,0
S3976,Business Administration,4,89.8,18,266.0,83.3,1,68.4,1,5.0,0
S3977,Business Administration,6,96.3,16,558.0,100.0,1,59.5,3,3.4,0
S3978,Business Administration,2,98.0,20,393.0,80.0,3,92.2,1,3.7,0
S3979,Data Science,4,86.0,19,339.0,47.3,2,62.3,2,2.4,1
S3980,Information Technology,2,95.0,21,532.0,37.1,3,81.6,0,2.9,0
S3981,Data Science,2,75.2,15,386.0,60.1,2,63.5,3,3.3,0
S3982,Artificial Intelligence,1,80.2,14,382.0,60.0,1,86.4,1,2.4,0
S3983,Data Science,7,68.0,19,220.0,78.7,1,66.8,1,2.6,0
S3984,Business Administration,6,96.5,19,271.0,68.1,3,74.7,0,3.2,0
S3985,Computer Science,2,100.0,16,420.0,60.9,0,67.3,1,3.9,0
S3986,Data Science,3,77.8,10,397.0,67.5,1,78.0,1,2.4,0
S3987,Data Science,7,56.0,16,228.0,71.9,1,53.5,0,3.5,0
S3988,Business Administration,2,70.5,17,580.0,63.0,1,83.5,1,2.2,0
S3989,Computer Science,4,74.2,19,275.0,78.7,1,38.9,1,3.5,1
S3990,Computer Science,2,66.1,14,441.0,95.1,0,76.2,2,4.6,0
S3991,Artificial Intelligence,4,69.6,14,331.0,66.3,0,51.5,1,3.7,0
S3992,Data Science,8,84.5,17,355.0,79.5,2,78.7,4,4.5,0
S3993,Computer Science,4,89.9,14,259.0,100.0,0,88.0,2,3.5,0
S3994,Computer Science,3,57.2,21,324.0,82.4,2,46.8,0,3.8,0
S3995,Information Technology,2,75.6,14,114.0,97.6,1,51.7,1,2.8,1
S3996,Information Technology,2,82.5,18,432.0,69.5,0,53.5,1,4.1,0
S3997,Computer Science,5,69.2,23,390.0,99.0,3,90.2,0,3.0,0
S3998,Artificial Intelligence,7,84.8,15,524.0,63.5,2,46.2,0,2.5,0
S3999,Computer Science,5,80.6,22,309.0,88.8,0,56.9,2,3.5,0
S4000,Business Administration,1,76.6,16,181.0,97.4,1,39.7,1,2.3,1
S4001,Data Science,4,71.6,23,480.0,100.0,4,74.9,2,4.0,0
S4002,Artificial Intelligence,3,85.3,15,268.0,80.3,2,74.6,0,5.0,0
S4003,Business Administration,5,72.8,16,0.0,73.1,5,35.2,2,3.3,1
S4004,Artificial Intelligence,2,61.2,17,360.0,53.1,2,89.6,0,3.3,0
S4005,Business Administration,1,82.3,23,412.0,76.7,3,76.0,1,3.9,0
S4006,Data Science,3,67.1,19,446.0,92.5,1,52.0,1,4.0,0
S4007,Data Science,6,62.2,24,192.0,90.6,2,42.6,0,3.6,1
S4008,Information Technology,2,83.6,18,361.0,77.6,2,95.7,0,2.2,0
S4009,Business Administration,2,80.0,15,370.0,84.7,3,75.4,1,4.5,0
S4010,Information Technology,8,71.6,17,374.0,100.0,0,69.9,1,4.4,0
S4011,Business Administration,6,84.7,23,228.0,90.3,0,86.3,0,2.5,0
S4012,Information Technology,4,87.1,19,343.0,73.8,0,71.9,2,1.3,1
S4013,Data Science,4,84.9,21,434.0,78.0,2,53.7,3,5.0,0
S4014,Artificial Intelligence,5,84.4,16,74.0,90.2,0,33.9,0,2.9,1
S4015,Information Technology,5,62.7,17,298.0,88.7,3,92.5,1,2.4,0
S4016,Business Administration,2,97.5,21,420.0,100.0,2,86.8,1,1.2,0
S4017,Business Administration,7,88.7,15,494.0,100.0,3,65.6,2,3.1,0
S4018,Data Science,2,70.6,21,486.0,59.5,2,70.1,2,3.9,0
S4019,Business Administration,5,81.9,29,413.0,66.3,1,82.7,1,5.0,0
S4020,Computer Science,6,84.1,15,524.0,100.0,1,61.9,2,3.2,0
S4021,Artificial Intelligence,5,81.5,12,417.0,64.0,2,57.5,2,2.0,0
S4022,Information Technology,2,100.0,19,21.0,81.0,4,60.6,1,3.8,1
S4023,Artificial Intelligence,3,58.7,12,246.0,100.0,0,70.9,0,3.7,0
S4024,Data Science,2,64.3,17,471.0,83.6,1,85.0,2,2.9,0
S4025,Information Technology,3,54.4,22,239.0,95.7,2,51.2,3,3.2,1
S4026,Information Technology,3,83.0,20,456.0,82.0,1,62.1,3,3.6,0
S4027,Computer Science,2,88.5,15,393.0,76.7,0,32.8,0,4.1,0
S4028,Data Science,7,86.3,13,526.0,44.9,1,100.0,2,3.9,0
S4029,Business Administration,7,78.5,10,248.0,82.6,1,66.5,2,3.7,1
S4030,Computer Science,1,86.9,19,80.0,68.5,1,89.1,1,3.5,1
S4031,Computer Science,5,78.4,19,275.0,100.0,0,49.9,0,5.0,0
S4032,Artificial Intelligence,7,90.9,12,129.0,32.5,4,88.3,2,3.9,1
S4033,Artificial Intelligence,4,95.3,23,245.0,68.9,3,85.3,1,4.4,0
S4034,Artificial Intelligence,2,70.8,22,0.0,100.0,1,49.6,0,4.2,1
S4035,Computer Science,3,78.5,24,302.0,100.0,0,66.1,1,3.8,0
S4036,Business Administration,2,80.5,23,352.0,98.7,2,50.2,0,4.7,0
S4037,Information Technology,5,99.1,15,359.0,90.0,0,73.2,1,2.9,0
S4038,Artificial Intelligence,6,72.2,19,419.0,47.0,1,92.3,1,4.2,0
S4039,Business Administration,7,95.2,26,339.0,58.9,3,76.5,0,2.4,0
S4040,Data Science,7,64.4,16,222.0,94.7,3,70.1,1,3.6,1
S4041,Artificial Intelligence,7,96.9,19,450.0,54.8,2,88.1,1,2.0,0
S4042,Information Technology,3,92.2,16,386.0,73.8,2,65.3,3,2.5,1
S4043,Data Science,4,80.1,12,292.0,72.4,6,85.7,1,3.2,1
S4044,Data Science,8,93.0,19,287.0,85.5,0,45.1,0,5.0,0
S4045,Information Technology,4,76.0,11,225.0,90.1,1,77.5,2,3.4,0
S4046,Artificial Intelligence,7,70.9,19,455.0,32.3,0,75.8,0,4.1,0
S4047,Computer Science,4,100.0,16,305.0,83.1,1,57.1,0,4.7,0
S4048,Information Technology,6,75.5,21,406.0,65.7,1,55.7,1,3.3,0
S4049,Information Technology,7,90.1,8,60.0,88.0,0,47.4,1,4.9,1
S4050,Information Technology,1,95.3,22,318.0,46.0,0,57.9,2,3.5,0
S4051,Data Science,3,91.7,14,334.0,96.3,3,88.6,0,2.7,0
S4052,Business Administration,6,89.2,13,160.0,65.1,4,70.7,3,4.4,1
S4053,Computer Science,8,90.2,16,211.0,71.0,0,63.5,2,4.0,1
S4054,Artificial Intelligence,3,94.7,18,390.0,100.0,0,51.3,0,3.3,0
S4055,Artificial Intelligence,8,85.8,26,373.0,75.5,2,82.1,0,2.7,0
S4056,Business Administration,7,81.5,17,336.0,95.8,2,83.7,1,4.3,0
S4057,Information Technology,6,65.6,21,456.0,77.6,2,79.0,1,2.6,0
S4058,Computer Science,7,85.8,21,369.0,100.0,0,50.1,3,1.8,0
S4059,Artificial Intelligence,8,94.3,11,469.0,84.1,1,69.4,0,4.4,0
S4060,Artificial Intelligence,8,68.8,19,191.0,87.3,1,73.3,0,4.2,0
S4061,Information Technology,6,79.3,21,329.0,81.2,1,70.7,1,4.0,0
S4062,Business Administration,7,87.1,14,312.0,72.7,0,37.3,2,3.3,0
S4063,Computer Science,1,100.0,23,155.0,93.8,1,74.1,0,4.0,0
S4064,Business Administration,3,68.1,14,513.0,64.5,0,37.0,1,2.9,0
S4065,Business Administration,6,91.5,23,245.0,91.1,0,94.9,1,3.6,0
S4066,Computer Science,1,77.7,17,347.0,95.3,1,50.5,1,4.9,0
S4067,Computer Science,2,73.9,13,241.0,87.7,2,90.4,0,3.5,0
S4068,Artificial Intelligence,7,71.0,12,437.0,61.0,3,65.2,1,3.9,0
S4069,Artificial Intelligence,5,74.1,14,269.0,86.1,2,67.5,1,2.4,1
S4070,Computer Science,6,88.0,26,269.0,96.9,1,69.6,2,3.1,0
S4071,Data Science,4,79.3,20,303.0,55.2,2,66.3,1,3.3,1
S4072,Artificial Intelligence,1,90.6,15,310.0,50.5,1,35.1,0,4.4,0
S4073,Data Science,1,68.5,19,234.0,93.2,1,62.9,0,5.0,0
S4074,Computer Science,6,90.4,15,207.0,66.4,2,60.7,2,3.8,1
S4075,Artificial Intelligence,8,87.2,14,235.0,91.4,1,41.5,0,2.1,1
S4076,Business Administration,1,63.9,12,281.0,100.0,0,56.4,0,2.6,0
S4077,Computer Science,2,100.0,14,333.0,51.5,2,67.3,1,4.4,0
S4078,Information Technology,1,86.1,13,251.0,49.9,4,50.6,1,2.9,1
S4079,Data Science,5,91.2,9,163.0,92.4,1,65.9,3,4.1,1
S4080,Computer Science,5,95.9,13,155.0,100.0,1,66.0,1,3.8,0
S4081,Computer Science,8,93.6,20,190.0,100.0,1,64.0,1,3.5,0
S4082,Artificial Intelligence,7,80.5,13,340.0,92.5,0,57.1,1,3.7,0
S4083,Artificial Intelligence,7,90.7,16,405.0,75.6,1,65.5,1,3.6,0
S4084,Artificial Intelligence,8,60.3,25,168.0,79.7,0,65.6,0,2.4,0
S4085,Information Technology,4,86.7,24,351.0,84.1,3,46.5,0,3.3,0
S4086,Artificial Intelligence,2,100.0,17,344.0,100.0,1,69.8,1,5.0,0
S4087,Computer Science,5,73.7,22,520.0,83.3,0,85.8,2,2.6,0
S4088,Artificial Intelligence,8,93.0,18,579.0,65.6,0,55.1,0,2.6,0
S4089,Business Administration,6,100.0,16,427.0,82.0,2,75.9,1,3.1,0
S4090,Artificial Intelligence,3,90.3,18,384.0,49.9,2,53.2,1,5.0,0
S4091,Information Technology,3,94.3,29,364.0,68.0,4,67.0,1,2.8,0
S4092,Business Administration,3,63.2,17,212.0,72.5,3,56.1,2,3.1,1
S4093,Computer Science,7,70.8,19,163.0,71.0,0,47.6,1,2.7,1
S4094,Computer Science,6,99.2,14,113.0,49.4,2,63.0,0,3.1,1
S4095,Data Science,1,93.5,21,319.0,56.6,4,70.1,0,3.3,0
S4096,Business Administration,6,88.0,19,210.0,77.6,3,69.4,4,3.9,1
S4097,Data Science,1,78.8,27,395.0,93.1,1,55.0,0,2.2,0
S4098,Business Administration,3,85.4,16,165.0,70.5,1,55.5,2,3.7,1
S4099,Business Administration,4,100.0,18,330.0,79.4,5,77.1,0,2.7,0
S4100,Information Technology,4,80.8,23,208.0,93.8,1,53.2,0,3.9,0
S4101,Data Science,8,90.4,16,135.0,100.0,1,70.7,0,2.3,1
S4102,Information Technology,1,90.1,20,202.0,72.3,4,48.8,1,3.3,1
S4103,Business Administration,3,74.0,12,222.0,62.9,1,57.9,0,2.8,1
S4104,Computer Science,6,74.9,16,297.0,92.2,3,32.4,2,3.6,1
S4105,Business Administration,4,100.0,17,227.0,93.3,0,70.5,0,4.8,0
S4106,Information Technology,1,88.8,19,189.0,54.5,0,62.6,2,4.0,0
S4107,Data Science,8,73.8,19,204.0,57.9,1,58.5,0,4.0,1
S4108,Data Science,6,78.3,26,0.0,53.3,2,84.6,2,3.4,1
S4109,Information Technology,3,70.2,20,254.0,65.1,2,54.4,1,3.3,0
S4110,Data Science,2,94.8,16,304.0,93.5,0,79.3,2,3.4,0
S4111,Artificial Intelligence,3,79.0,18,249.0,84.4,1,71.0,1,3.3,0
S4112,Computer Science,7,79.1,11,324.0,81.0,0,89.2,0,3.0,0
S4113,Computer Science,3,92.1,18,416.0,60.3,1,91.1,1,2.9,0
S4114,Computer Science,8,61.8,8,427.0,58.9,2,57.2,1,2.9,0
S4115,Data Science,6,81.6,19,417.0,79.3,1,77.8,1,3.3,0
S4116,Data Science,8,81.9,16,226.0,77.1,1,100.0,0,2.7,0
S4117,Business Administration,6,78.6,21,189.0,86.8,2,75.2,1,3.7,0
S4118,Business Administration,5,75.4,17,233.0,100.0,2,62.0,0,2.3,1
S4119,Computer Science,5,73.5,25,372.0,57.5,1,43.2,2,3.8,0
S4120,Artificial Intelligence,6,85.4,20,337.0,75.3,2,37.0,2,3.5,0
S4121,Business Administration,6,69.9,12,209.0,80.0,0,44.0,2,4.8,0
S4122,Business Administration,2,83.9,29,429.0,81.5,1,100.0,2,4.5,0
S4123,Data Science,2,75.4,15,167.0,79.3,1,67.3,2,2.7,1
S4124,Artificial Intelligence,3,76.2,14,237.0,77.3,3,70.6,1,3.5,1
S4125,Computer Science,8,84.4,13,325.0,81.4,3,58.0,0,3.8,0
S4126,Business Administration,7,76.0,19,400.0,87.3,1,75.1,0,3.0,0
S4127,Artificial Intelligence,8,97.2,16,439.0,65.3,3,65.7,1,2.8,0
S4128,Artificial Intelligence,4,80.3,16,337.0,86.5,1,50.0,1,3.7,0
S4129,Computer Science,8,94.6,15,152.0,87.3,1,39.9,0,4.0,1
S4130,Artificial Intelligence,7,72.9,21,427.0,82.2,3,35.0,0,3.5,0
S4131,Artificial Intelligence,2,72.6,11,175.0,100.0,1,59.4,0,3.4,0
S4132,Artificial Intelligence,3,62.0,19,242.0,81.9,1,60.7,1,3.4,0
S4133,Business Administration,7,76.1,23,182.0,84.6,4,76.0,2,2.6,1
S4134,Computer Science,8,79.2,10,289.0,60.4,0,88.8,0,4.1,0
S4135,Artificial Intelligence,1,82.9,28,178.0,96.7,2,52.7,1,3.7,1
S4136,Artificial Intelligence,5,90.4,17,357.0,100.0,0,59.0,1,3.6,0
S4137,Business Administration,7,89.5,21,350.0,80.8,3,95.1,1,3.9,0
S4138,Computer Science,4,95.6,17,390.0,40.8,2,88.6,0,5.0,0
S4139,Data Science,3,71.4,18,334.0,97.4,0,39.5,2,5.0,0
S4140,Business Administration,7,82.4,15,327.0,100.0,2,91.9,1,3.9,0
S4141,Computer Science,6,70.0,21,182.0,81.9,4,55.1,1,3.0,1
S4142,Artificial Intelligence,8,87.0,25,219.0,68.7,1,61.3,1,4.2,0
S4143,Computer Science,1,100.0,19,288.0,100.0,0,76.4,0,3.3,0
S4144,Computer Science,5,67.6,21,298.0,99.6,0,58.6,2,3.6,0
S4145,Computer Science,1,90.3,20,260.0,82.5,1,56.4,2,4.2,0
S4146,Data Science,3,94.6,27,367.0,98.5,1,57.4,2,3.9,0
S4147,Computer Science,8,71.3,21,578.0,64.9,0,84.7,1,3.7,0
S4148,Data Science,2,87.2,26,349.0,100.0,1,56.2,2,4.0,0
S4149,Artificial Intelligence,5,77.7,11,220.0,82.9,0,61.8,0,4.4,0
S4150,Data Science,8,80.5,23,394.0,72.5,1,66.9,2,2.4,0
S4151,Artificial Intelligence,1,77.3,24,225.0,80.1,2,41.0,3,3.9,1
S4152,Artificial Intelligence,2,79.3,23,342.0,92.5,1,69.6,0,2.8,0
S4153,Data Science,4,95.9,13,357.0,83.6,3,83.2,0,3.9,0
S4154,Business Administration,3,81.1,18,328.0,100.0,0,66.3,2,2.6,1
S4155,Information Technology,3,74.8,23,229.0,99.8,0,59.4,0,3.5,0
S4156,Computer Science,5,82.8,15,309.0,56.9,2,51.8,2,3.6,1
S4157,Information Technology,1,56.5,14,240.0,94.6,2,59.9,0,3.4,1
S4158,Computer Science,4,72.2,18,239.0,96.1,2,63.4,1,4.0,0
S4159,Computer Science,6,97.0,18,102.0,89.1,2,46.6,4,3.2,1
S4160,Artificial Intelligence,5,80.3,18,285.0,60.9,1,50.8,1,3.3,1
S4161,Computer Science,8,76.3,20,560.0,98.1,0,55.2,2,3.4,0
S4162,Computer Science,6,84.1,19,0.0,82.7,0,46.9,1,3.0,1
S4163,Data Science,5,90.8,17,33.0,59.8,3,68.6,1,3.1,1
S4164,Information Technology,1,97.9,21,307.0,84.4,1,75.4,0,4.1,0
S4165,Data Science,4,76.6,19,390.0,98.4,1,58.6,1,4.1,0
S4166,Computer Science,1,76.9,19,139.0,62.8,1,60.7,2,2.9,1
S4167,Artificial Intelligence,3,79.3,19,326.0,62.8,0,78.7,2,4.0,0
S4168,Data Science,6,94.3,17,281.0,91.1,2,64.8,1,2.3,0
S4169,Data Science,2,82.7,22,228.0,84.6,0,79.2,2,3.2,1
S4170,Business Administration,7,100.0,23,346.0,92.8,0,43.8,2,2.6,1
S4171,Computer Science,8,80.1,17,179.0,79.3,1,68.1,0,3.6,0
S4172,Artificial Intelligence,3,100.0,17,422.0,100.0,1,80.9,3,3.5,0
S4173,Data Science,3,71.3,24,70.0,71.7,3,100.0,1,4.6,1
S4174,Data Science,6,65.3,14,290.0,90.0,4,88.4,0,4.6,0
S4175,Artificial Intelligence,8,80.8,21,313.0,69.8,1,58.9,0,3.1,1
S4176,Computer Science,5,95.7,28,280.0,52.8,2,43.5,0,3.5,0
S4177,Business Administration,3,76.3,24,238.0,75.8,3,63.3,1,2.8,1
S4178,Data Science,7,74.6,14,375.0,73.0,1,84.4,1,3.0,0
S4179,Business Administration,4,94.3,10,251.0,100.0,3,53.6,1,2.3,1
S4180,Information Technology,3,90.5,16,118.0,85.9,1,64.9,1,4.0,1
S4181,Computer Science,4,72.5,23,218.0,64.2,1,55.4,1,2.9,1
S4182,Information Technology,1,71.8,14,311.0,79.2,1,66.9,0,2.9,0
S4183,Information Technology,8,92.0,19,234.0,61.9,1,71.5,1,3.1,0
S4184,Information Technology,5,62.4,24,261.0,73.6,1,79.8,0,3.1,1
S4185,Computer Science,4,95.0,24,393.0,96.8,0,53.4,1,2.8,0
S4186,Computer Science,3,90.3,25,228.0,86.6,2,79.8,1,4.1,0
S4187,Artificial Intelligence,5,54.6,12,289.0,48.4,0,70.4,1,3.5,0
S4188,Business Administration,7,82.2,21,277.0,63.8,2,51.0,1,3.0,0
S4189,Business Administration,5,58.3,12,429.0,63.1,5,71.5,0,3.4,0
S4190,Artificial Intelligence,4,67.5,16,306.0,65.7,2,68.7,1,3.3,1
S4191,Artificial Intelligence,8,76.0,19,396.0,83.3,1,80.1,2,3.4,0
S4192,Information Technology,4,66.8,20,214.0,96.9,2,56.5,0,4.0,0
S4193,Artificial Intelligence,2,100.0,15,510.0,72.0,0,56.4,4,3.8,0
S4194,Data Science,2,92.4,16,400.0,66.7,0,47.6,0,5.0,0
S4195,Business Administration,5,98.4,23,499.0,93.1,3,37.9,2,2.7,0
S4196,Artificial Intelligence,6,80.3,26,324.0,83.7,1,64.0,3,4.8,0
S4197,Data Science,8,82.4,21,227.0,68.6,1,64.5,0,3.8,0
S4198,Data Science,6,100.0,21,273.0,71.0,1,41.5,1,3.4,1
S4199,Data Science,2,87.2,20,325.0,72.8,6,76.3,2,2.8,1
S4200,Data Science,3,89.3,14,324.0,98.0,2,77.6,0,3.0,0
S4201,Information Technology,1,71.1,21,251.0,86.0,2,40.1,3,3.6,1
S4202,Data Science,5,71.0,19,298.0,100.0,1,59.7,2,2.6,0
S4203,Information Technology,1,85.1,23,331.0,87.9,0,75.5,2,3.4,0
S4204,Information Technology,2,86.5,19,202.0,62.1,1,72.9,3,5.0,0
S4205,Data Science,4,70.0,24,256.0,48.0,0,55.4,1,3.7,0
S4206,Business Administration,7,86.3,12,461.0,66.8,3,86.6,1,3.9,0
S4207,Data Science,5,67.3,27,444.0,48.6,1,41.8,1,2.7,0
S4208,Data Science,2,82.2,17,205.0,64.0,1,58.7,1,3.9,0
S4209,Data Science,8,64.8,19,527.0,78.4,0,82.7,0,2.3,0
S4210,Business Administration,3,97.9,12,204.0,54.6,1,69.6,1,1.7,1
S4211,Computer Science,7,78.3,22,349.0,92.2,4,60.8,0,3.9,0
S4212,Computer Science,5,73.7,24,459.0,68.9,0,97.8,1,3.6,0
S4213,Information Technology,5,68.3,13,204.0,92.4,0,60.9,1,4.6,0
S4214,Information Technology,8,67.1,27,165.0,61.0,4,42.9,2,2.1,1
S4215,Business Administration,6,87.2,20,359.0,91.0,0,48.5,1,4.2,0
S4216,Artificial Intelligence,4,94.0,13,291.0,68.9,1,90.9,0,3.3,0
S4217,Computer Science,5,92.8,26,258.0,73.7,1,44.1,0,4.1,0
S4218,Information Technology,4,98.8,12,137.0,66.6,5,85.9,1,2.4,1
S4219,Computer Science,2,100.0,14,458.0,75.3,0,62.2,2,3.9,0
S4220,Business Administration,3,93.5,12,330.0,88.4,1,97.3,2,2.3,0
S4221,Business Administration,7,76.0,21,383.0,53.2,2,77.0,2,4.6,0
S4222,Artificial Intelligence,7,84.0,25,440.0,100.0,0,68.7,0,3.0,0
S4223,Artificial Intelligence,3,54.9,16,91.0,100.0,1,40.6,2,3.3,1
S4224,Business Administration,5,89.7,14,321.0,69.0,1,58.7,0,3.8,0
S4225,Information Technology,5,83.8,18,118.0,95.9,0,82.8,0,2.8,1
S4226,Computer Science,2,100.0,28,390.0,56.5,1,97.3,1,4.1,0
S4227,Data Science,6,73.1,17,462.0,48.5,1,44.0,2,4.4,0
S4228,Artificial Intelligence,6,88.2,17,289.0,100.0,0,55.5,1,2.2,0
S4229,Data Science,6,70.0,16,292.0,92.3,0,49.2,0,3.1,0
S4230,Information Technology,4,80.7,20,369.0,80.8,1,69.4,1,3.0,0
S4231,Artificial Intelligence,6,62.4,17,357.0,91.6,0,78.4,0,2.7,0
S4232,Data Science,3,98.3,19,273.0,66.0,1,61.1,1,3.5,0
S4233,Information Technology,7,94.6,14,385.0,79.9,1,64.9,2,3.8,0
S4234,Computer Science,7,76.3,15,272.0,82.4,1,79.9,0,2.8,1
S4235,Information Technology,4,85.1,19,337.0,52.1,2,74.9,0,4.8,0
S4236,Artificial Intelligence,2,82.5,15,150.0,98.8,3,47.7,0,3.5,1
S4237,Business Administration,3,74.7,21,438.0,70.0,2,50.9,0,3.6,0
S4238,Computer Science,7,83.5,18,195.0,56.9,3,80.3,0,3.7,1
S4239,Data Science,3,76.7,22,338.0,100.0,0,70.4,1,2.4,0
S4240,Artificial Intelligence,7,93.8,13,165.0,100.0,0,76.7,1,2.2,1
S4241,Business Administration,1,79.5,17,247.0,74.3,1,41.1,0,4.5,0
S4242,Information Technology,2,100.0,15,238.0,55.5,1,82.2,0,4.5,0
S4243,Business Administration,2,81.1,24,363.0,87.6,1,58.8,1,4.3,0
S4244,Artificial Intelligence,8,83.4,19,477.0,79.4,3,75.3,3,3.1,0
S4245,Artificial Intelligence,1,88.3,13,208.0,100.0,1,66.6,1,2.9,1
S4246,Business Administration,4,92.0,24,191.0,100.0,0,82.7,1,3.1,0
S4247,Information Technology,7,82.9,23,425.0,69.9,3,74.3,1,1.8,0
S4248,Business Administration,8,88.1,16,214.0,100.0,3,61.5,0,3.3,1
S4249,Artificial Intelligence,7,84.2,20,578.0,100.0,1,57.1,1,3.4,0
S4250,Artificial Intelligence,7,72.7,17,173.0,46.7,0,68.1,1,3.4,1
S4251,Data Science,6,69.4,12,387.0,88.7,1,60.1,1,2.9,0
S4252,Data Science,6,90.4,14,116.0,100.0,2,93.7,0,3.7,0
S4253,Computer Science,6,100.0,15,178.0,70.8,1,51.2,1,4.3,0
S4254,Artificial Intelligence,6,62.4,15,182.0,55.9,1,69.2,0,2.7,1
S4255,Data Science,6,64.8,18,228.0,100.0,1,55.1,1,3.1,0
S4256,Business Administration,1,64.7,21,399.0,100.0,1,88.5,0,1.0,0
S4257,Information Technology,2,91.3,14,295.0,83.3,3,81.3,2,4.5,0
S4258,Business Administration,4,92.3,20,437.0,40.1,2,41.1,0,3.1,0
S4259,Information Technology,3,70.3,11,397.0,71.3,0,69.9,1,3.6,0
S4260,Data Science,6,100.0,16,181.0,100.0,0,69.9,0,3.1,0
S4261,Computer Science,1,77.4,25,287.0,100.0,0,61.5,2,3.6,0
S4262,Business Administration,8,99.2,17,447.0,74.0,0,70.0,1,3.9,0
S4263,Business Administration,8,91.7,22,197.0,69.8,1,76.4,1,3.0,1
S4264,Business Administration,7,70.5,13,369.0,100.0,2,73.8,1,3.9,0
S4265,Information Technology,4,77.0,17,213.0,74.5,4,41.3,0,2.1,1
S4266,Data Science,8,71.5,16,186.0,76.7,1,34.7,3,4.1,1
S4267,Business Administration,4,65.9,25,264.0,86.7,1,20.0,0,2.8,0
S4268,Business Administration,4,79.0,20,167.0,89.6,0,62.3,1,4.0,0
S4269,Computer Science,1,67.6,24,449.0,59.2,0,55.4,1,3.9,0
S4270,Computer Science,3,79.9,20,0.0,90.1,1,68.4,0,5.0,1
S4271,Data Science,6,100.0,24,362.0,61.0,3,57.4,1,4.2,0
S4272,Data Science,4,90.4,21,362.0,100.0,2,62.3,1,4.5,0
S4273,Artificial Intelligence,1,75.3,7,245.0,72.9,3,66.2,1,3.7,1
S4274,Computer Science,7,74.3,11,60.0,84.2,5,34.4,0,3.6,1
S4275,Artificial Intelligence,2,77.2,21,355.0,27.3,2,79.5,2,2.0,0
S4276,Information Technology,7,100.0,18,246.0,94.1,1,64.5,0,4.6,0
S4277,Artificial Intelligence,1,68.9,18,225.0,96.6,1,46.6,1,5.0,0
S4278,Business Administration,1,82.0,22,443.0,69.7,2,62.7,1,3.5,0
S4279,Artificial Intelligence,1,87.6,21,476.0,54.3,2,48.2,0,2.9,0
S4280,Data Science,4,96.6,19,239.0,53.7,1,75.0,1,3.0,0
S4281,Information Technology,1,78.0,18,207.0,79.0,1,73.9,2,3.3,1
S4282,Business Administration,2,70.4,18,0.0,58.9,1,65.7,0,2.9,1
S4283,Artificial Intelligence,4,85.5,12,108.0,77.8,2,65.3,1,3.7,1
S4284,Information Technology,7,97.8,11,206.0,81.1,1,83.8,0,4.3,0
S4285,Information Technology,2,78.7,15,429.0,83.1,2,79.7,0,3.4,0
S4286,Business Administration,8,71.9,14,354.0,100.0,0,41.4,0,3.9,0
S4287,Artificial Intelligence,5,83.3,22,427.0,100.0,4,57.5,1,4.3,0
S4288,Information Technology,7,62.5,15,383.0,81.9,3,77.1,1,3.2,0
S4289,Information Technology,1,79.4,20,300.0,91.1,1,82.7,1,4.8,0
S4290,Computer Science,6,96.1,21,311.0,86.2,1,100.0,0,5.0,0
S4291,Information Technology,6,92.5,16,365.0,100.0,1,78.2,0,4.6,0
S4292,Computer Science,4,80.3,17,273.0,81.8,3,39.6,0,3.7,1
S4293,Artificial Intelligence,6,100.0,21,338.0,95.8,5,62.8,3,2.7,1
S4294,Artificial Intelligence,7,100.0,12,343.0,100.0,2,79.7,1,4.0,0
S4295,Artificial Intelligence,4,90.0,17,329.0,86.8,0,40.4,0,3.8,0
S4296,Data Science,7,64.4,14,232.0,70.7,1,72.5,0,5.0,0
S4297,Artificial Intelligence,1,59.4,16,461.0,71.4,3,57.7,1,3.2,0
S4298,Information Technology,3,98.6,14,459.0,66.0,1,75.1,0,2.9,0
S4299,Business Administration,3,84.9,10,148.0,93.0,0,79.8,3,5.0,1
S4300,Computer Science,2,100.0,13,58.0,85.8,0,51.5,0,3.3,1
S4301,Data Science,1,65.9,20,247.0,72.9,5,93.1,4,3.5,1
S4302,Artificial Intelligence,6,80.1,26,204.0,100.0,2,38.4,1,3.0,1
S4303,Artificial Intelligence,1,94.4,16,102.0,72.2,1,76.2,2,3.7,1
S4304,Business Administration,5,73.2,17,255.0,81.0,2,86.3,0,3.5,0
S4305,Business Administration,3,94.2,17,471.0,65.3,1,71.2,2,3.5,0
S4306,Data Science,6,80.5,19,355.0,77.4,4,55.8,1,3.6,1
S4307,Computer Science,7,82.3,17,398.0,64.9,1,64.6,1,3.5,0
S4308,Artificial Intelligence,7,67.8,13,459.0,77.5,2,48.2,2,2.5,0
S4309,Data Science,3,85.0,16,393.0,60.4,3,56.7,1,4.4,0
S4310,Information Technology,1,100.0,22,280.0,70.1,2,65.1,0,4.2,0
S4311,Information Technology,6,86.7,22,440.0,66.5,0,70.0,0,4.0,0
S4312,Data Science,2,72.5,10,204.0,67.4,1,65.2,1,2.9,1
S4313,Artificial Intelligence,7,98.7,13,118.0,63.0,2,74.0,1,4.4,0
S4314,Data Science,1,72.9,20,468.0,73.1,1,69.0,1,3.4,0
S4315,Artificial Intelligence,2,100.0,21,485.0,33.8,0,61.6,2,3.2,0
S4316,Business Administration,8,66.7,19,251.0,91.2,1,81.0,0,3.4,0
S4317,Data Science,6,85.3,15,236.0,84.1,0,65.2,0,3.4,0
S4318,Artificial Intelligence,3,100.0,15,367.0,84.4,0,49.0,1,2.6,0
S4319,Data Science,8,71.6,17,168.0,75.8,2,69.1,2,4.1,1
S4320,Data Science,5,83.0,21,271.0,100.0,2,40.5,0,3.6,0
S4321,Artificial Intelligence,8,95.9,13,328.0,66.0,0,47.8,2,4.2,0
S4322,Artificial Intelligence,4,54.9,18,217.0,48.2,0,83.2,0,3.0,1
S4323,Computer Science,3,93.1,19,432.0,83.6,3,100.0,0,3.8,0
S4324,Data Science,2,80.9,21,331.0,100.0,2,79.4,0,3.4,0
S4325,Information Technology,1,99.3,15,284.0,100.0,1,78.3,0,3.2,0
S4326,Data Science,8,72.1,26,418.0,95.1,0,70.8,0,3.8,0
S4327,Data Science,7,65.4,17,318.0,100.0,2,47.9,1,4.0,0
S4328,Artificial Intelligence,6,75.5,16,214.0,71.2,0,85.9,3,3.0,1
S4329,Data Science,8,75.2,28,452.0,70.4,0,67.6,1,4.8,0
S4330,Data Science,3,79.5,18,297.0,73.9,1,54.3,1,3.3,0
S4331,Information Technology,7,76.4,13,0.0,33.6,2,91.0,2,5.0,1
S4332,Artificial Intelligence,7,57.9,15,334.0,100.0,4,99.1,1,2.9,0
S4333,Data Science,5,80.9,15,70.0,78.5,0,36.1,2,3.2,1
S4334,Business Administration,6,84.8,17,551.0,67.1,1,80.8,1,1.8,0
S4335,Computer Science,8,79.7,16,343.0,74.8,0,69.7,1,3.5,0
S4336,Information Technology,2,85.4,20,343.0,61.3,3,75.1,1,4.5,0
S4337,Data Science,6,83.0,10,390.0,79.2,2,91.6,1,2.7,0
S4338,Business Administration,8,65.4,26,86.0,69.0,2,74.7,2,4.0,1
S4339,Data Science,6,78.4,11,348.0,69.8,2,66.7,0,3.0,0
S4340,Data Science,1,83.4,16,178.0,62.3,2,53.3,0,3.7,0
S4341,Artificial Intelligence,4,79.2,24,251.0,78.8,0,67.9,0,4.2,0
S4342,Artificial Intelligence,8,64.1,15,352.0,69.0,2,75.2,0,5.0,0
S4343,Artificial Intelligence,7,96.7,24,233.0,100.0,3,37.1,1,4.5,0
S4344,Business Administration,2,70.3,22,70.0,87.7,2,57.9,1,3.3,1
S4345,Data Science,8,67.1,12,358.0,54.5,2,68.3,1,2.3,0
S4346,Computer Science,8,82.5,13,386.0,89.0,1,60.8,1,3.9,0
S4347,Information Technology,1,78.2,21,167.0,84.2,2,92.3,0,4.7,0
S4348,Artificial Intelligence,7,89.2,19,205.0,79.3,0,45.9,1,3.5,1
S4349,Artificial Intelligence,4,92.5,21,276.0,75.2,3,37.8,0,3.2,1
S4350,Data Science,1,90.6,17,531.0,99.2,2,98.2,0,4.1,0
S4351,Data Science,4,82.0,10,508.0,58.1,2,66.0,1,3.4,0
S4352,Business Administration,4,88.6,24,431.0,76.8,1,54.2,1,3.3,0
S4353,Business Administration,4,63.3,27,549.0,47.8,2,84.3,2,3.8,0
S4354,Artificial Intelligence,1,95.1,18,429.0,87.6,1,62.5,2,4.1,0
S4355,Data Science,6,77.1,18,333.0,76.8,0,66.3,0,2.6,0
S4356,Computer Science,8,100.0,7,167.0,60.3,0,68.1,2,2.1,1
S4357,Information Technology,4,95.5,21,92.0,81.3,1,84.1,1,2.5,1
S4358,Data Science,6,79.6,19,241.0,100.0,1,69.7,1,2.9,0
S4359,Data Science,8,82.3,17,323.0,80.0,1,84.1,2,5.0,0
S4360,Business Administration,7,96.2,10,576.0,49.7,4,79.9,0,3.1,0
S4361,Information Technology,8,54.9,19,273.0,77.7,1,51.1,0,3.9,0
S4362,Artificial Intelligence,7,80.1,26,318.0,83.3,1,72.1,0,3.0,0
S4363,Data Science,2,100.0,15,341.0,65.5,3,56.1,0,3.0,0
S4364,Artificial Intelligence,5,92.1,22,325.0,100.0,0,79.1,0,4.4,0
S4365,Data Science,6,71.9,20,513.0,51.9,1,64.7,0,2.1,0
S4366,Artificial Intelligence,8,85.8,13,459.0,32.2,2,66.7,0,4.5,0
S4367,Information Technology,7,70.3,17,301.0,61.1,0,44.4,0,3.5,0
S4368,Business Administration,5,77.9,12,225.0,42.9,0,60.9,0,3.6,0
S4369,Information Technology,4,86.0,21,232.0,95.0,0,43.7,1,4.4,0
S4370,Computer Science,5,88.1,21,304.0,97.1,2,51.4,0,4.6,0
S4371,Business Administration,5,90.8,16,215.0,49.0,1,61.6,2,2.8,1
S4372,Information Technology,4,96.8,20,409.0,58.4,1,79.6,0,2.3,0
S4373,Computer Science,6,67.7,12,219.0,56.1,3,42.1,2,2.2,1
S4374,Data Science,8,82.3,23,487.0,77.6,4,44.0,0,3.5,0
S4375,Data Science,4,71.8,12,383.0,86.5,1,80.6,0,2.8,0
S4376,Artificial Intelligence,2,77.2,17,143.0,100.0,2,71.1,0,2.5,1
S4377,Business Administration,3,72.9,15,477.0,85.6,1,81.9,1,3.9,0
S4378,Data Science,8,88.0,11,141.0,71.9,0,75.2,2,4.0,1
S4379,Business Administration,1,94.6,13,493.0,71.1,2,74.2,2,3.3,0
S4380,Data Science,4,95.3,16,389.0,79.8,1,62.3,1,3.3,0
S4381,Artificial Intelligence,4,68.7,21,569.0,80.8,3,52.0,2,3.7,0
S4382,Information Technology,5,80.5,12,0.0,75.8,3,83.6,0,2.5,1
S4383,Artificial Intelligence,2,68.4,18,317.0,79.8,2,72.5,2,3.9,0
S4384,Computer Science,7,68.0,16,297.0,77.6,1,78.9,0,4.1,0
S4385,Data Science,7,74.1,16,226.0,51.9,0,95.8,1,4.6,0
S4386,Computer Science,5,86.1,14,419.0,80.7,1,63.6,1,2.0,0
S4387,Computer Science,6,88.2,10,262.0,62.3,1,75.4,1,3.9,0
S4388,Business Administration,8,89.9,19,473.0,81.7,0,73.7,1,4.0,0
S4389,Data Science,4,89.1,11,188.0,86.8,2,77.6,1,4.8,0
S4390,Computer Science,8,71.8,18,70.0,99.2,3,80.5,0,3.3,1
S4391,Information Technology,8,96.2,15,210.0,77.4,0,47.3,1,3.3,0
S4392,Computer Science,4,91.6,24,369.0,66.5,2,67.8,0,3.3,0
S4393,Information Technology,5,77.0,24,420.0,93.2,3,57.9,2,3.2,0
S4394,Business Administration,8,77.5,15,185.0,79.1,3,56.5,0,2.8,1
S4395,Computer Science,4,74.1,14,363.0,100.0,1,82.2,1,2.7,0
S4396,Artificial Intelligence,6,66.5,23,342.0,52.5,4,80.3,0,2.9,0
S4397,Business Administration,8,90.0,16,325.0,67.6,0,57.0,0,3.9,0
S4398,Information Technology,3,91.9,24,510.0,65.2,2,65.6,0,2.8,0
S4399,Business Administration,1,70.9,16,266.0,100.0,1,88.5,1,4.0,0
S4400,Computer Science,1,67.2,22,187.0,86.2,1,67.0,2,3.5,1
S4401,Data Science,1,70.8,10,309.0,44.3,1,72.9,1,3.9,0
S4402,Data Science,3,83.3,17,281.0,45.7,1,80.4,0,4.1,0
S4403,Information Technology,4,65.4,10,408.0,93.5,4,78.3,2,3.3,0
S4404,Information Technology,5,95.5,11,301.0,59.0,1,56.0,1,4.4,0
S4405,Data Science,7,94.8,24,330.0,78.1,1,100.0,1,4.4,0
S4406,Information Technology,2,87.1,15,266.0,74.3,2,80.9,1,2.6,1
S4407,Business Administration,4,91.7,23,26.0,100.0,1,76.5,1,2.9,1
S4408,Artificial Intelligence,3,82.7,20,322.0,73.7,1,83.5,0,3.2,0
S4409,Artificial Intelligence,8,87.6,18,442.0,70.4,0,73.9,0,4.3,0
S4410,Business Administration,6,66.4,13,370.0,88.2,0,67.0,1,4.5,0
S4411,Artificial Intelligence,3,98.7,14,118.0,98.0,0,56.8,1,3.7,0
S4412,Computer Science,8,76.2,24,259.0,80.2,2,50.0,2,4.6,0
S4413,Business Administration,7,80.5,21,270.0,36.7,3,50.8,1,3.2,1
S4414,Information Technology,1,100.0,12,367.0,92.6,1,78.8,0,4.7,0
S4415,Business Administration,4,79.4,15,317.0,53.6,0,90.7,0,4.3,0
S4416,Data Science,7,90.9,24,0.0,50.4,0,53.8,0,3.6,1
S4417,Information Technology,1,88.2,18,177.0,69.1,1,61.2,0,4.0,0
S4418,Data Science,2,66.0,6,256.0,80.3,3,65.5,0,4.5,1
S4419,Information Technology,8,70.0,21,222.0,100.0,2,90.5,1,3.1,1
S4420,Artificial Intelligence,8,100.0,14,276.0,41.3,2,73.0,1,3.0,1
S4421,Business Administration,6,88.9,18,243.0,80.8,0,78.5,2,3.9,0
S4422,Computer Science,1,81.8,20,271.0,100.0,3,89.0,0,3.3,0
S4423,Information Technology,2,75.6,15,395.0,76.2,1,57.4,0,3.5,0
S4424,Information Technology,8,85.8,14,440.0,91.9,2,77.3,1,4.7,0
S4425,Data Science,3,87.0,25,281.0,90.4,0,74.0,2,2.9,0
S4426,Artificial Intelligence,1,84.7,14,370.0,67.8,0,72.2,0,4.2,0
S4427,Data Science,1,94.8,15,350.0,88.9,3,60.9,0,3.7,0
S4428,Data Science,5,71.6,20,464.0,80.1,2,83.5,0,2.6,0
S4429,Artificial Intelligence,6,70.0,14,381.0,72.3,0,68.3,2,2.5,0
S4430,Computer Science,6,94.5,20,548.0,100.0,2,74.7,1,1.6,0
S4431,Data Science,7,100.0,10,384.0,74.9,3,86.7,1,3.1,0
S4432,Data Science,3,92.1,21,106.0,100.0,0,40.5,1,2.6,1
S4433,Information Technology,5,97.6,14,461.0,71.9,2,54.3,1,3.5,0
S4434,Artificial Intelligence,7,81.1,13,410.0,75.7,3,59.7,1,3.6,0
S4435,Business Administration,2,85.2,14,408.0,73.8,1,62.9,1,2.1,0
S4436,Computer Science,7,85.0,18,143.0,96.9,0,62.8,1,1.8,1
S4437,Computer Science,2,81.3,15,431.0,62.4,3,73.8,0,3.9,0
S4438,Artificial Intelligence,3,98.9,18,419.0,86.3,1,63.9,1,3.2,0
S4439,Information Technology,8,95.4,18,132.0,85.1,2,68.4,0,2.8,1
S4440,Information Technology,6,77.2,13,385.0,85.2,0,94.0,2,3.3,0
S4441,Artificial Intelligence,8,62.3,8,335.0,100.0,0,66.1,0,3.9,0
S4442,Information Technology,2,81.2,15,301.0,74.2,0,52.0,0,4.3,0
S4443,Computer Science,3,68.1,18,290.0,100.0,0,78.0,1,3.5,0
S4444,Computer Science,8,82.3,25,71.0,98.2,1,71.3,1,3.7,0
S4445,Business Administration,7,69.1,21,292.0,52.0,1,100.0,0,4.2,0
S4446,Artificial Intelligence,2,97.1,12,393.0,57.5,2,60.5,0,4.2,0
S4447,Data Science,4,90.2,14,201.0,96.5,1,77.0,0,4.4,0
S4448,Data Science,1,89.9,26,293.0,64.6,2,69.4,0,2.5,0
S4449,Business Administration,7,94.9,14,239.0,82.4,2,81.3,0,1.3,1
S4450,Business Administration,6,86.7,24,249.0,65.5,2,62.1,1,2.9,1
S4451,Information Technology,8,88.6,15,80.0,69.7,2,92.0,2,4.2,1
S4452,Business Administration,7,99.2,11,379.0,73.4,3,61.2,2,3.5,0
S4453,Business Administration,4,80.4,20,302.0,95.7,0,100.0,2,4.5,0
S4454,Data Science,3,89.3,22,202.0,73.9,1,54.9,0,2.5,1
S4455,Information Technology,3,69.4,15,444.0,100.0,1,54.8,1,2.9,0
S4456,Business Administration,7,83.0,22,403.0,60.4,1,41.7,1,3.8,0
S4457,Business Administration,4,100.0,20,292.0,92.3,0,100.0,0,3.7,0
S4458,Information Technology,8,91.8,19,450.0,81.8,1,76.8,0,3.7,0
S4459,Artificial Intelligence,7,81.0,20,490.0,55.8,3,84.1,0,3.4,0
S4460,Information Technology,1,85.2,26,187.0,67.4,1,61.7,2,3.4,1
S4461,Data Science,1,81.7,14,166.0,75.9,0,62.2,2,4.8,0
S4462,Artificial Intelligence,5,84.8,15,32.0,100.0,3,94.2,2,3.4,1
S4463,Computer Science,2,77.2,17,215.0,75.7,1,78.1,0,4.4,0
S4464,Information Technology,5,87.9,22,254.0,100.0,0,100.0,2,3.5,0
S4465,Data Science,8,88.4,21,104.0,72.3,2,100.0,0,4.4,0
S4466,Artificial Intelligence,1,82.1,18,199.0,79.8,0,73.2,4,3.4,1
S4467,Information Technology,4,83.7,24,389.0,100.0,1,85.2,0,3.3,0
S4468,Business Administration,2,86.1,18,332.0,55.3,0,39.7,1,3.4,0
S4469,Information Technology,8,75.7,18,209.0,99.6,0,74.7,0,4.2,0
S4470,Computer Science,4,87.8,16,449.0,66.3,2,60.8,2,2.3,0
S4471,Information Technology,8,91.4,16,138.0,73.8,0,69.9,1,3.2,0
S4472,Artificial Intelligence,5,99.6,30,360.0,82.5,3,68.2,0,4.0,0
S4473,Artificial Intelligence,3,85.8,12,272.0,63.5,1,67.8,2,3.4,0
S4474,Information Technology,4,75.3,16,311.0,100.0,0,93.1,0,2.9,0
S4475,Artificial Intelligence,5,80.8,11,336.0,82.0,1,70.9,1,3.4,0
S4476,Business Administration,5,68.3,19,444.0,80.5,1,52.3,2,4.1,0
S4477,Information Technology,5,90.7,12,385.0,67.4,1,71.0,2,4.4,0
S4478,Business Administration,3,57.3,22,431.0,53.8,0,63.4,0,2.6,0
S4479,Business Administration,3,94.3,13,178.0,98.4,3,85.1,2,4.9,0
S4480,Data Science,7,95.7,21,265.0,73.1,1,60.3,1,2.9,1
S4481,Information Technology,3,46.8,19,186.0,84.0,2,79.3,2,3.4,1
S4482,Artificial Intelligence,2,97.3,20,143.0,60.4,0,73.4,0,2.7,1
S4483,Business Administration,3,94.3,24,408.0,92.7,0,75.6,0,3.7,0
S4484,Data Science,3,78.5,19,65.0,72.3,3,51.5,2,3.1,1
S4485,Information Technology,3,67.7,18,230.0,48.3,1,62.4,1,3.0,1
S4486,Information Technology,8,71.9,24,234.0,72.8,2,75.4,0,3.8,0
S4487,Computer Science,4,72.9,26,275.0,92.0,0,57.4,1,3.4,0
S4488,Computer Science,3,97.8,19,163.0,88.6,0,81.9,1,3.0,1
S4489,Business Administration,2,76.6,19,212.0,84.9,2,69.0,2,3.1,1
S4490,Computer Science,8,92.9,16,524.0,77.4,4,88.3,0,4.0,0
S4491,Business Administration,5,80.5,15,269.0,78.7,3,50.8,4,2.5,1
S4492,Artificial Intelligence,4,82.7,13,194.0,68.0,2,89.9,2,3.7,1
S4493,Business Administration,1,63.1,13,328.0,98.9,0,66.6,1,2.6,0
S4494,Computer Science,8,68.2,11,309.0,77.1,1,69.2,0,3.9,0
S4495,Artificial Intelligence,3,97.5,15,531.0,68.5,1,67.3,1,4.6,0
S4496,Computer Science,8,80.1,21,267.0,100.0,0,77.6,3,2.8,0
S4497,Business Administration,7,85.6,20,358.0,100.0,3,39.4,0,2.8,0
S4498,Data Science,7,100.0,16,156.0,79.7,0,64.8,1,5.0,0
S4499,Information Technology,8,80.5,16,214.0,71.7,2,44.4,0,4.1,1
S4500,Computer Science,5,79.8,15,225.0,72.2,1,65.3,2,3.3,1
S4501,Business Administration,5,96.5,14,122.0,60.7,2,67.7,0,3.4,1
S4502,Artificial Intelligence,4,82.1,24,306.0,95.2,2,80.0,2,2.6,0
S4503,Computer Science,7,85.8,17,330.0,100.0,1,88.3,1,1.8,1
S4504,Computer Science,1,94.0,21,315.0,88.3,2,63.8,3,3.5,0
S4505,Information Technology,6,82.0,19,107.0,100.0,1,41.8,0,3.1,1
S4506,Business Administration,7,91.5,14,184.0,93.5,1,67.4,1,4.0,0
S4507,Data Science,8,80.6,11,253.0,51.5,4,41.1,1,3.5,1
S4508,Artificial Intelligence,7,93.8,18,160.0,100.0,2,39.1,1,3.2,1
S4509,Business Administration,2,87.1,16,55.0,74.0,1,58.1,1,3.2,1
S4510,Artificial Intelligence,6,79.3,20,415.0,81.9,1,42.6,0,2.2,0
S4511,Computer Science,5,82.9,23,481.0,61.6,2,50.9,0,2.6,0
S4512,Information Technology,6,52.7,26,437.0,46.4,1,75.8,0,2.6,0
S4513,Information Technology,7,96.3,24,335.0,66.8,2,57.8,0,4.1,0
S4514,Data Science,5,66.9,16,229.0,82.9,2,80.7,0,4.0,0
S4515,Information Technology,6,69.2,12,560.0,80.3,1,79.7,1,3.7,0
S4516,Computer Science,5,76.7,12,429.0,92.3,0,70.7,1,4.9,0
S4517,Data Science,5,60.5,19,201.0,83.2,2,61.1,3,3.7,1
S4518,Business Administration,4,87.6,12,481.0,80.8,1,72.9,2,3.6,0
S4519,Information Technology,1,86.3,20,320.0,68.2,2,95.1,0,3.1,0
S4520,Data Science,5,76.2,23,458.0,100.0,0,74.0,0,3.3,0
S4521,Computer Science,2,73.9,14,491.0,100.0,0,66.6,2,2.8,0
S4522,Artificial Intelligence,7,73.7,12,221.0,82.8,3,67.0,1,4.5,0
S4523,Artificial Intelligence,7,89.4,21,284.0,53.1,3,69.6,1,3.9,0
S4524,Computer Science,2,62.9,21,330.0,84.6,0,69.6,0,3.4,0
S4525,Computer Science,3,77.1,19,311.0,55.3,1,73.4,0,3.3,0
S4526,Artificial Intelligence,5,63.6,15,177.0,52.8,3,44.4,0,4.5,1
S4527,Data Science,8,91.2,14,313.0,96.0,2,87.0,2,4.1,0
S4528,Artificial Intelligence,5,78.0,21,265.0,62.6,2,67.3,0,2.9,0
S4529,Computer Science,5,88.6,14,267.0,69.1,1,85.3,3,2.3,1
S4530,Information Technology,8,97.0,9,111.0,94.5,1,32.3,0,3.3,1
S4531,Business Administration,6,97.2,14,272.0,86.5,2,40.3,0,3.7,0
S4532,Information Technology,5,69.7,19,557.0,90.6,1,85.5,0,2.1,0
S4533,Information Technology,5,85.7,17,355.0,100.0,2,67.9,1,2.1,1
S4534,Computer Science,2,95.5,20,262.0,68.4,0,60.0,2,3.2,0
S4535,Artificial Intelligence,1,90.4,15,365.0,84.1,2,59.2,1,4.1,0
S4536,Data Science,1,91.5,25,469.0,100.0,1,67.9,2,3.7,0
S4537,Information Technology,3,60.6,25,214.0,61.4,1,100.0,0,3.6,0
S4538,Artificial Intelligence,2,90.2,10,502.0,75.6,1,25.4,0,3.2,0
S4539,Data Science,5,72.5,12,172.0,93.5,0,51.1,3,4.2,0
S4540,Information Technology,1,90.0,16,253.0,55.8,0,52.3,1,4.1,0
S4541,Data Science,4,89.7,18,243.0,82.1,2,86.6,0,5.0,0
S4542,Artificial Intelligence,4,89.1,16,446.0,72.8,1,88.6,1,3.4,0
S4543,Business Administration,4,80.7,29,167.0,61.7,1,65.2,1,4.4,1
S4544,Artificial Intelligence,5,97.8,18,428.0,99.7,3,79.9,0,3.2,0
S4545,Computer Science,5,88.1,13,278.0,94.5,3,59.6,0,3.2,0
S4546,Data Science,8,85.9,24,317.0,87.6,1,87.3,2,3.8,0
S4547,Business Administration,3,70.8,19,442.0,90.7,2,74.2,0,3.3,0
S4548,Data Science,7,86.8,21,358.0,70.8,2,63.9,2,3.1,0
S4549,Data Science,3,100.0,19,453.0,79.0,0,31.6,1,3.9,0
S4550,Information Technology,3,65.3,24,425.0,63.2,2,62.6,0,3.1,0
S4551,Computer Science,6,90.8,27,614.0,91.9,0,62.4,0,5.0,0
S4552,Data Science,4,92.3,19,438.0,61.7,3,67.4,1,3.8,0
S4553,Artificial Intelligence,5,100.0,16,315.0,69.0,3,69.4,0,3.9,0
S4554,Artificial Intelligence,4,90.7,19,307.0,59.6,2,62.1,1,3.8,0
S4555,Information Technology,3,82.1,20,508.0,81.9,3,60.9,0,5.0,0
S4556,Computer Science,5,87.1,11,339.0,73.3,1,81.9,1,4.6,0
S4557,Computer Science,2,78.8,17,363.0,85.2,0,43.9,0,4.4,0
S4558,Artificial Intelligence,8,96.6,16,446.0,66.1,2,54.0,0,4.7,0
S4559,Business Administration,1,63.4,11,264.0,64.4,1,61.3,3,3.5,1
S4560,Information Technology,1,76.1,21,198.0,85.9,1,54.1,0,4.4,0
S4561,Information Technology,3,87.4,15,375.0,75.6,2,74.4,0,3.8,0
S4562,Artificial Intelligence,7,96.1,19,247.0,100.0,1,54.1,1,4.5,0
S4563,Artificial Intelligence,4,81.8,17,488.0,89.7,0,60.6,3,3.6,0
S4564,Business Administration,2,72.6,16,13.0,80.5,0,80.4,1,3.7,1
S4565,Business Administration,5,79.5,16,246.0,100.0,1,79.8,1,2.7,0
S4566,Computer Science,7,77.6,20,343.0,96.0,3,65.5,1,2.4,1
S4567,Information Technology,4,78.1,13,232.0,81.3,0,66.8,0,4.3,0
S4568,Information Technology,3,76.8,16,484.0,100.0,2,57.8,1,3.7,0
S4569,Artificial Intelligence,4,76.8,12,341.0,98.8,2,82.1,1,3.9,0
S4570,Computer Science,3,61.4,22,235.0,58.0,0,68.2,2,3.7,1
S4571,Information Technology,6,85.6,19,345.0,72.0,0,77.5,1,2.9,0
S4572,Computer Science,1,90.1,16,145.0,45.8,0,69.6,1,2.6,1
S4573,Computer Science,7,100.0,21,378.0,51.6,2,67.0,1,4.4,0
S4574,Artificial Intelligence,1,92.3,25,475.0,100.0,2,37.9,1,3.9,0
S4575,Computer Science,4,91.7,22,298.0,100.0,0,50.8,3,4.5,0
S4576,Business Administration,2,85.6,20,315.0,47.7,2,62.9,0,2.7,1
S4577,Business Administration,5,60.8,18,180.0,77.9,2,41.4,3,3.6,1
S4578,Data Science,3,85.4,18,225.0,71.6,0,55.9,0,4.1,0
S4579,Artificial Intelligence,5,83.3,17,442.0,100.0,3,71.0,0,4.9,0
S4580,Data Science,1,94.4,24,302.0,35.6,0,46.4,3,3.9,0
S4581,Business Administration,8,88.8,24,583.0,66.6,1,80.6,2,3.8,0
S4582,Data Science,2,80.4,23,384.0,66.8,3,94.9,1,3.0,0
S4583,Artificial Intelligence,2,100.0,23,178.0,65.2,2,69.7,2,3.4,1
S4584,Artificial Intelligence,5,92.2,18,592.0,82.6,1,61.1,2,2.5,0
S4585,Computer Science,1,86.1,16,143.0,94.0,2,79.4,1,3.0,1
S4586,Information Technology,8,87.5,21,268.0,68.6,3,77.1,0,4.3,0
S4587,Computer Science,5,82.7,15,335.0,76.6,0,59.1,0,2.9,0
S4588,Artificial Intelligence,4,82.2,22,352.0,60.8,1,59.7,0,3.5,0
S4589,Business Administration,2,56.0,26,240.0,62.3,2,61.1,1,3.1,1
S4590,Business Administration,2,71.0,25,316.0,85.4,1,82.5,0,3.7,0
S4591,Computer Science,4,75.5,19,474.0,88.4,0,54.0,0,3.0,0
S4592,Artificial Intelligence,1,87.4,18,476.0,44.8,1,74.4,0,3.8,0
S4593,Business Administration,2,62.2,23,533.0,64.9,0,68.3,2,3.8,0
S4594,Artificial Intelligence,7,75.7,17,210.0,72.2,3,75.2,0,3.0,1
S4595,Business Administration,8,74.2,15,350.0,71.1,2,59.6,0,2.5,0
S4596,Artificial Intelligence,6,83.4,12,369.0,73.2,0,61.9,1,2.7,0
S4597,Data Science,6,87.4,18,95.0,32.8,1,77.8,1,4.1,1
S4598,Artificial Intelligence,6,74.3,23,277.0,97.3,2,47.5,2,2.2,1
S4599,Artificial Intelligence,3,75.1,16,381.0,76.6,2,53.9,3,2.8,1
S4600,Computer Science,7,73.8,19,296.0,100.0,0,28.0,2,3.5,0
S4601,Data Science,3,77.3,28,232.0,89.3,1,89.7,0,4.5,0
S4602,Information Technology,1,81.4,17,359.0,84.9,2,66.1,0,4.1,0
S4603,Computer Science,4,97.8,20,459.0,62.6,1,65.1,1,3.1,0
S4604,Information Technology,5,69.9,11,337.0,67.5,4,79.0,1,3.0,1
S4605,Business Administration,7,100.0,20,54.0,92.4,1,62.6,1,3.4,1
S4606,Information Technology,8,67.2,12,457.0,73.0,0,56.5,0,4.7,0
S4607,Artificial Intelligence,1,93.5,17,159.0,65.5,0,67.2,0,2.5,0
S4608,Information Technology,5,76.3,16,171.0,100.0,0,81.5,1,2.6,0
S4609,Computer Science,1,71.1,17,342.0,84.7,1,67.0,0,3.4,0
S4610,Computer Science,3,97.8,13,344.0,92.3,2,69.6,1,3.8,0
S4611,Information Technology,6,83.0,16,233.0,72.5,1,59.3,0,2.8,0
S4612,Computer Science,4,82.5,20,400.0,100.0,1,66.2,1,4.1,0
S4613,Computer Science,3,78.7,22,309.0,68.5,2,85.3,0,4.1,0
S4614,Information Technology,4,75.0,14,125.0,99.4,1,53.3,0,3.5,1
S4615,Data Science,7,79.9,12,189.0,69.9,1,60.0,1,3.1,1
S4616,Data Science,5,45.0,21,273.0,100.0,1,92.8,1,3.6,0
S4617,Business Administration,1,59.8,22,314.0,100.0,1,69.9,2,1.8,1
S4618,Computer Science,2,86.7,23,244.0,70.5,1,45.5,1,2.0,1
S4619,Information Technology,2,96.2,19,87.0,100.0,2,99.9,0,3.8,0
S4620,Computer Science,4,98.4,21,224.0,80.6,1,52.8,0,2.3,0
S4621,Artificial Intelligence,6,70.5,15,387.0,100.0,5,27.5,0,2.9,1
S4622,Computer Science,6,84.3,19,316.0,57.9,2,58.7,2,3.7,0
S4623,Computer Science,4,55.7,16,419.0,90.7,0,51.7,0,4.2,0
S4624,Data Science,3,77.8,14,402.0,85.2,3,78.8,1,3.8,0
S4625,Information Technology,2,91.9,15,100.0,71.0,0,88.9,0,3.4,1
S4626,Computer Science,3,81.8,19,228.0,95.3,4,67.1,2,3.5,1
S4627,Data Science,5,78.0,19,390.0,100.0,2,74.6,0,3.2,0
S4628,Business Administration,2,81.8,18,367.0,87.7,1,69.5,1,3.5,0
S4629,Data Science,5,97.4,19,366.0,85.1,3,87.4,0,3.4,0
S4630,Data Science,1,79.1,15,427.0,82.8,1,63.6,0,4.2,0
S4631,Data Science,3,82.9,22,460.0,87.5,0,44.4,1,3.5,0
S4632,Computer Science,4,100.0,16,98.0,92.5,1,65.4,4,3.2,1
S4633,Computer Science,2,79.3,17,257.0,91.5,4,25.7,1,4.2,1
S4634,Business Administration,3,62.4,17,385.0,89.0,2,57.1,1,3.6,0
S4635,Artificial Intelligence,4,98.4,22,401.0,70.1,4,56.6,1,3.8,0
S4636,Artificial Intelligence,1,94.2,17,516.0,96.2,0,48.8,1,2.3,0
S4637,Artificial Intelligence,2,55.4,17,485.0,88.4,1,83.4,0,2.7,0
S4638,Business Administration,5,80.4,15,444.0,85.0,1,63.4,3,3.6,0
S4639,Artificial Intelligence,1,81.7,20,250.0,74.1,1,75.2,1,4.2,0
S4640,Artificial Intelligence,6,98.4,19,409.0,95.8,2,64.8,1,4.1,0
S4641,Data Science,4,81.8,27,545.0,41.3,1,71.0,1,2.9,0
S4642,Computer Science,8,84.0,14,487.0,77.0,1,52.8,2,3.8,0
S4643,Computer Science,2,84.4,21,353.0,71.0,0,67.1,0,4.4,0
S4644,Data Science,2,76.4,15,481.0,69.5,1,91.0,0,3.2,0
S4645,Data Science,7,97.6,18,334.0,73.3,0,49.2,1,3.1,0
S4646,Data Science,7,72.5,26,336.0,59.4,1,95.9,0,4.1,0
S4647,Computer Science,1,76.2,19,281.0,71.8,3,88.2,2,4.6,0
S4648,Artificial Intelligence,2,81.9,10,142.0,56.8,0,63.7,0,3.6,1
S4649,Data Science,4,65.9,20,423.0,85.5,6,77.5,0,2.5,0
S4650,Business Administration,1,100.0,22,296.0,95.0,0,73.0,1,3.9,0
S4651,Data Science,5,82.0,13,326.0,96.9,1,50.4,1,3.9,0
S4652,Information Technology,1,91.9,17,370.0,87.9,2,72.0,0,3.9,0
S4653,Data Science,1,70.5,22,239.0,67.9,1,66.9,0,3.0,0
S4654,Computer Science,8,90.5,16,414.0,58.1,0,59.1,2,5.0,0
S4655,Data Science,5,91.6,25,291.0,66.3,2,80.1,0,4.8,0
S4656,Information Technology,6,93.3,22,296.0,72.3,3,56.8,0,3.4,0
S4657,Business Administration,7,100.0,25,0.0,66.7,2,59.2,0,2.6,1
S4658,Artificial Intelligence,4,75.3,14,327.0,100.0,1,48.0,1,3.0,0
S4659,Data Science,6,79.8,19,197.0,90.7,2,61.4,1,4.0,1
S4660,Information Technology,6,71.9,20,266.0,88.4,1,91.6,1,3.9,0
S4661,Information Technology,6,80.8,11,216.0,83.6,1,56.7,1,4.0,1
S4662,Business Administration,7,90.0,19,224.0,68.9,2,81.4,2,3.8,1
S4663,Computer Science,3,89.3,17,282.0,80.5,2,65.3,1,4.2,0
S4664,Data Science,7,100.0,18,367.0,90.5,1,69.6,1,2.9,0
S4665,Information Technology,6,87.9,14,488.0,95.4,1,41.6,0,2.9,0
S4666,Business Administration,3,82.0,20,328.0,83.4,5,81.7,1,3.7,0
S4667,Artificial Intelligence,5,68.9,17,254.0,91.7,3,60.0,0,2.7,1
S4668,Information Technology,7,92.4,16,270.0,69.4,0,69.8,3,2.3,1
S4669,Business Administration,4,80.1,23,423.0,49.7,2,73.4,1,3.6,0
S4670,Computer Science,6,92.7,16,360.0,100.0,1,77.6,3,3.0,0
S4671,Computer Science,2,76.9,25,158.0,67.3,1,61.9,0,3.6,1
S4672,Information Technology,5,96.4,16,224.0,67.2,4,36.3,0,3.7,1
S4673,Information Technology,3,86.6,16,310.0,62.2,2,89.1,0,2.9,0
S4674,Data Science,7,93.9,20,281.0,83.6,4,90.6,1,3.5,0
S4675,Business Administration,4,86.6,16,236.0,68.3,3,52.9,2,3.1,1
S4676,Information Technology,1,70.9,19,279.0,100.0,1,74.1,1,2.3,0
S4677,Data Science,4,77.6,18,336.0,100.0,1,65.0,1,3.9,0
S4678,Data Science,4,66.6,19,348.0,85.0,0,89.5,1,4.5,0
S4679,Information Technology,6,84.2,21,307.0,65.4,1,63.8,1,3.7,0
S4680,Computer Science,6,64.4,21,413.0,100.0,1,56.4,0,4.6,0
S4681,Business Administration,7,85.5,18,356.0,98.8,1,51.3,0,4.0,0
S4682,Business Administration,7,45.0,22,180.0,66.0,3,69.4,0,3.0,1
S4683,Computer Science,8,91.7,19,261.0,85.6,1,67.4,0,3.5,0
S4684,Information Technology,3,68.8,19,285.0,83.2,1,98.2,3,5.0,0
S4685,Business Administration,8,70.6,16,283.0,88.6,0,42.0,1,3.0,0
S4686,Information Technology,7,98.5,22,207.0,80.7,1,52.8,0,3.6,0
S4687,Information Technology,3,85.8,18,236.0,78.4,1,49.7,0,4.3,0
S4688,Data Science,6,92.2,18,410.0,100.0,0,44.4,1,4.2,0
S4689,Computer Science,6,69.9,15,183.0,88.8,0,52.2,1,3.0,1
S4690,Information Technology,2,93.5,16,267.0,66.3,0,81.4,0,5.0,0
S4691,Artificial Intelligence,2,80.4,16,452.0,71.0,1,25.9,1,3.5,0
S4692,Computer Science,5,83.4,21,293.0,100.0,1,66.5,0,3.4,0
S4693,Business Administration,6,99.9,15,589.0,72.9,2,92.0,1,3.0,0
S4694,Data Science,1,68.0,20,496.0,62.3,0,66.5,2,4.6,0
S4695,Business Administration,2,93.0,20,41.0,80.2,1,57.6,0,2.5,1
S4696,Business Administration,3,86.6,16,171.0,75.9,4,63.9,0,3.2,1
S4697,Computer Science,4,79.4,22,309.0,100.0,1,62.7,2,4.5,0
S4698,Business Administration,7,68.9,19,264.0,100.0,3,78.7,1,4.0,0
S4699,Information Technology,7,79.3,19,386.0,74.1,1,60.3,0,4.8,0
S4700,Business Administration,5,72.2,13,379.0,94.4,2,56.4,0,4.4,0
S4701,Data Science,2,96.2,16,120.0,77.1,1,59.1,0,2.7,1
S4702,Data Science,4,83.1,23,441.0,65.0,1,100.0,0,3.9,0
S4703,Artificial Intelligence,4,73.9,11,532.0,100.0,1,71.5,1,2.6,0
S4704,Data Science,2,64.7,20,137.0,100.0,1,94.8,0,4.0,0
S4705,Business Administration,1,76.4,19,255.0,86.0,2,95.8,1,2.7,0
S4706,Data Science,1,96.8,16,262.0,68.4,3,70.1,2,3.5,1
S4707,Computer Science,5,83.3,13,450.0,62.1,2,72.5,0,2.5,0
S4708,Data Science,8,79.8,21,482.0,91.7,1,68.5,1,3.1,0
S4709,Information Technology,1,100.0,21,248.0,100.0,1,82.1,0,3.1,0
S4710,Computer Science,5,77.0,22,245.0,82.5,2,77.1,1,3.4,0
S4711,Artificial Intelligence,8,72.3,17,422.0,99.8,1,76.0,0,4.2,0
S4712,Information Technology,8,86.8,10,275.0,76.2,2,66.6,1,2.9,1
S4713,Business Administration,3,87.0,19,327.0,70.1,1,37.8,0,2.6,0
S4714,Business Administration,8,75.0,15,415.0,84.8,2,57.9,1,3.6,0
S4715,Business Administration,2,72.4,19,388.0,44.0,1,65.6,1,4.1,0
S4716,Information Technology,8,99.4,19,335.0,71.5,2,76.7,0,3.3,0
S4717,Information Technology,4,76.8,21,143.0,95.1,2,80.9,0,4.0,0
S4718,Information Technology,5,64.6,15,372.0,36.6,2,37.3,3,3.4,1
S4719,Computer Science,7,84.3,13,419.0,57.2,1,61.4,2,3.4,0
S4720,Computer Science,1,92.7,17,391.0,78.0,2,81.5,0,4.1,0
S4721,Business Administration,7,79.7,24,135.0,58.9,2,62.8,2,4.4,1
S4722,Data Science,5,88.4,20,398.0,71.8,0,73.1,0,4.0,0
S4723,Business Administration,6,69.4,17,215.0,43.8,3,65.1,1,3.6,1
S4724,Artificial Intelligence,5,89.5,16,12.0,91.9,0,49.0,2,2.4,1
S4725,Computer Science,1,70.5,20,281.0,100.0,0,66.3,0,3.5,0
S4726,Information Technology,6,85.7,15,162.0,53.1,0,42.2,0,2.7,1
S4727,Computer Science,6,91.2,14,300.0,84.3,1,87.6,1,3.8,0
S4728,Information Technology,8,83.2,20,150.0,76.8,2,64.5,2,3.1,1
S4729,Artificial Intelligence,1,67.2,24,275.0,88.7,2,74.0,0,4.7,0
S4730,Artificial Intelligence,6,67.7,12,105.0,100.0,4,41.9,0,4.5,1
S4731,Computer Science,2,100.0,24,219.0,59.8,3,61.1,3,4.0,1
S4732,Information Technology,4,72.8,17,340.0,100.0,2,58.7,0,2.4,0
S4733,Artificial Intelligence,7,91.2,11,512.0,100.0,2,62.2,0,2.8,0
S4734,Business Administration,2,83.4,20,266.0,49.2,2,57.7,1,4.4,0
S4735,Business Administration,2,70.0,15,298.0,98.2,0,79.7,1,3.4,0
S4736,Information Technology,1,75.6,21,396.0,65.0,1,68.7,0,3.9,0
S4737,Computer Science,8,100.0,20,349.0,91.9,0,69.5,1,2.5,0
S4738,Artificial Intelligence,1,100.0,23,355.0,66.3,1,67.7,1,2.3,0
S4739,Computer Science,7,78.2,16,384.0,70.5,1,90.8,0,3.3,0
S4740,Business Administration,4,77.4,19,254.0,68.8,4,42.2,0,4.0,1
S4741,Artificial Intelligence,5,62.3,14,206.0,63.1,4,69.4,1,2.3,1
S4742,Computer Science,2,62.2,24,333.0,93.9,1,74.5,1,4.1,0
S4743,Data Science,6,71.7,17,20.0,89.1,2,76.0,2,3.9,1
S4744,Information Technology,4,76.7,17,54.0,89.6,0,32.6,0,4.4,1
S4745,Information Technology,2,81.7,20,479.0,73.8,2,53.7,2,3.0,0
S4746,Data Science,5,90.3,22,436.0,75.6,0,69.6,2,4.6,0
S4747,Business Administration,8,84.7,18,218.0,87.2,1,78.2,0,2.8,1
S4748,Artificial Intelligence,6,90.5,26,152.0,65.9,2,31.2,3,2.0,1
S4749,Information Technology,2,74.6,13,365.0,71.6,2,59.1,1,3.6,0
S4750,Data Science,3,81.2,11,384.0,97.0,1,80.1,2,4.2,0
S4751,Data Science,7,77.6,18,193.0,87.4,6,82.2,0,3.0,1
S4752,Business Administration,4,66.8,29,285.0,100.0,0,79.2,1,3.7,0
S4753,Business Administration,7,58.3,22,84.0,34.9,0,71.9,1,4.3,1
S4754,Computer Science,1,74.0,22,247.0,100.0,4,79.8,1,4.6,0
S4755,Information Technology,2,52.2,19,272.0,97.0,5,82.2,0,4.1,0
S4756,Computer Science,6,68.4,10,320.0,97.4,1,83.8,1,3.3,0
S4757,Data Science,6,88.5,20,566.0,51.3,1,91.6,1,3.3,0
S4758,Artificial Intelligence,4,84.2,19,159.0,70.4,1,69.6,1,3.2,1
S4759,Artificial Intelligence,4,82.3,19,480.0,72.7,3,87.6,1,3.5,0
S4760,Business Administration,7,96.2,21,230.0,83.4,1,65.1,1,4.1,0
S4761,Artificial Intelligence,6,73.3,14,218.0,100.0,0,66.9,0,2.8,0
S4762,Artificial Intelligence,6,90.2,19,425.0,84.1,2,93.4,1,3.0,0
S4763,Artificial Intelligence,6,72.3,14,216.0,100.0,1,100.0,2,4.1,0
S4764,Data Science,2,85.3,23,193.0,100.0,1,71.4,2,3.4,1
S4765,Artificial Intelligence,6,83.8,25,373.0,92.8,0,77.8,0,3.6,0
S4766,Artificial Intelligence,1,84.5,14,357.0,84.4,2,38.9,2,4.0,0
S4767,Artificial Intelligence,6,77.4,28,236.0,100.0,3,63.5,1,3.4,1
S4768,Computer Science,1,85.8,34,516.0,52.0,2,77.5,0,2.8,0
S4769,Data Science,2,86.8,18,240.0,91.7,2,66.1,1,4.8,0
S4770,Business Administration,4,64.8,22,109.0,100.0,1,68.8,0,3.8,0
S4771,Computer Science,8,92.2,18,159.0,82.9,3,70.3,0,4.3,1
S4772,Information Technology,1,67.2,21,155.0,90.9,0,81.2,1,3.3,1
S4773,Data Science,2,71.5,19,255.0,98.7,0,44.4,1,3.7,0
S4774,Data Science,8,84.9,15,472.0,73.5,1,93.3,3,4.5,0
S4775,Information Technology,8,89.2,14,82.0,100.0,1,82.6,0,3.8,1
S4776,Information Technology,6,84.6,14,504.0,58.5,0,71.8,1,3.5,0
S4777,Information Technology,2,85.9,18,215.0,46.3,0,68.0,0,2.7,0
S4778,Business Administration,8,68.4,17,229.0,92.7,1,49.8,3,1.9,1
S4779,Artificial Intelligence,6,75.7,27,203.0,68.8,0,68.9,1,5.0,0
S4780,Data Science,7,57.4,24,235.0,83.1,1,46.5,0,3.5,1
S4781,Artificial Intelligence,2,71.0,13,268.0,84.8,2,90.5,0,5.0,0
S4782,Artificial Intelligence,8,65.9,12,282.0,87.8,2,80.7,0,4.0,0
S4783,Information Technology,4,82.2,18,332.0,56.1,0,73.7,1,3.0,0
S4784,Business Administration,1,100.0,25,46.0,66.3,0,49.5,2,3.4,1
S4785,Computer Science,7,91.1,15,281.0,100.0,1,48.5,2,4.8,0
S4786,Business Administration,4,55.1,24,356.0,69.8,3,51.4,1,4.6,0
S4787,Artificial Intelligence,3,63.8,21,290.0,77.4,0,65.0,1,4.2,0
S4788,Business Administration,6,66.4,25,265.0,69.0,1,89.1,1,2.3,0
S4789,Information Technology,8,60.9,22,237.0,87.9,2,78.9,1,2.3,1
S4790,Computer Science,1,78.6,20,425.0,71.5,1,76.6,0,4.5,0
S4791,Information Technology,4,84.7,19,355.0,100.0,4,64.4,3,4.0,0
S4792,Computer Science,1,66.5,13,272.0,64.8,0,65.9,1,4.8,0
S4793,Artificial Intelligence,3,79.3,16,361.0,53.1,0,76.2,0,3.4,0
S4794,Computer Science,5,84.6,17,410.0,57.2,4,68.4,0,2.7,0
S4795,Computer Science,6,90.4,13,134.0,99.5,1,71.1,0,3.8,1
S4796,Computer Science,6,83.9,18,359.0,57.0,1,46.9,1,3.9,0
S4797,Business Administration,2,86.0,15,198.0,54.3,1,94.3,1,2.9,1
S4798,Business Administration,8,81.6,15,454.0,92.5,1,48.8,1,2.5,0
S4799,Artificial Intelligence,6,69.8,25,184.0,100.0,1,71.6,1,4.0,0
S4800,Computer Science,6,72.5,17,296.0,100.0,2,67.5,1,2.8,0
S4801,Data Science,4,66.1,22,332.0,76.5,3,78.4,2,5.0,0
S4802,Artificial Intelligence,7,100.0,21,76.0,23.4,0,78.7,1,4.8,1
S4803,Computer Science,6,64.4,12,49.0,75.4,2,87.4,1,4.1,1
S4804,Computer Science,6,93.4,8,249.0,100.0,1,58.3,1,4.8,0
S4805,Business Administration,8,64.5,15,501.0,59.9,3,85.3,1,4.0,0
S4806,Artificial Intelligence,3,91.2,19,277.0,68.7,0,69.1,1,3.3,0
S4807,Computer Science,7,93.7,19,357.0,84.6,3,78.0,3,4.8,0
S4808,Computer Science,3,95.8,23,0.0,100.0,1,84.6,1,3.9,1
S4809,Artificial Intelligence,8,69.5,15,400.0,61.5,2,74.5,1,3.2,0
S4810,Data Science,1,84.0,16,359.0,98.4,4,45.3,1,2.7,0
S4811,Artificial Intelligence,1,74.8,16,379.0,91.8,3,72.0,0,3.0,0
S4812,Artificial Intelligence,6,71.4,17,305.0,74.4,2,80.6,0,4.4,0
S4813,Data Science,6,82.5,17,146.0,93.0,2,69.9,1,3.4,1
S4814,Artificial Intelligence,2,91.8,14,209.0,97.2,0,87.0,2,4.9,0
S4815,Computer Science,1,74.9,17,191.0,100.0,0,72.2,1,4.0,0
S4816,Artificial Intelligence,4,86.0,17,365.0,100.0,0,85.2,2,4.1,0
S4817,Data Science,6,71.1,19,272.0,58.6,1,66.6,0,3.0,1
S4818,Information Technology,4,69.5,13,399.0,87.7,0,85.7,0,3.1,0
S4819,Artificial Intelligence,6,78.1,20,375.0,78.3,0,61.4,3,2.4,0
S4820,Business Administration,8,78.8,18,511.0,85.7,3,70.5,1,2.9,0
S4821,Computer Science,4,90.0,10,313.0,79.9,3,51.5,1,3.0,0
S4822,Computer Science,5,67.0,16,273.0,82.0,2,65.2,0,3.3,0
S4823,Business Administration,4,100.0,13,311.0,78.9,2,71.5,3,5.0,0
S4824,Business Administration,7,60.5,24,0.0,67.9,2,44.9,0,3.1,1
S4825,Artificial Intelligence,1,84.7,18,255.0,83.5,3,89.1,1,4.6,0
S4826,Business Administration,6,78.6,20,373.0,95.7,2,70.9,0,2.6,0
S4827,Information Technology,1,74.2,10,264.0,75.7,1,78.2,3,3.1,1
S4828,Data Science,7,79.9,15,269.0,69.8,2,67.4,0,3.7,0
S4829,Business Administration,7,90.1,19,263.0,82.9,3,60.5,1,4.3,0
S4830,Business Administration,4,91.9,15,489.0,85.9,2,37.8,0,3.5,0
S4831,Information Technology,3,79.4,22,332.0,66.7,0,78.3,0,3.4,0
S4832,Computer Science,3,86.0,23,280.0,71.8,4,85.8,0,4.1,0
S4833,Computer Science,7,66.0,16,590.0,58.8,0,69.1,1,3.7,0
S4834,Artificial Intelligence,3,79.8,11,141.0,85.1,1,49.0,1,2.3,1
S4835,Information Technology,6,86.7,19,217.0,73.2,1,84.7,0,4.8,0
S4836,Data Science,2,54.6,21,169.0,100.0,2,85.9,2,3.8,1
S4837,Data Science,5,83.0,25,206.0,88.6,2,72.7,0,3.7,0
S4838,Information Technology,4,80.0,17,448.0,91.6,2,77.4,1,3.7,0
S4839,Data Science,2,97.2,17,178.0,82.0,1,89.6,1,2.4,1
S4840,Computer Science,3,84.0,19,302.0,95.0,3,77.6,1,2.3,1
S4841,Data Science,4,87.8,11,355.0,50.0,2,80.3,0,5.0,0
S4842,Data Science,2,78.7,17,381.0,78.8,0,92.1,1,3.2,0
S4843,Information Technology,1,89.6,23,219.0,73.6,2,73.9,2,3.4,1
S4844,Information Technology,3,88.7,15,366.0,99.8,4,51.6,0,3.3,0
S4845,Data Science,8,66.3,14,243.0,56.2,2,100.0,1,3.7,1
S4846,Business Administration,2,85.7,12,299.0,83.2,0,87.3,1,3.0,0
S4847,Information Technology,8,96.2,22,169.0,100.0,0,85.4,1,3.2,0
S4848,Artificial Intelligence,6,93.8,20,141.0,77.5,4,61.8,0,3.4,1
S4849,Artificial Intelligence,1,82.3,10,341.0,77.4,4,71.2,0,3.9,0
S4850,Computer Science,3,85.9,18,585.0,84.3,3,47.0,0,4.0,0
S4851,Data Science,5,93.0,19,259.0,75.4,0,62.7,2,3.5,1
S4852,Business Administration,7,68.3,15,295.0,86.6,1,63.4,1,2.1,1
S4853,Computer Science,3,87.7,17,372.0,99.3,3,61.7,0,4.3,0
S4854,Data Science,8,58.3,14,426.0,85.1,1,46.0,0,4.0,0
S4855,Information Technology,6,92.3,18,433.0,78.9,2,47.8,4,2.4,1
S4856,Artificial Intelligence,5,77.4,18,364.0,93.6,1,78.1,1,3.4,0
S4857,Business Administration,5,81.0,21,279.0,100.0,0,73.5,2,3.3,0
S4858,Artificial Intelligence,5,75.3,18,382.0,67.7,3,86.7,0,4.4,0
S4859,Information Technology,4,81.5,17,347.0,100.0,0,55.0,0,4.0,0
S4860,Data Science,4,85.1,24,293.0,68.9,0,74.9,2,2.6,1
S4861,Information Technology,8,91.1,24,410.0,86.0,2,67.1,1,5.0,0
S4862,Information Technology,7,97.6,18,351.0,85.2,1,68.5,0,3.5,0
S4863,Artificial Intelligence,5,82.6,17,216.0,86.2,3,57.4,0,4.1,1
S4864,Business Administration,7,62.1,16,172.0,49.7,1,40.6,1,3.4,1
S4865,Information Technology,1,97.7,21,109.0,56.9,1,69.9,0,2.8,1
S4866,Artificial Intelligence,5,64.3,19,187.0,72.1,1,54.7,1,3.1,1
S4867,Business Administration,2,76.9,14,304.0,67.4,2,54.9,1,2.0,1
S4868,Data Science,5,76.1,19,423.0,88.5,0,62.3,2,2.0,0
S4869,Data Science,8,82.1,23,286.0,100.0,1,77.3,0,3.3,0
S4870,Computer Science,4,66.8,19,335.0,42.2,0,43.2,1,3.0,1
S4871,Artificial Intelligence,4,66.3,7,372.0,58.3,2,65.5,3,3.3,1
S4872,Business Administration,2,81.7,19,154.0,69.4,1,45.0,0,2.8,1
S4873,Information Technology,2,72.4,11,248.0,58.7,2,81.7,0,5.0,0
S4874,Data Science,3,98.2,22,160.0,72.9,1,91.4,0,3.8,0
S4875,Business Administration,1,75.4,12,260.0,63.5,1,79.5,0,3.5,0
S4876,Artificial Intelligence,1,69.7,25,332.0,87.7,1,83.8,0,4.6,0
S4877,Computer Science,8,100.0,19,309.0,100.0,3,100.0,1,5.0,0
S4878,Data Science,8,87.6,27,201.0,63.5,2,35.8,0,2.5,1
S4879,Business Administration,8,100.0,29,365.0,100.0,2,71.4,0,3.8,0
S4880,Business Administration,8,58.9,16,332.0,100.0,0,66.2,0,3.2,0
S4881,Business Administration,8,84.5,22,351.0,66.8,3,74.3,1,4.0,0
S4882,Artificial Intelligence,8,87.8,23,319.0,100.0,3,59.8,2,3.6,0
S4883,Artificial Intelligence,1,82.3,20,210.0,63.1,1,72.2,2,2.8,1
S4884,Artificial Intelligence,6,77.7,18,154.0,100.0,2,77.8,1,4.3,0
S4885,Information Technology,4,96.9,19,347.0,64.4,1,75.8,3,3.4,1
S4886,Business Administration,1,87.6,13,351.0,45.3,0,45.3,2,3.8,0
S4887,Data Science,8,61.7,25,309.0,97.4,5,81.3,0,4.2,0
S4888,Artificial Intelligence,3,71.6,12,553.0,88.1,2,58.4,0,4.2,0
S4889,Artificial Intelligence,3,68.0,15,245.0,77.2,1,60.6,3,3.1,1
S4890,Business Administration,1,80.5,12,341.0,48.9,0,59.4,0,3.3,0
S4891,Artificial Intelligence,2,93.4,22,313.0,100.0,1,77.2,0,3.2,0
S4892,Information Technology,3,77.4,12,296.0,98.2,0,45.0,0,2.6,0
S4893,Information Technology,7,79.0,19,172.0,45.7,0,86.6,1,3.4,0
S4894,Artificial Intelligence,2,70.3,18,268.0,82.6,1,100.0,2,3.9,0
S4895,Business Administration,7,91.1,20,416.0,88.4,0,66.2,3,2.7,0
S4896,Business Administration,4,96.8,14,371.0,58.0,3,50.6,2,3.6,0
S4897,Business Administration,6,81.6,22,402.0,96.6,3,42.3,0,4.3,0
S4898,Computer Science,3,100.0,15,227.0,100.0,2,65.9,0,4.4,0
S4899,Artificial Intelligence,2,75.5,24,411.0,97.9,3,60.6,1,2.1,0
S4900,Business Administration,8,65.2,16,169.0,100.0,1,80.3,1,1.4,1
S4901,Information Technology,7,91.7,22,276.0,94.7,1,84.1,1,3.4,0
S4902,Data Science,1,80.8,13,178.0,58.1,2,47.3,1,3.2,1
S4903,Data Science,7,75.0,20,513.0,93.6,1,64.8,1,2.5,0
S4904,Business Administration,7,82.9,17,319.0,54.8,4,55.9,3,3.3,1
S4905,Data Science,4,63.0,13,414.0,69.0,0,71.9,0,3.0,0
S4906,Data Science,5,61.0,17,348.0,73.7,2,30.9,2,2.8,1
S4907,Computer Science,5,83.1,15,364.0,71.6,2,46.0,0,2.9,0
S4908,Information Technology,1,87.2,22,175.0,63.8,2,60.3,2,3.5,1
S4909,Information Technology,4,98.7,22,292.0,73.5,1,77.6,0,1.7,0
S4910,Computer Science,4,92.6,14,170.0,75.8,1,57.8,1,3.4,1
S4911,Computer Science,8,89.6,23,244.0,100.0,2,82.7,0,5.0,0
S4912,Data Science,4,97.2,9,303.0,85.7,0,50.3,2,4.2,0
S4913,Artificial Intelligence,4,87.9,18,187.0,95.9,0,65.4,1,3.2,1
S4914,Data Science,5,77.9,18,144.0,73.8,0,56.7,2,4.4,1
S4915,Computer Science,2,92.9,18,153.0,95.4,0,84.7,1,4.6,0
S4916,Information Technology,4,92.5,20,374.0,43.3,1,90.5,2,3.7,0
S4917,Data Science,2,81.9,15,260.0,55.0,0,81.0,1,2.6,1
S4918,Artificial Intelligence,7,67.6,15,143.0,96.2,1,88.5,2,2.9,1
S4919,Data Science,7,60.6,27,290.0,67.3,1,66.0,0,2.8,1
S4920,Business Administration,4,92.1,11,383.0,79.9,0,54.5,1,2.2,0
S4921,Data Science,3,87.7,11,282.0,35.9,0,61.2,1,4.3,0
S4922,Computer Science,6,89.4,23,125.0,71.1,2,50.3,3,5.0,1
S4923,Information Technology,3,92.6,20,274.0,55.5,0,73.5,1,3.5,0
S4924,Information Technology,7,71.2,14,198.0,65.8,1,61.1,0,2.9,1
S4925,Computer Science,6,59.5,10,324.0,80.2,1,53.0,1,4.1,0
S4926,Business Administration,3,88.2,18,250.0,79.8,3,68.5,0,4.4,0
S4927,Computer Science,4,96.4,20,320.0,73.6,3,37.2,0,2.9,0
S4928,Data Science,2,86.2,18,87.0,94.3,0,71.8,0,3.7,0
S4929,Computer Science,6,64.2,17,302.0,70.1,1,42.5,0,2.1,1
S4930,Computer Science,5,84.9,19,261.0,73.3,1,68.1,3,3.6,1
S4931,Business Administration,1,68.5,25,187.0,56.5,0,71.2,0,2.7,1
S4932,Data Science,6,63.5,23,300.0,99.8,1,51.6,2,3.7,0
S4933,Artificial Intelligence,6,81.9,19,255.0,63.4,3,62.5,1,3.1,1
S4934,Artificial Intelligence,5,83.9,13,284.0,52.6,3,69.8,0,3.5,1
S4935,Information Technology,4,80.8,21,174.0,56.1,0,51.8,0,5.0,0
S4936,Computer Science,3,87.3,16,310.0,81.5,2,77.0,1,3.6,0
S4937,Information Technology,3,72.5,14,70.0,76.3,0,92.8,1,3.9,1
S4938,Business Administration,7,83.0,20,268.0,74.0,2,67.2,0,3.4,0
S4939,Artificial Intelligence,2,76.2,15,287.0,96.1,1,83.4,1,2.1,0
S4940,Computer Science,4,79.0,16,492.0,60.3,1,72.0,1,3.0,0
S4941,Business Administration,5,85.2,17,258.0,86.9,0,64.2,2,3.1,0
S4942,Business Administration,4,94.7,16,481.0,79.7,1,68.3,2,4.0,0
S4943,Computer Science,4,85.5,16,426.0,85.3,0,64.7,1,3.8,0
S4944,Business Administration,3,89.5,20,275.0,80.0,0,72.0,1,3.8,0
S4945,Computer Science,5,82.1,22,291.0,64.5,0,71.7,1,4.2,0
S4946,Computer Science,8,87.9,21,160.0,37.9,0,84.4,2,2.6,1
S4947,Data Science,1,94.4,17,219.0,92.6,1,59.7,1,5.0,0
S4948,Information Technology,6,100.0,13,317.0,77.8,3,59.8,0,2.2,0
S4949,Business Administration,3,96.5,23,251.0,80.2,2,82.7,0,2.4,0
S4950,Business Administration,5,81.3,20,396.0,77.5,1,68.7,1,3.8,0
S4951,Data Science,2,95.7,24,368.0,51.3,3,66.2,1,2.6,0
S4952,Data Science,6,88.6,21,325.0,82.1,1,31.9,0,3.5,0
S4953,Data Science,6,74.7,13,372.0,78.5,4,91.5,0,2.9,0
S4954,Artificial Intelligence,8,88.8,12,341.0,76.7,2,60.0,1,3.9,0
S4955,Artificial Intelligence,8,68.5,22,298.0,100.0,1,72.3,2,3.5,0
S4956,Artificial Intelligence,3,88.8,20,207.0,80.2,0,60.2,2,3.0,1
S4957,Computer Science,7,100.0,19,517.0,75.8,1,78.5,1,3.5,0
S4958,Business Administration,2,91.9,25,375.0,75.3,2,81.9,1,5.0,0
S4959,Information Technology,3,96.4,15,339.0,58.7,1,53.2,2,3.4,0
S4960,Computer Science,4,77.5,12,203.0,80.5,1,91.9,0,2.4,1
S4961,Business Administration,7,87.8,19,587.0,82.9,1,45.8,1,2.0,0
S4962,Business Administration,5,90.4,22,212.0,66.1,0,66.7,0,3.0,1
S4963,Data Science,8,78.3,18,304.0,91.4,0,53.0,2,3.7,0
S4964,Data Science,2,90.2,11,308.0,86.8,1,77.9,3,4.7,0
S4965,Computer Science,6,87.5,12,136.0,75.9,1,92.1,0,4.2,0
S4966,Data Science,3,90.3,12,352.0,92.9,1,73.6,0,2.9,0
S4967,Business Administration,8,69.6,19,340.0,71.1,2,59.2,3,2.4,1
S4968,Data Science,6,97.3,16,171.0,92.4,5,55.9,0,3.3,1
S4969,Artificial Intelligence,2,87.4,15,387.0,69.2,5,97.6,0,3.4,0
S4970,Data Science,8,80.6,13,183.0,100.0,2,55.7,0,3.2,1
S4971,Business Administration,8,80.9,29,261.0,67.5,1,53.4,3,4.0,1
S4972,Computer Science,6,81.5,17,206.0,75.2,2,60.0,0,2.7,1
S4973,Information Technology,3,72.1,16,372.0,62.4,4,60.8,1,3.4,0
S4974,Data Science,7,96.3,13,360.0,87.9,3,57.6,1,3.7,0
S4975,Business Administration,3,93.6,17,164.0,57.5,2,55.6,0,2.2,1
S4976,Information Technology,1,94.4,18,228.0,75.9,2,65.1,0,3.8,0
S4977,Information Technology,8,100.0,16,230.0,53.1,2,70.0,1,4.3,0
S4978,Artificial Intelligence,6,84.3,19,378.0,87.7,3,70.3,0,4.1,0
S4979,Information Technology,1,62.1,20,214.0,88.6,0,40.0,1,3.5,1
S4980,Business Administration,7,89.5,15,285.0,80.2,1,55.8,1,2.6,0
S4981,Business Administration,1,89.1,19,272.0,68.5,0,63.0,0,2.8,0
S4982,Data Science,6,100.0,19,261.0,90.5,3,67.3,1,3.3,0
S4983,Data Science,2,95.0,17,506.0,61.0,0,70.5,1,3.6,0
S4984,Data Science,4,83.6,14,219.0,64.6,1,49.8,1,2.7,1
S4985,Information Technology,7,80.3,19,273.0,90.4,2,66.1,0,3.8,0
S4986,Information Technology,3,94.0,8,344.0,87.8,1,95.5,1,3.0,0
S4987,Artificial Intelligence,5,50.1,14,249.0,87.9,0,59.3,4,3.2,1
S4988,Data Science,7,84.9,18,229.0,100.0,2,44.4,1,4.0,0
S4989,Computer Science,1,93.3,11,341.0,81.1,2,85.6,0,1.5,1
S4990,Artificial Intelligence,2,80.5,13,394.0,70.8,1,67.2,1,3.5,0
S4991,Computer Science,6,77.4,18,456.0,75.4,1,59.3,1,3.3,0
S4992,Information Technology,2,85.5,25,276.0,40.2,2,90.2,1,2.7,1
S4993,Artificial Intelligence,2,98.2,15,208.0,85.0,2,20.2,2,5.0,0
S4994,Artificial Intelligence,6,87.4,15,207.0,100.0,1,60.2,2,2.7,1
S4995,Business Administration,5,73.9,25,468.0,71.8,1,42.1,0,4.1,0
S4996,Information Technology,6,96.6,17,339.0,100.0,4,91.4,1,4.1,0
S4997,Information Technology,5,98.9,32,202.0,60.5,1,58.6,0,3.8,0
S4998,Artificial Intelligence,6,72.3,25,218.0,64.0,0,46.0,1,2.6,1
S4999,Information Technology,1,100.0,16,167.0,63.9,0,42.6,1,4.1,1
S5000,Artificial Intelligence,5,82.0,7,291.0,51.6,0,84.9,3,2.9,1
S5001,Business Administration,1,93.4,26,358.0,100.0,0,98.1,0,1.7,0
S5002,Artificial Intelligence,7,90.7,11,485.0,87.3,1,64.9,1,3.4,0
S5003,Information Technology,5,73.6,20,430.0,89.2,0,68.5,2,3.6,0
S5004,Information Technology,5,76.6,19,304.0,65.0,0,59.0,2,4.1,0
S5005,Artificial Intelligence,6,82.8,23,217.0,92.3,2,82.0,1,2.9,1
S5006,Artificial Intelligence,5,59.6,21,355.0,68.9,2,57.3,1,5.0,0
S5007,Artificial Intelligence,1,91.9,18,88.0,69.7,4,53.8,1,3.5,1
S5008,Data Science,8,59.3,18,205.0,97.3,3,60.4,1,4.3,1
S5009,Information Technology,7,82.2,16,376.0,62.8,0,77.9,1,4.1,0
S5010,Information Technology,8,73.9,17,405.0,60.0,2,78.7,1,3.9,0
S5011,Data Science,6,88.9,18,457.0,57.9,0,47.9,1,4.5,0
S5012,Artificial Intelligence,3,55.5,19,286.0,75.4,2,65.7,1,3.3,0
S5013,Business Administration,7,62.1,18,456.0,100.0,0,29.0,1,4.0,0
S5014,Artificial Intelligence,8,74.8,9,254.0,73.3,1,49.9,2,3.4,1
S5015,Artificial Intelligence,7,88.2,10,244.0,54.6,0,62.3,1,3.4,0
S5016,Data Science,8,84.7,18,337.0,66.7,1,53.3,2,3.0,0
S5017,Information Technology,1,94.6,18,437.0,69.6,1,68.2,0,3.4,0
S5018,Artificial Intelligence,8,83.3,20,413.0,78.8,1,88.4,0,4.6,0
S5019,Information Technology,7,81.8,14,424.0,84.5,3,72.4,2,4.0,0
S5020,Computer Science,3,69.1,16,363.0,40.3,3,92.8,0,3.8,0
S5021,Information Technology,2,79.3,24,415.0,56.0,1,61.1,0,3.0,0
S5022,Business Administration,6,81.8,18,303.0,54.6,1,64.0,0,3.0,0
S5023,Business Administration,2,57.3,28,338.0,96.4,0,79.1,0,2.9,0
S5024,Artificial Intelligence,6,71.3,14,634.0,59.7,1,88.8,1,4.5,0
S5025,Information Technology,7,87.6,17,405.0,83.0,1,76.3,0,4.2,0
S5026,Artificial Intelligence,6,84.2,11,302.0,86.4,0,82.1,1,2.3,0
S5027,Data Science,8,79.0,19,396.0,68.9,2,65.5,4,4.3,0
S5028,Business Administration,1,74.7,16,173.0,34.3,0,50.2,2,4.5,1
S5029,Artificial Intelligence,3,61.1,15,261.0,99.1,1,79.8,0,3.7,0
S5030,Data Science,6,55.9,13,276.0,100.0,1,61.9,3,4.8,0
S5031,Artificial Intelligence,3,78.3,13,214.0,77.6,2,67.4,0,2.7,0
S5032,Information Technology,6,99.9,21,512.0,65.7,0,41.3,1,3.7,0
S5033,Information Technology,3,82.4,17,357.0,100.0,1,100.0,1,4.6,0
S5034,Information Technology,2,94.3,15,370.0,65.1,3,80.4,2,4.0,0
S5035,Information Technology,1,67.9,13,288.0,92.3,2,89.1,1,5.0,0
S5036,Computer Science,6,85.4,17,162.0,51.1,0,87.6,1,3.0,1
S5037,Data Science,4,73.6,25,292.0,86.3,1,69.3,1,2.7,0
S5038,Data Science,3,73.1,19,249.0,54.6,0,34.6,0,3.0,1
S5039,Information Technology,3,90.9,10,178.0,84.8,1,68.7,4,3.3,1
S5040,Computer Science,8,80.6,18,391.0,78.1,1,57.5,0,5.0,0
S5041,Information Technology,4,65.4,23,268.0,71.4,2,88.9,0,3.0,1
S5042,Computer Science,1,83.2,18,86.0,70.9,2,78.4,0,3.3,1
S5043,Information Technology,3,73.4,14,300.0,97.5,0,73.2,1,2.6,0
S5044,Business Administration,1,64.7,29,302.0,76.5,1,52.6,0,3.0,0
S5045,Business Administration,3,70.1,15,390.0,85.1,3,53.9,1,3.6,0
S5046,Artificial Intelligence,7,100.0,16,314.0,100.0,0,42.8,2,1.7,1
S5047,Information Technology,5,96.5,25,226.0,55.5,1,51.7,1,3.3,1
S5048,Data Science,7,57.8,23,360.0,64.1,1,66.9,2,2.8,0
S5049,Artificial Intelligence,3,79.7,22,222.0,48.3,1,55.2,1,3.7,1
S5050,Business Administration,5,80.6,19,385.0,47.4,0,72.5,0,4.4,0
S5051,Information Technology,6,78.8,20,439.0,100.0,2,78.8,1,3.1,0
S5052,Artificial Intelligence,1,74.0,20,2.0,70.5,4,73.7,1,3.6,1
S5053,Information Technology,3,91.0,19,210.0,30.6,1,97.4,1,3.1,1
S5054,Business Administration,8,93.3,13,356.0,72.9,1,64.1,1,4.3,0
S5055,Artificial Intelligence,2,94.6,17,311.0,69.1,0,86.7,1,3.3,0
S5056,Business Administration,8,86.0,12,456.0,59.1,1,87.5,1,4.3,0
S5057,Computer Science,2,89.3,28,450.0,70.1,1,46.6,0,3.7,0
S5058,Business Administration,4,77.9,16,411.0,80.8,2,74.7,1,4.8,0
S5059,Information Technology,2,63.1,19,98.0,70.6,3,93.3,0,3.9,1
S5060,Data Science,5,62.8,17,280.0,93.3,3,61.2,1,3.6,0
S5061,Business Administration,2,71.8,21,377.0,76.9,0,53.1,1,4.3,0
S5062,Data Science,2,79.6,18,297.0,78.2,1,74.1,1,4.9,0
S5063,Computer Science,2,66.6,14,285.0,74.5,2,71.2,3,4.8,0
S5064,Artificial Intelligence,3,68.4,11,449.0,55.8,1,100.0,1,5.0,0
S5065,Artificial Intelligence,4,77.5,26,343.0,56.5,1,85.4,0,3.4,0
S5066,Data Science,1,92.4,14,270.0,80.2,1,77.4,1,3.7,0
S5067,Artificial Intelligence,4,86.0,16,158.0,64.4,2,54.3,1,3.3,1
S5068,Business Administration,8,71.6,17,506.0,88.8,3,42.2,0,2.8,0
S5069,Data Science,5,82.6,17,336.0,72.0,0,88.5,1,4.0,0
S5070,Information Technology,3,66.1,16,244.0,64.1,0,74.9,1,1.5,1
S5071,Business Administration,6,71.6,20,412.0,82.7,2,66.8,2,3.8,0
S5072,Business Administration,3,62.1,15,108.0,78.5,1,68.3,0,4.6,0
S5073,Business Administration,7,87.1,27,510.0,48.2,2,78.0,0,4.2,0
S5074,Information Technology,2,78.6,22,373.0,45.2,2,57.6,0,4.1,0
S5075,Computer Science,8,80.1,19,563.0,88.3,1,29.6,1,2.0,0
S5076,Artificial Intelligence,2,91.7,18,376.0,64.6,2,57.2,0,4.8,0
S5077,Data Science,5,70.0,23,329.0,80.7,0,66.0,4,3.2,0
S5078,Computer Science,6,87.6,16,227.0,82.2,2,50.6,0,3.9,0
S5079,Data Science,8,100.0,19,247.0,99.7,1,67.5,0,3.2,0
S5080,Artificial Intelligence,7,70.2,14,151.0,100.0,1,100.0,1,3.4,0
S5081,Information Technology,3,63.2,26,537.0,57.4,3,66.9,2,4.1,0
S5082,Business Administration,6,66.9,23,316.0,75.3,3,44.9,0,4.5,0
S5083,Business Administration,1,86.7,28,404.0,75.8,1,70.7,0,3.3,0
S5084,Information Technology,4,100.0,15,424.0,100.0,5,71.2,0,3.6,0
S5085,Computer Science,3,100.0,21,273.0,52.1,3,67.3,1,2.6,1
S5086,Computer Science,6,92.1,21,204.0,100.0,1,47.2,0,4.4,0
S5087,Data Science,1,92.6,19,214.0,88.1,0,78.9,1,1.8,1
S5088,Information Technology,1,87.6,15,114.0,68.1,1,100.0,1,2.4,1
S5089,Computer Science,7,90.7,16,166.0,93.7,2,87.1,0,1.6,1
S5090,Information Technology,7,85.6,24,364.0,71.3,1,84.7,0,3.3,0
S5091,Artificial Intelligence,4,72.4,12,423.0,48.9,2,46.3,0,3.4,0
S5092,Business Administration,1,100.0,10,301.0,80.2,2,59.9,0,3.8,0
S5093,Business Administration,8,98.0,19,411.0,73.2,0,53.7,2,4.4,0
S5094,Business Administration,5,72.7,15,414.0,69.3,2,65.9,0,3.2,0
S5095,Information Technology,1,89.8,16,262.0,63.8,2,80.2,2,3.9,0
S5096,Information Technology,6,99.5,25,430.0,89.1,3,79.0,2,2.3,0
S5097,Data Science,7,87.0,16,280.0,77.7,1,70.0,3,4.0,0
S5098,Business Administration,5,79.5,16,249.0,69.4,0,52.1,0,3.2,0
S5099,Data Science,8,99.2,26,310.0,67.1,1,80.8,0,3.2,0
S5100,Business Administration,7,85.1,19,131.0,69.7,1,76.0,0,3.5,1
S5101,Data Science,8,74.5,20,296.0,67.5,1,20.1,2,2.9,1
S5102,Data Science,7,68.2,16,23.0,70.7,3,73.5,3,3.3,1
S5103,Artificial Intelligence,7,46.8,18,381.0,91.1,3,49.3,1,4.5,0
S5104,Data Science,1,100.0,10,145.0,71.3,1,63.5,0,4.4,0
S5105,Information Technology,2,72.0,11,299.0,80.8,3,52.5,2,3.7,0
S5106,Data Science,1,93.6,13,478.0,71.1,2,70.4,1,3.3,0
S5107,Business Administration,7,71.0,20,309.0,46.1,1,72.9,2,2.9,1
S5108,Data Science,5,84.0,21,73.0,81.9,2,73.6,1,2.7,1
S5109,Computer Science,1,87.4,19,316.0,65.1,2,70.6,1,4.4,0
S5110,Business Administration,7,67.1,20,269.0,90.0,0,71.3,0,3.5,0
S5111,Computer Science,7,93.5,9,412.0,100.0,2,60.3,3,2.0,0
S5112,Business Administration,1,79.6,14,286.0,66.1,0,70.3,1,2.4,0
S5113,Information Technology,1,88.6,20,434.0,94.3,1,79.3,2,2.7,0
S5114,Information Technology,5,99.5,19,352.0,70.6,0,68.2,0,1.1,1
S5115,Information Technology,8,90.9,18,405.0,72.5,2,68.4,1,2.9,0
S5116,Computer Science,1,80.9,14,289.0,84.8,3,53.3,0,1.7,1
S5117,Artificial Intelligence,4,100.0,28,454.0,42.6,4,76.6,1,3.7,0
S5118,Business Administration,6,81.5,15,239.0,47.0,2,84.2,1,3.5,0
S5119,Information Technology,4,83.1,8,80.0,79.0,3,81.2,2,4.3,1
S5120,Business Administration,5,80.0,16,169.0,30.9,0,64.4,2,3.8,1
S5121,Computer Science,2,67.3,21,314.0,97.5,1,84.4,1,5.0,0
S5122,Artificial Intelligence,4,66.0,20,332.0,100.0,0,69.2,0,3.2,0
S5123,Computer Science,8,75.3,14,319.0,84.4,0,44.5,1,3.0,0
S5124,Business Administration,7,69.8,27,446.0,75.6,2,82.0,0,4.4,0
S5125,Artificial Intelligence,6,78.7,20,323.0,98.0,1,52.8,1,3.7,0
S5126,Artificial Intelligence,3,91.9,15,340.0,69.6,2,57.6,1,3.5,0
S5127,Computer Science,6,77.1,11,418.0,71.2,2,67.7,1,4.3,0
S5128,Information Technology,4,84.6,10,99.0,75.5,2,74.1,0,4.4,1
S5129,Business Administration,3,75.9,18,387.0,63.1,0,79.6,0,2.0,0
S5130,Data Science,5,100.0,18,458.0,100.0,2,42.3,1,3.4,0
S5131,Data Science,8,100.0,16,386.0,100.0,3,75.0,2,3.9,0
S5132,Computer Science,6,79.0,22,338.0,61.1,2,44.9,1,1.4,1
S5133,Business Administration,2,85.3,16,396.0,64.5,1,70.1,0,2.9,0
S5134,Business Administration,3,65.9,17,42.0,71.7,2,67.3,1,3.9,1
S5135,Computer Science,3,79.4,27,284.0,99.6,1,36.0,1,4.3,0
S5136,Business Administration,6,74.8,13,144.0,71.6,1,100.0,0,3.2,0
S5137,Information Technology,4,90.9,21,346.0,80.8,1,37.9,2,2.6,1
S5138,Computer Science,3,70.8,12,180.0,58.8,1,70.3,0,3.6,1
S5139,Information Technology,5,100.0,18,402.0,100.0,0,63.5,2,3.4,0
S5140,Business Administration,6,81.2,21,250.0,57.0,2,64.2,1,3.0,1
S5141,Computer Science,5,71.6,23,146.0,70.6,1,41.0,2,2.3,1
S5142,Business Administration,6,82.4,19,187.0,47.3,5,76.0,1,3.1,1
S5143,Computer Science,5,90.8,29,142.0,100.0,0,100.0,0,2.2,0
S5144,Business Administration,4,88.2,21,296.0,77.4,4,66.5,2,2.9,1
S5145,Information Technology,6,83.9,17,374.0,100.0,2,72.0,1,3.4,0
S5146,Information Technology,8,92.5,17,223.0,60.3,1,66.9,0,3.0,1
S5147,Business Administration,7,91.8,20,125.0,96.9,2,81.8,0,5.0,0
S5148,Computer Science,2,91.9,13,298.0,85.1,1,82.5,0,3.4,0
S5149,Data Science,4,78.7,20,296.0,63.7,0,47.7,1,4.2,0
S5150,Information Technology,5,78.6,18,240.0,66.1,0,53.1,1,3.6,0
S5151,Information Technology,8,79.5,14,206.0,87.9,1,55.8,0,2.5,1
S5152,Data Science,6,76.1,18,454.0,77.3,1,69.7,2,3.0,0
S5153,Business Administration,4,83.3,17,229.0,65.7,3,82.6,0,3.4,1
S5154,Computer Science,5,81.9,14,127.0,100.0,0,31.1,1,3.0,1
S5155,Business Administration,1,100.0,19,289.0,78.8,1,74.7,1,3.5,0
S5156,Artificial Intelligence,1,75.9,15,363.0,71.2,1,91.3,0,3.0,0
S5157,Information Technology,3,70.2,13,355.0,58.5,0,62.8,1,3.6,0
S5158,Artificial Intelligence,2,89.7,25,108.0,68.6,2,66.8,1,4.3,1
S5159,Information Technology,1,82.9,20,446.0,39.4,2,82.7,4,4.2,0
S5160,Information Technology,7,73.8,16,325.0,78.0,0,79.5,1,3.8,0
S5161,Artificial Intelligence,5,91.4,23,368.0,91.2,1,62.8,2,3.6,0
S5162,Artificial Intelligence,4,78.7,14,618.0,100.0,2,74.1,1,2.6,0
S5163,Business Administration,6,100.0,17,391.0,70.5,0,20.7,1,4.4,0
S5164,Artificial Intelligence,4,70.6,14,369.0,86.6,2,73.8,1,2.1,0
S5165,Business Administration,3,75.0,17,273.0,71.8,1,68.3,0,3.2,0
S5166,Business Administration,8,83.5,22,299.0,45.8,1,92.2,0,2.8,0
S5167,Business Administration,4,98.3,12,155.0,41.2,1,92.7,1,4.0,0
S5168,Information Technology,1,73.4,20,310.0,76.0,2,65.5,1,4.9,0
S5169,Information Technology,4,86.5,20,495.0,41.5,4,88.2,1,3.2,0
S5170,Artificial Intelligence,1,68.0,15,351.0,73.4,2,56.7,0,4.8,0
S5171,Information Technology,1,93.0,24,568.0,70.3,2,68.1,2,3.1,0
S5172,Artificial Intelligence,2,74.2,19,364.0,46.3,2,87.2,1,3.0,0
S5173,Information Technology,3,89.4,20,334.0,29.1,0,71.3,0,3.0,0
S5174,Computer Science,7,90.0,23,283.0,64.7,1,77.9,1,4.5,0
S5175,Computer Science,7,60.2,17,537.0,100.0,4,68.2,1,4.4,0
S5176,Artificial Intelligence,5,84.5,18,244.0,82.5,1,58.4,1,3.2,1
S5177,Information Technology,7,75.9,15,213.0,64.5,0,65.0,4,4.0,1
S5178,Information Technology,1,88.0,25,194.0,63.3,0,60.2,1,3.1,0
S5179,Business Administration,6,71.5,16,571.0,83.9,3,60.6,1,4.4,0
S5180,Data Science,3,75.0,17,318.0,79.2,0,88.1,1,3.1,0
S5181,Artificial Intelligence,5,96.4,23,310.0,89.7,0,55.6,0,4.2,0
S5182,Data Science,7,95.5,20,362.0,100.0,1,49.3,3,4.1,0
S5183,Data Science,7,70.1,20,270.0,97.6,1,96.8,3,3.9,0
S5184,Artificial Intelligence,6,100.0,12,208.0,97.2,0,66.3,2,1.8,1
S5185,Information Technology,4,51.0,14,203.0,75.5,0,86.1,1,4.1,0
S5186,Artificial Intelligence,3,84.6,20,199.0,37.0,1,90.0,1,4.5,0
S5187,Data Science,6,66.6,25,60.0,39.0,0,70.9,0,3.7,1
S5188,Information Technology,7,86.5,18,307.0,86.0,1,82.2,0,4.2,0
S5189,Computer Science,3,78.9,14,113.0,67.2,2,61.0,1,3.5,1
S5190,Artificial Intelligence,3,69.8,17,366.0,100.0,0,51.7,4,2.9,0
S5191,Artificial Intelligence,7,73.2,18,400.0,100.0,1,72.5,2,3.4,0
S5192,Information Technology,4,72.6,17,228.0,79.5,2,98.5,2,4.7,0
S5193,Computer Science,4,82.9,25,340.0,68.6,1,42.4,0,3.8,0
S5194,Computer Science,7,93.7,19,387.0,60.8,1,78.0,0,2.9,0
S5195,Information Technology,3,100.0,17,481.0,100.0,0,61.8,1,4.2,0
S5196,Business Administration,6,79.9,13,253.0,80.3,0,41.4,1,4.1,0
S5197,Artificial Intelligence,2,85.6,16,130.0,64.6,1,67.0,2,4.5,1
S5198,Artificial Intelligence,1,96.2,18,191.0,75.7,1,60.7,1,2.6,1
S5199,Data Science,4,76.6,21,101.0,73.0,0,57.3,1,2.9,1
S5200,Information Technology,7,72.6,22,357.0,100.0,0,67.8,3,4.7,0
S5201,Data Science,8,100.0,25,0.0,81.1,2,67.6,1,3.3,1
S5202,Data Science,2,79.8,18,180.0,78.3,2,34.0,0,1.4,1
S5203,Computer Science,4,84.6,24,301.0,53.4,4,94.6,1,2.3,1
S5204,Artificial Intelligence,8,62.8,18,171.0,86.3,2,90.7,1,4.2,1
S5205,Data Science,3,75.7,19,197.0,78.8,1,92.1,0,3.1,0
S5206,Computer Science,7,100.0,18,399.0,87.5,2,68.4,1,3.0,0
S5207,Information Technology,2,87.6,23,166.0,79.0,2,70.2,1,4.8,0
S5208,Data Science,7,81.7,23,245.0,71.8,0,86.4,0,3.7,0
S5209,Artificial Intelligence,6,98.7,20,411.0,78.9,1,94.3,1,4.4,0
S5210,Data Science,6,62.3,16,255.0,64.1,5,88.5,0,3.7,1
S5211,Information Technology,5,77.0,19,588.0,80.8,0,69.0,1,3.2,0
S5212,Data Science,1,100.0,20,431.0,100.0,3,71.7,0,2.2,0
S5213,Artificial Intelligence,1,81.4,20,438.0,93.9,0,83.6,1,3.1,0
S5214,Computer Science,4,81.3,17,133.0,72.7,1,62.6,0,3.2,1
S5215,Artificial Intelligence,1,96.1,18,288.0,74.2,0,73.6,0,2.6,0
S5216,Computer Science,7,97.0,23,266.0,88.5,3,50.3,0,4.1,0
S5217,Business Administration,7,66.4,16,251.0,84.7,2,43.8,1,2.9,1
S5218,Artificial Intelligence,5,87.1,20,236.0,78.0,1,61.1,2,3.6,0
S5219,Artificial Intelligence,8,100.0,17,284.0,68.0,3,61.7,0,3.1,0
S5220,Information Technology,6,74.3,15,12.0,62.0,2,61.6,1,2.8,1
S5221,Data Science,8,77.5,13,189.0,61.8,0,68.2,1,2.3,1
S5222,Computer Science,8,82.3,13,502.0,75.1,2,76.4,0,3.0,0
S5223,Computer Science,2,90.3,15,236.0,84.1,2,66.9,2,3.3,1
S5224,Information Technology,2,64.9,23,222.0,47.1,1,75.5,1,3.6,1
S5225,Information Technology,6,45.0,18,292.0,91.2,0,69.7,1,3.1,0
S5226,Data Science,3,84.6,11,304.0,58.8,1,77.7,1,3.5,0
S5227,Data Science,6,96.0,15,30.0,65.7,2,53.5,0,3.7,1
S5228,Artificial Intelligence,2,78.3,18,317.0,73.4,2,82.5,0,4.1,0
S5229,Business Administration,8,74.7,9,366.0,84.9,2,75.9,0,4.4,0
S5230,Data Science,4,80.0,10,371.0,100.0,3,55.9,2,4.3,0
S5231,Information Technology,5,100.0,26,187.0,69.6,2,70.0,1,2.7,0
S5232,Data Science,8,74.0,7,485.0,97.5,2,56.6,0,3.6,0
S5233,Computer Science,6,88.8,24,471.0,70.8,3,88.9,2,4.7,0
S5234,Business Administration,3,68.2,16,461.0,100.0,3,41.6,2,3.1,0
S5235,Artificial Intelligence,8,68.7,21,395.0,76.7,1,58.3,2,4.6,0
S5236,Computer Science,4,92.1,13,258.0,51.2,2,80.0,1,3.8,0
S5237,Computer Science,6,100.0,17,301.0,65.2,2,75.6,0,2.3,0
S5238,Business Administration,4,92.7,22,471.0,78.2,1,84.3,0,5.0,0
S5239,Artificial Intelligence,8,57.4,18,26.0,74.2,5,48.3,1,4.2,1
S5240,Information Technology,6,77.0,18,212.0,59.7,0,52.9,0,3.8,1
S5241,Artificial Intelligence,4,84.9,23,355.0,54.2,2,83.8,1,3.8,0
S5242,Data Science,7,82.7,20,273.0,92.4,3,82.3,0,3.7,0
S5243,Computer Science,1,59.0,18,252.0,36.4,2,55.5,0,3.1,1
S5244,Data Science,4,66.4,16,495.0,87.1,2,98.7,2,4.1,0
S5245,Information Technology,7,72.4,17,400.0,58.2,0,68.8,1,3.2,0
S5246,Data Science,8,81.2,21,415.0,100.0,1,62.6,1,2.6,0
S5247,Artificial Intelligence,1,58.8,20,207.0,41.6,1,47.2,2,2.9,1
S5248,Data Science,2,89.2,16,233.0,40.1,2,77.0,2,2.1,1
S5249,Information Technology,1,80.9,13,348.0,70.3,0,73.8,2,3.3,0
S5250,Information Technology,4,69.5,17,352.0,96.3,2,63.3,5,2.6,1
S5251,Information Technology,5,84.3,20,522.0,100.0,1,60.3,1,3.0,0
S5252,Artificial Intelligence,5,64.7,22,345.0,95.8,1,59.5,1,2.3,0
S5253,Information Technology,2,81.4,14,499.0,80.6,0,45.4,0,2.2,0
S5254,Computer Science,4,60.4,24,378.0,60.5,3,83.3,0,5.0,0
S5255,Information Technology,1,62.1,21,273.0,64.2,2,87.4,0,3.6,0
S5256,Data Science,5,76.6,14,207.0,66.1,0,30.0,0,3.2,1
S5257,Data Science,6,73.4,21,396.0,70.7,0,66.3,2,3.0,0
S5258,Data Science,3,86.6,18,256.0,73.4,1,71.1,0,3.8,0
S5259,Artificial Intelligence,4,81.8,13,286.0,81.6,4,79.1,3,3.5,1
S5260,Data Science,7,100.0,18,201.0,67.5,2,61.2,2,3.3,1
S5261,Artificial Intelligence,7,78.8,15,300.0,80.9,5,65.3,0,3.8,0
S5262,Artificial Intelligence,6,45.0,20,371.0,84.8,0,71.7,1,4.0,0
S5263,Information Technology,6,57.6,24,251.0,58.3,0,70.2,2,1.7,1
S5264,Computer Science,4,67.6,23,214.0,55.5,1,79.8,1,3.5,1
S5265,Information Technology,3,100.0,18,308.0,97.7,2,50.3,2,3.8,0
S5266,Information Technology,5,81.6,16,356.0,80.2,2,49.0,1,3.3,0
S5267,Artificial Intelligence,3,95.3,27,299.0,75.3,1,62.0,0,2.3,0
S5268,Artificial Intelligence,2,94.1,13,527.0,52.3,2,45.2,0,3.2,0
S5269,Data Science,1,66.8,23,312.0,91.8,1,100.0,3,3.4,0
S5270,Data Science,1,60.5,16,362.0,78.0,1,53.5,1,3.7,0
S5271,Information Technology,6,89.7,27,406.0,100.0,2,82.3,0,4.2,0
S5272,Business Administration,5,55.4,13,348.0,81.5,2,90.9,0,4.3,0
S5273,Business Administration,3,93.7,23,184.0,73.3,1,71.9,0,3.3,1
S5274,Data Science,6,80.6,15,201.0,66.9,1,56.3,0,3.8,0
S5275,Business Administration,4,89.4,32,167.0,100.0,1,70.3,0,3.4,0
S5276,Data Science,6,85.6,15,142.0,95.8,3,47.3,2,4.2,1
S5277,Artificial Intelligence,4,86.3,21,333.0,82.0,5,46.2,0,4.1,0
S5278,Information Technology,4,83.3,21,449.0,95.0,2,98.0,2,4.0,0
S5279,Computer Science,2,85.4,22,386.0,84.1,2,43.3,2,3.4,0
S5280,Information Technology,2,82.6,11,385.0,45.4,1,40.8,0,4.5,0
S5281,Data Science,4,65.5,17,177.0,94.9,3,78.5,1,4.0,1
S5282,Data Science,8,77.3,18,359.0,90.6,1,58.8,2,3.2,0
S5283,Information Technology,5,100.0,18,364.0,58.3,1,87.1,0,3.6,0
S5284,Data Science,2,85.8,15,501.0,88.6,0,20.0,1,3.0,0
S5285,Business Administration,2,95.7,17,340.0,62.9,1,66.4,1,3.9,0
S5286,Business Administration,1,70.2,26,509.0,70.3,0,47.8,0,3.8,0
S5287,Data Science,6,70.0,21,315.0,80.7,0,37.9,0,3.4,0
S5288,Data Science,1,67.6,26,354.0,79.8,1,46.0,2,2.7,0
S5289,Business Administration,5,66.0,19,440.0,76.5,1,44.2,1,4.0,0
S5290,Data Science,2,62.5,15,330.0,48.8,3,63.0,0,3.7,1
S5291,Data Science,7,84.8,18,118.0,78.8,2,59.3,3,2.5,1
S5292,Information Technology,8,77.7,25,181.0,100.0,0,76.5,0,4.0,0
S5293,Computer Science,2,92.5,17,620.0,82.9,3,38.5,0,3.3,0
S5294,Business Administration,3,78.3,11,312.0,74.8,0,74.5,1,2.7,0
S5295,Information Technology,5,53.2,22,383.0,90.4,2,82.5,1,3.9,0
S5296,Computer Science,7,87.3,28,172.0,80.7,5,84.6,0,2.8,1
S5297,Data Science,6,57.6,20,341.0,70.4,2,78.1,0,2.2,0
S5298,Data Science,6,84.6,29,460.0,94.5,1,73.2,0,3.6,0
S5299,Information Technology,7,72.7,16,76.0,82.7,1,57.9,0,2.9,1
S5300,Data Science,6,84.8,21,325.0,85.3,0,84.6,0,3.7,0
S5301,Artificial Intelligence,8,64.7,18,324.0,74.4,1,82.9,3,4.7,0
S5302,Information Technology,7,91.3,20,339.0,76.2,3,63.7,1,4.4,0
S5303,Computer Science,5,82.5,18,554.0,92.4,2,49.7,0,3.2,0
S5304,Information Technology,7,77.9,19,269.0,68.9,2,53.0,1,3.4,0
S5305,Business Administration,7,61.7,10,243.0,100.0,1,45.8,3,2.0,1
S5306,Information Technology,3,100.0,11,279.0,67.4,1,55.1,2,2.7,1
S5307,Data Science,3,71.1,19,584.0,67.0,1,78.4,3,4.3,0
S5308,Data Science,1,85.2,8,319.0,96.6,2,82.7,1,4.4,0
S5309,Artificial Intelligence,5,70.6,18,369.0,77.6,0,60.2,1,5.0,0
S5310,Artificial Intelligence,5,100.0,24,25.0,88.8,1,60.6,1,2.9,1
S5311,Artificial Intelligence,3,83.8,15,314.0,100.0,3,57.7,4,3.4,0
S5312,Computer Science,4,74.6,15,279.0,85.3,2,52.3,3,2.6,1
S5313,Artificial Intelligence,4,89.3,17,311.0,84.0,2,52.4,2,3.5,0
S5314,Computer Science,1,91.0,17,261.0,68.1,0,89.8,2,4.5,0
S5315,Artificial Intelligence,8,86.7,14,145.0,62.7,1,59.9,0,4.0,0
S5316,Computer Science,4,78.1,24,267.0,50.3,1,66.7,0,3.1,0
S5317,Information Technology,4,87.3,10,481.0,65.2,2,26.9,0,3.5,0
S5318,Information Technology,4,80.1,22,315.0,69.5,3,54.0,1,2.4,1
S5319,Data Science,8,81.7,13,84.0,64.6,1,52.8,1,2.8,1
S5320,Computer Science,2,72.6,25,159.0,73.4,0,77.4,0,3.8,0
S5321,Business Administration,1,64.4,21,334.0,69.5,3,82.4,1,4.6,0
S5322,Data Science,3,88.8,11,173.0,93.2,4,82.8,1,3.5,1
S5323,Information Technology,4,89.3,16,328.0,54.4,1,45.5,0,4.9,0
S5324,Computer Science,6,97.6,14,450.0,95.8,1,87.4,0,4.6,0
S5325,Artificial Intelligence,7,82.6,13,357.0,90.3,1,59.0,2,4.2,0
S5326,Business Administration,2,79.4,15,182.0,61.4,1,52.7,1,3.6,1
S5327,Information Technology,8,65.1,17,321.0,55.1,2,72.8,1,3.5,0
S5328,Data Science,8,81.5,21,389.0,88.1,0,88.3,2,2.6,0
S5329,Computer Science,8,86.3,21,213.0,88.1,1,72.3,1,3.3,0
S5330,Business Administration,4,60.2,22,170.0,63.7,3,45.9,1,1.9,1
S5331,Computer Science,7,94.8,19,289.0,54.2,1,77.8,0,2.8,0
S5332,Artificial Intelligence,7,73.5,14,486.0,70.8,3,88.5,0,3.8,0
S5333,Data Science,2,79.6,14,182.0,20.2,2,49.0,1,3.5,1
S5334,Computer Science,1,89.2,19,248.0,87.8,1,68.9,1,4.8,0
S5335,Information Technology,8,81.9,19,157.0,66.6,3,64.0,2,2.4,1
S5336,Data Science,6,98.8,18,210.0,81.6,1,70.1,2,5.0,0
S5337,Information Technology,6,89.5,25,284.0,100.0,0,48.8,0,3.7,0
S5338,Computer Science,6,80.2,19,282.0,70.9,5,51.6,0,4.0,0
S5339,Data Science,8,45.0,24,0.0,90.2,0,76.3,0,4.7,1
S5340,Information Technology,4,94.0,19,272.0,73.4,1,78.9,1,4.0,0
S5341,Artificial Intelligence,2,67.8,19,512.0,70.0,0,76.1,2,1.2,0
S5342,Artificial Intelligence,8,92.2,21,317.0,100.0,2,82.9,1,5.0,0
S5343,Computer Science,6,87.9,17,271.0,68.0,1,58.6,1,3.1,0
S5344,Data Science,7,79.6,15,232.0,87.9,0,94.0,1,3.1,0
S5345,Business Administration,8,93.4,10,189.0,83.7,3,49.7,1,4.2,1
S5346,Data Science,7,88.3,19,313.0,85.5,0,78.6,0,2.8,0
S5347,Artificial Intelligence,5,85.9,17,354.0,89.3,0,75.2,2,3.9,0
S5348,Information Technology,8,61.4,14,509.0,87.3,0,68.5,3,1.8,0
S5349,Business Administration,5,82.5,18,211.0,67.8,3,85.0,2,3.4,1
S5350,Computer Science,2,67.1,19,456.0,70.2,0,85.9,3,3.8,0
S5351,Business Administration,8,68.8,16,451.0,83.0,4,77.1,1,2.8,0
S5352,Computer Science,4,77.7,29,251.0,44.6,1,60.9,1,2.7,1
S5353,Business Administration,4,99.6,19,212.0,84.6,5,97.7,2,4.3,1
S5354,Computer Science,1,86.4,15,128.0,67.6,1,59.5,2,3.5,1
S5355,Computer Science,1,87.2,17,304.0,96.8,2,69.5,1,2.9,0
S5356,Business Administration,6,91.2,16,265.0,42.7,2,83.2,0,3.9,0
S5357,Business Administration,3,71.5,15,429.0,86.4,0,60.4,1,2.8,0
S5358,Computer Science,7,63.1,13,342.0,82.9,1,66.7,0,2.0,0
S5359,Artificial Intelligence,1,61.0,23,62.0,80.8,3,38.8,2,2.2,1
S5360,Business Administration,4,84.8,17,292.0,100.0,3,76.8,3,3.4,0
S5361,Data Science,7,93.8,16,337.0,78.3,2,89.4,2,3.3,0
S5362,Information Technology,3,93.0,18,272.0,82.5,3,75.2,0,3.2,0
S5363,Computer Science,1,72.0,22,407.0,56.1,1,65.6,3,3.8,0
S5364,Computer Science,2,98.3,16,232.0,80.3,0,75.8,1,1.9,0
S5365,Information Technology,5,100.0,14,424.0,73.4,1,90.8,2,3.9,0
S5366,Artificial Intelligence,1,89.3,15,233.0,73.1,0,72.0,2,2.9,1
S5367,Information Technology,8,99.8,14,260.0,49.2,1,91.4,1,3.5,0
S5368,Business Administration,1,92.5,14,534.0,100.0,1,72.6,0,4.1,0
S5369,Information Technology,8,79.2,14,142.0,60.8,0,66.2,1,4.6,1
S5370,Computer Science,2,74.0,18,311.0,72.7,2,80.0,3,2.7,1
S5371,Information Technology,4,62.6,14,342.0,51.2,0,75.8,0,4.3,0
S5372,Data Science,6,76.7,20,226.0,51.9,0,64.3,1,4.0,0
S5373,Business Administration,2,79.2,14,356.0,52.2,1,80.2,1,3.3,0
S5374,Information Technology,6,79.4,21,388.0,100.0,4,69.8,0,3.9,0
S5375,Computer Science,1,80.6,13,334.0,49.1,1,74.9,1,3.1,0
S5376,Business Administration,4,54.5,21,323.0,67.7,1,51.3,0,2.6,0
S5377,Computer Science,3,91.3,14,363.0,70.8,1,77.3,1,4.4,0
S5378,Artificial Intelligence,1,92.7,19,210.0,64.7,1,79.9,1,3.3,1
S5379,Data Science,2,86.5,20,224.0,62.3,1,79.4,1,4.9,0
S5380,Artificial Intelligence,3,68.0,21,356.0,70.3,0,77.3,0,4.7,0
S5381,Data Science,5,86.4,15,256.0,55.7,2,72.2,0,2.5,1
S5382,Information Technology,3,82.3,18,294.0,94.8,5,46.5,1,4.8,0
S5383,Business Administration,2,87.7,21,0.0,100.0,0,75.2,1,3.4,1
S5384,Information Technology,7,100.0,21,381.0,100.0,3,75.3,1,3.9,0
S5385,Data Science,3,79.9,21,459.0,43.3,1,72.0,1,3.8,0
S5386,Data Science,2,84.2,18,373.0,42.1,1,48.7,0,2.7,0
S5387,Data Science,7,71.6,15,392.0,49.7,3,66.3,1,3.2,1
S5388,Computer Science,1,93.1,17,411.0,87.7,0,62.0,1,4.5,0
S5389,Business Administration,7,90.4,10,278.0,68.6,2,62.5,0,3.7,0
S5390,Information Technology,4,84.6,25,193.0,100.0,3,52.9,1,2.5,1
S5391,Information Technology,5,69.4,18,362.0,78.4,3,87.7,0,4.3,0
S5392,Artificial Intelligence,7,73.8,24,428.0,97.2,0,73.2,1,2.5,0
S5393,Data Science,4,60.0,28,170.0,97.5,1,79.5,2,4.3,0
S5394,Data Science,4,73.7,9,386.0,60.0,1,68.4,1,4.7,0
S5395,Data Science,4,90.5,22,335.0,62.9,2,69.4,2,2.7,1
S5396,Information Technology,7,86.7,15,287.0,100.0,0,54.0,1,4.4,0
S5397,Artificial Intelligence,2,83.9,15,268.0,47.2,1,65.3,0,4.3,0
S5398,Computer Science,8,99.8,18,333.0,75.1,3,72.2,2,4.9,0
S5399,Business Administration,2,85.7,16,223.0,90.5,2,56.7,0,2.5,0
S5400,Computer Science,5,75.1,18,663.0,86.6,0,80.5,1,2.4,0
S5401,Information Technology,2,73.6,21,141.0,70.9,1,80.9,2,3.0,1
S5402,Data Science,6,79.2,25,0.0,70.1,0,73.3,0,2.6,1
S5403,Business Administration,2,76.6,14,335.0,55.3,1,43.3,1,5.0,0
S5404,Information Technology,2,93.4,16,311.0,61.4,3,78.4,1,3.5,1
S5405,Information Technology,2,87.1,17,364.0,100.0,3,80.5,2,3.6,0
S5406,Information Technology,1,78.2,20,0.0,81.7,1,42.4,0,4.8,1
S5407,Business Administration,5,78.6,17,80.0,66.9,1,81.4,2,3.0,1
S5408,Business Administration,6,90.4,16,247.0,89.1,2,68.9,3,3.9,0
S5409,Artificial Intelligence,2,94.1,19,405.0,69.7,1,79.7,1,2.3,0
S5410,Artificial Intelligence,8,59.9,20,82.0,58.3,0,100.0,0,3.2,1
S5411,Computer Science,5,79.9,24,354.0,67.5,2,52.1,2,4.9,0
S5412,Business Administration,3,83.1,27,271.0,52.5,1,65.8,3,4.5,1
S5413,Business Administration,1,88.6,18,319.0,100.0,1,73.2,2,3.9,0
S5414,Business Administration,7,83.4,20,297.0,89.3,2,56.2,2,3.4,0
S5415,Artificial Intelligence,8,86.9,14,298.0,89.2,2,100.0,0,3.6,0
S5416,Information Technology,2,79.2,21,297.0,68.3,1,39.1,0,3.9,0
S5417,Data Science,8,72.3,20,433.0,76.9,1,87.5,1,2.0,0
S5418,Artificial Intelligence,6,91.4,16,304.0,69.1,0,59.6,0,4.8,0
S5419,Business Administration,1,91.8,22,422.0,52.5,3,63.8,3,2.3,1
S5420,Artificial Intelligence,6,89.8,16,247.0,94.2,3,79.5,1,2.6,1
S5421,Computer Science,7,92.0,18,434.0,92.3,1,81.1,0,1.9,0
S5422,Business Administration,7,70.3,23,272.0,85.2,0,85.3,1,4.1,0
S5423,Computer Science,8,75.9,19,273.0,78.5,1,77.2,1,5.0,0
S5424,Business Administration,1,95.4,16,87.0,62.1,1,72.9,1,2.5,1
S5425,Artificial Intelligence,3,86.3,16,192.0,84.0,1,50.6,1,3.0,1
S5426,Information Technology,8,82.7,15,216.0,60.5,2,75.4,0,3.1,1
S5427,Data Science,5,79.0,19,83.0,62.9,3,49.9,0,2.9,1
S5428,Computer Science,1,97.2,14,196.0,60.6,1,86.9,1,3.4,1
S5429,Artificial Intelligence,4,60.8,16,382.0,66.2,2,66.5,0,3.4,0
S5430,Information Technology,7,85.5,20,396.0,64.5,1,71.7,0,4.2,0
S5431,Artificial Intelligence,3,81.2,19,98.0,91.1,0,65.9,1,3.5,1
S5432,Computer Science,8,67.0,15,500.0,59.8,3,57.5,1,2.3,0
S5433,Data Science,7,100.0,22,401.0,77.8,2,87.9,1,4.6,0
S5434,Artificial Intelligence,4,49.7,18,550.0,88.9,1,62.6,3,4.6,0
S5435,Business Administration,3,83.5,20,433.0,99.8,2,48.8,2,3.1,0
S5436,Information Technology,7,88.3,17,527.0,84.9,5,48.9,1,4.2,0
S5437,Artificial Intelligence,4,70.3,19,350.0,43.7,1,56.3,1,4.4,0
S5438,Information Technology,4,85.3,26,207.0,73.9,1,40.2,2,3.5,1
S5439,Business Administration,7,79.3,15,331.0,90.9,1,72.1,1,3.1,0
S5440,Data Science,8,93.9,21,31.0,60.3,1,69.3,0,4.7,0
S5441,Data Science,7,100.0,19,281.0,100.0,0,32.7,2,3.5,0
S5442,Business Administration,6,86.1,19,295.0,100.0,2,77.0,2,4.4,0
S5443,Information Technology,1,89.2,26,416.0,87.1,1,60.3,1,5.0,0
S5444,Artificial Intelligence,1,70.3,12,325.0,95.2,5,61.0,2,4.2,0
S5445,Business Administration,3,84.6,19,247.0,99.8,1,41.9,0,2.4,0
S5446,Computer Science,5,77.5,24,132.0,79.1,0,89.9,1,2.8,1
S5447,Information Technology,7,91.3,15,210.0,93.8,1,73.8,1,2.8,0
S5448,Data Science,8,64.9,17,273.0,57.2,0,69.0,0,3.9,1
S5449,Business Administration,6,69.1,16,216.0,91.1,2,50.1,1,1.9,1
S5450,Data Science,1,96.2,15,0.0,85.1,1,71.9,1,3.5,1
S5451,Information Technology,1,84.5,13,299.0,100.0,2,83.6,0,2.9,0
S5452,Data Science,8,97.9,21,244.0,71.1,2,76.1,0,1.7,0
S5453,Business Administration,6,86.4,15,242.0,100.0,5,54.2,0,3.5,0
S5454,Information Technology,2,88.1,18,320.0,95.1,3,85.2,1,2.3,0
S5455,Computer Science,6,78.3,20,245.0,76.1,0,68.6,0,2.8,0
S5456,Business Administration,8,79.7,19,429.0,45.4,1,86.7,1,4.1,0
S5457,Artificial Intelligence,1,93.6,17,212.0,70.8,0,35.7,0,3.3,1
S5458,Business Administration,5,80.3,12,201.0,76.0,2,35.8,0,4.4,0
S5459,Information Technology,2,96.2,20,209.0,95.2,0,60.1,2,4.2,0
S5460,Business Administration,8,80.7,26,321.0,83.0,1,62.8,1,4.4,0
S5461,Computer Science,8,67.8,20,319.0,78.6,2,81.4,2,4.5,0
S5462,Computer Science,4,66.8,15,233.0,92.8,2,80.7,0,3.2,0
S5463,Artificial Intelligence,6,79.9,15,298.0,91.9,2,92.5,1,3.3,0
S5464,Data Science,4,93.0,23,346.0,95.4,1,67.5,1,2.7,0
S5465,Information Technology,2,74.0,14,372.0,62.7,2,68.9,1,3.8,0
S5466,Information Technology,2,90.8,20,286.0,95.5,0,60.7,0,3.6,0
S5467,Data Science,2,83.2,22,205.0,100.0,3,78.0,2,2.6,1
S5468,Computer Science,3,89.3,22,206.0,100.0,1,73.7,0,3.6,0
S5469,Computer Science,6,78.5,19,332.0,86.9,0,62.0,3,4.2,0
S5470,Business Administration,8,84.2,19,387.0,97.6,2,70.6,0,3.2,0
S5471,Artificial Intelligence,7,93.3,17,318.0,86.3,0,51.5,0,3.6,0
S5472,Artificial Intelligence,5,81.8,18,254.0,89.4,3,47.3,3,3.8,1
S5473,Artificial Intelligence,5,75.7,8,232.0,97.7,0,75.4,0,3.9,0
S5474,Business Administration,8,60.2,23,397.0,48.9,2,69.3,0,4.0,0
S5475,Artificial Intelligence,4,88.5,14,153.0,83.3,0,56.7,3,3.2,1
S5476,Data Science,8,72.7,23,243.0,83.9,2,80.3,1,1.7,1
S5477,Business Administration,4,75.8,14,473.0,67.1,1,51.5,2,3.0,0
S5478,Data Science,7,69.1,21,440.0,50.4,2,71.7,1,3.1,0
S5479,Business Administration,4,79.2,25,324.0,69.7,2,74.3,1,4.6,0
S5480,Artificial Intelligence,6,100.0,20,242.0,83.7,0,83.9,0,2.6,0
S5481,Data Science,1,86.2,19,270.0,74.2,2,72.2,3,4.7,0
S5482,Data Science,4,74.3,23,310.0,83.1,2,74.3,2,3.9,0
S5483,Data Science,2,76.5,22,553.0,61.2,0,100.0,0,4.1,0
S5484,Business Administration,4,64.7,9,423.0,80.8,1,81.4,0,2.9,0
S5485,Information Technology,2,68.4,13,407.0,84.2,1,57.9,0,2.7,0
S5486,Artificial Intelligence,3,66.5,18,281.0,55.3,1,68.5,1,4.8,0
S5487,Data Science,1,85.2,14,240.0,53.4,1,81.8,0,2.7,0
S5488,Information Technology,1,87.4,25,276.0,92.4,2,59.6,0,2.7,0
S5489,Artificial Intelligence,7,82.9,19,419.0,80.4,0,78.8,1,2.4,0
S5490,Artificial Intelligence,6,86.4,14,495.0,59.7,1,40.6,0,2.4,0
S5491,Data Science,8,72.8,12,198.0,70.5,1,74.0,2,3.6,0
S5492,Data Science,6,68.2,16,24.0,86.5,0,66.7,0,4.6,1
S5493,Business Administration,5,68.1,20,270.0,61.4,0,61.6,1,3.6,0
S5494,Information Technology,3,67.6,15,427.0,100.0,1,49.5,3,3.9,0
S5495,Information Technology,7,86.3,17,232.0,88.1,1,80.5,0,4.2,0
S5496,Data Science,6,100.0,20,354.0,92.9,2,77.8,1,1.6,0
S5497,Artificial Intelligence,2,69.4,18,165.0,81.1,0,65.2,0,3.7,0
S5498,Data Science,3,77.9,21,265.0,89.0,2,64.0,0,3.8,0
S5499,Artificial Intelligence,1,84.4,14,205.0,100.0,1,68.0,1,2.4,0
S5500,Artificial Intelligence,8,78.7,16,282.0,70.1,0,51.4,2,4.1,0
S5501,Data Science,8,86.0,24,324.0,71.0,1,93.5,0,3.1,0
S5502,Computer Science,2,75.1,14,383.0,100.0,1,71.5,1,3.4,0
S5503,Information Technology,7,73.8,15,250.0,100.0,2,41.6,1,5.0,0
S5504,Artificial Intelligence,7,79.8,27,164.0,74.9,0,100.0,2,4.3,0
S5505,Artificial Intelligence,3,85.9,22,118.0,63.9,1,69.0,2,4.0,1
S5506,Computer Science,1,97.4,13,430.0,70.5,1,82.4,3,3.8,0
S5507,Business Administration,6,86.5,24,202.0,100.0,1,71.2,2,2.8,1
S5508,Computer Science,2,79.0,21,362.0,79.6,3,71.4,1,3.1,0
S5509,Computer Science,2,92.0,14,109.0,97.0,1,56.7,1,3.6,1
S5510,Artificial Intelligence,1,94.0,23,488.0,82.3,1,100.0,0,2.7,0
S5511,Information Technology,2,78.4,24,634.0,83.8,0,60.0,0,2.8,0
S5512,Computer Science,8,80.2,16,340.0,88.7,3,59.3,1,3.0,1
S5513,Business Administration,6,76.9,12,265.0,75.8,0,63.0,0,5.0,0
S5514,Data Science,6,91.9,19,473.0,73.4,2,65.1,3,4.4,0
S5515,Computer Science,6,82.9,18,240.0,100.0,1,66.1,2,3.6,0
S5516,Computer Science,1,65.1,21,306.0,74.1,2,68.9,0,2.6,0
S5517,Business Administration,4,86.9,14,0.0,87.5,0,57.4,0,3.6,1
S5518,Information Technology,4,99.9,21,291.0,97.4,1,73.2,0,3.4,0
S5519,Computer Science,7,100.0,23,439.0,88.3,1,82.8,1,4.9,0
S5520,Computer Science,7,76.3,14,245.0,91.7,4,51.5,0,4.7,1
S5521,Information Technology,8,73.6,14,247.0,48.7,2,100.0,1,2.8,1
S5522,Business Administration,2,100.0,15,248.0,82.2,4,36.4,2,4.1,1
S5523,Computer Science,6,100.0,14,536.0,100.0,1,66.3,0,3.0,0
S5524,Information Technology,2,87.6,9,327.0,100.0,3,61.4,2,2.7,1
S5525,Computer Science,1,61.5,14,305.0,99.0,0,75.2,1,4.5,0
S5526,Data Science,2,74.7,21,251.0,82.7,0,66.9,2,3.7,0
S5527,Artificial Intelligence,5,68.9,20,423.0,88.6,2,53.5,2,5.0,0
S5528,Data Science,4,100.0,14,203.0,91.1,1,74.6,3,3.3,1
S5529,Computer Science,2,63.7,16,451.0,41.3,0,78.2,0,2.8,0
S5530,Business Administration,2,100.0,20,286.0,57.2,3,69.2,0,2.9,1
S5531,Artificial Intelligence,3,80.7,19,441.0,80.6,0,61.5,1,3.5,0
S5532,Data Science,8,67.6,28,256.0,76.6,3,95.3,1,2.6,1
S5533,Information Technology,2,93.8,10,398.0,71.2,0,100.0,0,3.2,0
S5534,Business Administration,5,89.6,13,365.0,85.0,1,52.2,0,2.6,0
S5535,Data Science,4,66.8,14,293.0,87.1,0,91.1,0,2.9,0
S5536,Information Technology,3,81.7,14,464.0,50.4,0,85.7,1,2.9,0
S5537,Computer Science,8,98.5,25,456.0,53.3,1,83.5,0,3.9,0
S5538,Information Technology,1,77.1,26,223.0,70.5,2,42.2,0,3.2,0
S5539,Data Science,7,100.0,14,214.0,88.1,1,70.1,2,3.3,1
S5540,Data Science,1,73.1,14,271.0,74.3,1,93.4,1,3.0,0
S5541,Computer Science,4,62.5,11,264.0,68.3,3,49.2,1,2.3,1
S5542,Information Technology,7,82.5,20,425.0,100.0,1,75.6,0,2.9,0
S5543,Information Technology,1,64.5,22,343.0,90.0,1,57.4,1,4.7,0
S5544,Computer Science,8,83.5,30,192.0,74.8,2,91.6,2,2.4,1
S5545,Information Technology,5,82.1,10,198.0,100.0,0,95.5,1,3.2,0
S5546,Computer Science,2,72.9,18,314.0,79.8,0,81.4,0,2.7,0
S5547,Business Administration,4,100.0,18,404.0,95.2,2,68.2,1,3.8,0
S5548,Data Science,7,82.0,19,488.0,60.7,0,66.4,3,3.0,0
S5549,Business Administration,3,92.4,21,321.0,52.8,1,65.9,2,3.6,0
S5550,Artificial Intelligence,2,93.1,19,285.0,63.5,1,65.3,1,4.4,0
S5551,Artificial Intelligence,1,100.0,12,273.0,87.7,0,66.9,1,3.4,0
S5552,Artificial Intelligence,1,67.5,20,213.0,75.7,4,83.5,1,3.0,1
S5553,Computer Science,3,60.9,16,291.0,74.9,2,58.0,2,4.6,0
S5554,Information Technology,5,100.0,15,242.0,82.2,2,82.8,0,3.2,0
S5555,Business Administration,8,89.0,16,251.0,80.7,0,100.0,0,4.0,0
S5556,Business Administration,8,83.5,24,371.0,100.0,2,73.0,2,3.1,0
S5557,Business Administration,3,80.4,14,127.0,68.0,2,79.4,1,4.0,1
S5558,Business Administration,4,78.3,22,70.0,52.4,0,42.7,1,4.1,1
S5559,Artificial Intelligence,3,92.3,21,186.0,100.0,0,75.0,2,4.8,0
S5560,Business Administration,1,64.7,13,395.0,69.6,3,64.8,2,3.2,1
S5561,Information Technology,5,87.7,14,342.0,99.7,2,87.7,0,4.4,0
S5562,Artificial Intelligence,5,94.4,16,413.0,85.3,0,93.0,0,4.1,0
S5563,Business Administration,6,90.9,21,102.0,100.0,1,73.6,1,3.3,1
S5564,Computer Science,3,81.1,13,361.0,66.8,2,58.0,0,2.7,0
S5565,Data Science,4,82.0,19,127.0,93.7,1,58.0,0,2.2,1
S5566,Data Science,1,97.4,23,170.0,72.9,3,41.6,5,3.3,1
S5567,Data Science,2,89.0,18,144.0,66.0,2,62.1,3,3.1,1
S5568,Artificial Intelligence,8,100.0,16,164.0,100.0,0,60.1,0,3.6,0
S5569,Business Administration,8,61.1,18,617.0,64.6,3,89.5,1,2.9,0
S5570,Artificial Intelligence,8,92.9,19,364.0,63.8,1,90.9,2,4.0,0
S5571,Information Technology,5,72.3,15,78.0,57.9,3,100.0,0,3.3,1
S5572,Computer Science,8,81.1,20,111.0,69.9,3,57.6,2,3.6,1
S5573,Computer Science,3,98.5,13,310.0,80.9,1,58.1,0,2.3,0
S5574,Data Science,6,70.0,15,320.0,75.1,1,53.7,2,3.5,0
S5575,Data Science,4,100.0,18,224.0,85.0,2,95.3,0,4.2,0
S5576,Data Science,4,95.3,15,503.0,49.6,2,80.7,2,3.3,0
S5577,Business Administration,7,89.0,21,193.0,77.3,0,95.4,1,2.1,1
S5578,Information Technology,8,70.8,20,412.0,52.3,1,75.4,1,3.2,0
S5579,Information Technology,1,79.8,20,398.0,70.1,2,89.0,1,4.3,0
S5580,Information Technology,5,77.7,17,588.0,73.7,1,64.2,0,2.4,0
S5581,Information Technology,1,67.2,9,594.0,77.4,3,70.8,0,1.3,0
S5582,Data Science,8,95.1,16,383.0,84.5,0,58.1,0,3.4,0
S5583,Computer Science,6,77.1,23,304.0,55.3,2,70.1,1,2.4,1
S5584,Data Science,2,79.9,16,343.0,69.9,1,58.3,1,2.1,0
S5585,Information Technology,8,80.5,15,374.0,100.0,1,80.2,1,3.4,0
S5586,Data Science,2,79.4,15,77.0,76.6,1,69.4,0,4.7,0
S5587,Information Technology,2,88.4,18,120.0,74.5,1,75.1,0,3.0,1
S5588,Artificial Intelligence,4,74.5,20,417.0,43.4,0,87.8,0,2.2,0
S5589,Computer Science,5,94.2,16,464.0,81.0,3,70.3,0,1.6,0
S5590,Artificial Intelligence,8,74.8,14,478.0,49.4,1,64.9,2,3.7,0
S5591,Business Administration,1,81.7,14,274.0,33.3,2,54.1,0,3.7,0
S5592,Data Science,1,66.3,20,339.0,85.9,0,61.4,1,3.4,0
S5593,Business Administration,6,94.9,15,245.0,85.8,1,54.6,0,4.3,0
S5594,Data Science,2,97.9,12,521.0,48.9,3,87.9,0,4.2,0
S5595,Artificial Intelligence,5,90.6,11,253.0,52.7,2,70.5,1,2.6,1
S5596,Information Technology,5,84.0,17,206.0,63.9,1,86.1,0,4.4,0
S5597,Information Technology,6,81.6,20,281.0,100.0,0,70.0,1,3.6,0
S5598,Data Science,3,63.3,9,253.0,83.0,1,82.5,3,3.2,1
S5599,Information Technology,5,65.7,18,291.0,88.4,0,71.3,5,2.5,1
S5600,Artificial Intelligence,5,91.0,25,408.0,100.0,1,66.7,4,2.8,0
S5601,Information Technology,1,79.8,17,315.0,100.0,1,85.6,0,2.6,0
S5602,Artificial Intelligence,6,65.7,14,229.0,80.6,0,65.8,3,4.6,0
S5603,Business Administration,8,65.1,9,222.0,86.2,0,71.3,0,3.1,0
S5604,Artificial Intelligence,5,89.6,24,236.0,78.3,3,85.9,0,3.5,0
S5605,Computer Science,5,92.5,19,67.0,42.5,0,39.6,1,1.8,1
S5606,Computer Science,1,63.6,10,408.0,83.2,0,68.1,2,2.5,0
S5607,Computer Science,8,83.8,26,374.0,68.2,0,97.8,2,2.9,0
S5608,Data Science,8,86.7,16,487.0,25.3,1,92.3,2,5.0,0
S5609,Data Science,5,75.0,14,346.0,64.0,0,78.8,0,3.3,0
S5610,Data Science,1,96.9,17,119.0,69.1,1,58.8,1,3.2,1
S5611,Artificial Intelligence,3,77.9,15,318.0,94.5,0,86.0,0,2.4,0
S5612,Data Science,4,61.4,23,322.0,75.2,1,56.5,2,3.0,0
S5613,Business Administration,7,79.7,17,389.0,64.5,0,77.2,0,3.0,0
S5614,Computer Science,1,98.4,20,516.0,54.2,2,82.2,0,4.4,0
S5615,Artificial Intelligence,1,77.9,15,152.0,73.8,3,95.3,2,1.6,1
S5616,Computer Science,5,69.4,13,368.0,80.6,1,79.1,0,2.1,0
S5617,Data Science,1,89.5,17,280.0,87.9,2,76.5,0,3.6,0
S5618,Artificial Intelligence,6,85.1,17,608.0,92.6,1,66.1,0,4.1,0
S5619,Information Technology,2,82.0,12,406.0,52.2,1,55.4,1,2.7,1
S5620,Business Administration,2,87.7,23,268.0,82.4,3,55.4,1,4.4,0
S5621,Data Science,3,73.7,31,463.0,74.9,3,68.4,1,3.4,0
S5622,Data Science,8,74.8,20,271.0,73.3,1,84.5,0,2.6,1
S5623,Business Administration,1,90.7,26,382.0,81.6,4,40.0,1,2.5,0
S5624,Business Administration,8,70.4,21,254.0,100.0,3,78.5,1,3.7,0
S5625,Information Technology,6,100.0,16,309.0,72.6,1,89.8,0,3.9,0
S5626,Data Science,5,96.8,16,453.0,79.8,2,67.2,1,1.5,0
S5627,Data Science,5,68.3,12,256.0,60.0,1,20.0,1,3.0,1
S5628,Computer Science,7,99.7,22,0.0,58.0,1,61.1,0,2.2,1
S5629,Artificial Intelligence,4,83.8,21,209.0,57.2,1,63.5,1,3.5,1
S5630,Artificial Intelligence,3,98.6,17,478.0,49.2,0,63.9,1,3.4,0
S5631,Computer Science,6,83.6,20,490.0,65.9,0,47.0,1,3.2,0
S5632,Artificial Intelligence,8,79.9,17,214.0,100.0,7,63.1,1,5.0,1
S5633,Business Administration,6,78.6,21,109.0,63.6,1,87.8,1,4.7,1
S5634,Artificial Intelligence,7,52.6,18,244.0,71.8,2,38.0,0,3.8,1
S5635,Artificial Intelligence,7,93.1,14,416.0,52.4,3,65.7,1,2.7,0
S5636,Computer Science,5,73.5,12,274.0,74.0,4,65.0,0,2.8,1
S5637,Information Technology,8,93.5,19,61.0,58.4,1,73.5,2,4.5,1
S5638,Artificial Intelligence,4,100.0,22,368.0,71.8,0,82.6,1,2.4,0
S5639,Artificial Intelligence,5,75.1,19,424.0,71.6,1,66.8,1,3.7,0
S5640,Information Technology,4,74.4,12,490.0,75.8,1,93.3,0,5.0,0
S5641,Computer Science,2,94.1,15,53.0,97.9,2,58.4,0,2.1,1
S5642,Information Technology,6,76.4,16,437.0,100.0,1,95.1,1,4.4,0
S5643,Computer Science,7,97.8,11,322.0,100.0,0,65.3,0,4.0,0
S5644,Business Administration,2,73.7,18,221.0,79.9,2,52.2,4,3.8,1
S5645,Computer Science,8,99.3,13,102.0,81.1,3,47.5,0,3.7,1
S5646,Business Administration,5,78.3,17,77.0,79.7,0,78.5,1,3.7,1
S5647,Business Administration,3,86.0,20,208.0,91.8,1,57.0,0,3.9,0
S5648,Computer Science,1,93.8,16,202.0,65.6,4,74.1,1,3.0,1
S5649,Data Science,3,88.1,19,287.0,59.7,1,79.5,0,3.9,0
S5650,Computer Science,3,94.8,21,478.0,41.9,0,54.3,1,3.1,0
S5651,Artificial Intelligence,1,64.5,16,292.0,94.0,0,77.5,1,2.8,0
S5652,Artificial Intelligence,6,77.1,19,115.0,82.0,1,48.4,0,3.2,1
S5653,Data Science,2,82.8,15,178.0,63.2,1,53.6,0,3.3,0
S5654,Business Administration,2,72.8,21,340.0,100.0,1,78.3,1,4.9,0
S5655,Data Science,6,93.6,18,210.0,66.1,1,78.5,2,4.4,0
S5656,Artificial Intelligence,1,75.9,18,286.0,100.0,2,68.1,1,3.6,0
S5657,Data Science,4,72.8,16,438.0,62.3,3,60.9,1,2.4,0
S5658,Computer Science,3,93.3,17,378.0,81.3,1,69.4,0,2.8,0
S5659,Data Science,5,69.5,10,234.0,85.9,2,75.6,0,4.8,0
S5660,Business Administration,2,70.0,20,182.0,68.4,4,60.7,0,2.5,1
S5661,Computer Science,6,88.1,10,536.0,54.8,3,56.4,1,4.0,0
S5662,Information Technology,5,98.1,12,216.0,78.6,1,67.4,0,3.0,0
S5663,Artificial Intelligence,7,83.9,22,587.0,64.0,1,88.5,1,4.0,0
S5664,Artificial Intelligence,1,62.6,19,494.0,49.5,0,54.5,0,3.6,0
S5665,Data Science,5,90.2,17,289.0,45.3,0,76.2,0,3.6,0
S5666,Computer Science,8,74.9,21,154.0,81.4,2,90.9,0,2.6,1
S5667,Information Technology,5,95.4,15,305.0,36.6,1,61.1,2,3.8,1
S5668,Computer Science,8,77.4,18,458.0,72.7,3,91.0,2,3.5,0
S5669,Artificial Intelligence,3,95.7,11,254.0,91.6,1,28.7,0,3.3,0
S5670,Computer Science,1,77.0,13,142.0,50.8,2,54.8,1,2.9,1
S5671,Information Technology,5,73.7,14,233.0,53.7,0,82.4,2,3.1,1
S5672,Data Science,2,59.0,17,347.0,83.6,2,48.1,0,2.7,0
S5673,Business Administration,1,74.1,19,357.0,30.2,0,81.0,0,3.2,0
S5674,Computer Science,2,84.1,25,310.0,76.7,4,73.8,2,3.9,0
S5675,Business Administration,6,83.2,17,244.0,69.1,1,84.3,1,2.3,1
S5676,Artificial Intelligence,6,89.3,16,285.0,100.0,3,47.2,1,3.5,0
S5677,Data Science,7,96.9,22,245.0,100.0,0,78.5,0,3.0,0
S5678,Data Science,4,82.3,19,316.0,83.9,1,63.9,0,4.5,0
S5679,Computer Science,6,82.8,18,332.0,65.3,2,84.1,1,3.2,0
S5680,Data Science,5,95.4,15,271.0,79.4,1,58.2,1,3.4,0
S5681,Computer Science,1,84.8,16,199.0,93.7,1,61.4,1,3.8,0
S5682,Computer Science,6,70.9,23,450.0,90.5,1,83.7,0,4.9,0
S5683,Business Administration,2,75.7,19,336.0,35.5,0,71.8,1,3.8,0
S5684,Data Science,5,56.4,17,386.0,51.4,2,78.2,0,5.0,0
S5685,Computer Science,6,70.8,27,211.0,91.5,5,74.4,1,4.4,0
S5686,Business Administration,8,61.7,17,289.0,54.8,3,85.4,0,3.4,0
S5687,Information Technology,8,86.2,21,208.0,84.0,2,60.6,0,1.3,1
S5688,Business Administration,3,96.5,14,470.0,92.6,3,55.2,0,2.9,0
S5689,Business Administration,2,70.7,27,170.0,88.6,1,56.0,0,4.0,1
S5690,Computer Science,7,71.2,20,179.0,86.6,0,39.9,0,2.5,1
S5691,Artificial Intelligence,7,93.3,15,308.0,69.1,1,70.2,3,1.9,1
S5692,Artificial Intelligence,7,76.6,9,160.0,53.0,0,62.2,2,3.7,1
S5693,Artificial Intelligence,2,85.1,18,469.0,100.0,1,65.7,0,2.2,0
S5694,Business Administration,7,90.9,12,131.0,43.0,1,41.7,0,3.6,1
S5695,Computer Science,4,73.5,15,271.0,80.0,2,70.3,0,3.3,0
S5696,Data Science,3,73.7,22,250.0,67.7,1,62.8,1,2.3,0
S5697,Business Administration,4,75.9,21,336.0,100.0,2,81.4,4,5.0,0
S5698,Business Administration,8,63.4,24,204.0,78.5,0,69.6,0,3.0,0
S5699,Computer Science,6,87.8,16,331.0,62.2,5,63.8,1,4.3,1
S5700,Information Technology,3,89.2,17,197.0,69.4,2,76.3,1,4.5,0
S5701,Business Administration,2,83.0,20,179.0,93.9,1,63.4,1,2.9,1
S5702,Information Technology,4,98.3,24,273.0,97.1,1,76.7,4,5.0,0
S5703,Information Technology,5,78.9,30,287.0,89.6,2,77.9,1,2.8,0
S5704,Artificial Intelligence,3,89.4,17,266.0,79.8,1,64.0,3,3.4,1
S5705,Computer Science,2,87.8,17,253.0,60.4,1,63.6,0,3.7,0
S5706,Information Technology,1,72.4,21,464.0,64.7,1,89.4,0,2.4,0
S5707,Computer Science,3,95.9,17,336.0,86.2,2,66.6,0,3.4,0
S5708,Artificial Intelligence,3,83.5,22,329.0,96.1,2,53.0,3,4.0,0
S5709,Computer Science,6,93.7,21,429.0,51.2,2,72.5,3,3.8,0
S5710,Business Administration,5,66.4,18,137.0,47.1,0,84.9,0,4.6,0
S5711,Information Technology,6,83.3,21,549.0,74.1,2,66.3,2,2.6,0
S5712,Computer Science,7,76.5,21,99.0,82.0,2,59.6,2,3.3,1
S5713,Data Science,3,71.8,19,448.0,80.8,2,78.3,1,3.1,0
S5714,Computer Science,8,98.9,12,98.0,87.5,3,73.4,2,2.8,1
S5715,Information Technology,3,84.3,20,292.0,68.2,0,63.3,1,3.3,0
S5716,Artificial Intelligence,7,64.3,29,226.0,100.0,4,74.1,2,3.7,1
S5717,Artificial Intelligence,5,76.0,28,483.0,100.0,3,64.8,0,2.9,0
S5718,Information Technology,5,93.3,11,393.0,87.4,3,100.0,1,2.9,0
S5719,Business Administration,8,71.8,13,266.0,68.6,3,74.7,3,3.8,1
S5720,Business Administration,8,70.5,31,364.0,27.6,2,85.9,2,4.5,0
S5721,Artificial Intelligence,4,80.2,16,334.0,65.8,1,65.2,1,4.4,0
S5722,Artificial Intelligence,2,87.6,24,384.0,80.3,1,87.0,1,3.9,0
S5723,Information Technology,2,73.3,21,276.0,89.3,3,67.9,1,2.6,1
S5724,Business Administration,4,86.7,22,217.0,71.5,1,77.1,2,2.7,1
S5725,Artificial Intelligence,2,82.4,9,39.0,75.9,4,81.3,1,3.0,1
S5726,Business Administration,3,83.9,18,259.0,100.0,1,72.5,0,3.1,0
S5727,Artificial Intelligence,4,53.1,19,316.0,58.1,2,60.9,2,3.7,0
S5728,Computer Science,4,82.2,16,180.0,47.8,0,59.5,1,3.0,1
S5729,Data Science,2,79.0,17,291.0,34.7,3,54.3,3,3.8,1
S5730,Computer Science,1,86.7,18,434.0,95.0,1,32.7,0,2.7,0
S5731,Artificial Intelligence,8,74.2,25,311.0,53.8,3,82.1,1,4.4,0
S5732,Data Science,2,77.5,15,211.0,71.5,1,64.0,1,3.4,1
S5733,Data Science,6,88.4,15,411.0,92.6,2,81.1,5,3.9,0
S5734,Artificial Intelligence,1,99.3,9,326.0,100.0,2,54.7,3,3.5,0
S5735,Artificial Intelligence,4,66.1,25,323.0,78.8,1,68.1,3,2.5,1
S5736,Business Administration,1,88.2,18,249.0,59.8,2,68.2,1,4.1,0
S5737,Artificial Intelligence,3,96.6,23,149.0,84.1,2,61.6,0,2.8,1
S5738,Information Technology,5,90.3,17,329.0,58.8,4,83.5,5,3.1,1
S5739,Artificial Intelligence,1,95.8,15,344.0,76.6,3,82.0,3,2.0,1
S5740,Information Technology,6,75.5,19,214.0,52.7,0,64.5,1,2.9,1
S5741,Artificial Intelligence,5,96.8,17,319.0,62.8,1,83.6,0,2.9,0
S5742,Business Administration,3,73.3,24,412.0,100.0,1,83.2,3,3.0,0
S5743,Information Technology,6,82.7,22,178.0,97.2,1,84.7,2,3.7,1
S5744,Computer Science,7,76.0,13,351.0,65.7,2,89.7,0,3.7,0
S5745,Information Technology,5,76.5,22,288.0,69.9,1,80.2,2,5.0,0
S5746,Business Administration,7,61.3,16,415.0,90.9,3,83.5,2,4.2,0
S5747,Information Technology,3,58.3,19,429.0,70.5,1,65.8,1,5.0,0
S5748,Artificial Intelligence,5,96.1,10,307.0,99.8,0,64.8,2,2.6,0
S5749,Artificial Intelligence,5,60.4,17,300.0,49.6,4,69.2,0,3.5,0
S5750,Business Administration,2,85.0,14,273.0,76.7,3,66.5,2,4.7,0
S5751,Data Science,6,66.4,17,173.0,63.5,2,74.7,1,3.7,1
S5752,Artificial Intelligence,8,71.8,15,347.0,82.6,2,69.4,2,3.6,0
S5753,Computer Science,6,90.2,20,307.0,80.1,1,67.4,0,4.0,0
S5754,Business Administration,1,83.9,21,209.0,78.4,1,95.3,3,2.4,1
S5755,Information Technology,7,80.5,24,64.0,85.6,3,89.4,0,4.6,0
S5756,Information Technology,7,95.7,10,366.0,82.9,1,89.6,1,2.7,0
S5757,Computer Science,6,78.5,12,257.0,57.4,2,55.9,0,3.0,0
S5758,Artificial Intelligence,6,96.8,8,382.0,75.9,2,70.3,2,2.8,0
S5759,Business Administration,5,69.2,11,136.0,76.0,3,75.0,1,3.6,1
S5760,Computer Science,7,67.7,19,309.0,77.1,2,73.0,0,3.8,0
S5761,Artificial Intelligence,4,80.3,23,296.0,100.0,0,47.7,0,3.1,0
S5762,Business Administration,8,82.0,10,275.0,78.5,2,71.8,0,2.5,0
S5763,Information Technology,2,71.7,17,490.0,100.0,2,59.4,0,2.5,0
S5764,Business Administration,8,78.7,20,319.0,42.8,3,77.1,0,3.0,0
S5765,Data Science,1,98.4,21,92.0,67.4,1,64.7,3,4.1,1
S5766,Business Administration,8,77.3,14,252.0,73.4,2,45.8,3,1.8,1
S5767,Data Science,2,58.8,12,106.0,100.0,2,75.2,1,4.8,0
S5768,Business Administration,1,61.1,20,470.0,38.5,0,54.9,0,2.9,0
S5769,Data Science,3,100.0,19,330.0,95.4,0,89.6,0,3.8,0
S5770,Information Technology,5,99.4,15,281.0,87.6,1,56.4,1,3.7,0
S5771,Artificial Intelligence,6,76.8,23,131.0,87.7,5,49.2,2,3.0,1
S5772,Data Science,6,91.7,13,321.0,74.3,1,67.8,3,3.9,0
S5773,Data Science,4,85.1,19,426.0,80.8,0,77.6,3,1.8,0
S5774,Information Technology,8,97.2,20,371.0,77.0,1,28.4,2,3.5,0
S5775,Data Science,7,69.1,19,366.0,65.7,1,85.1,0,1.9,1
S5776,Computer Science,7,69.5,16,472.0,94.2,0,52.6,1,3.6,0
S5777,Information Technology,2,97.8,7,483.0,79.4,0,90.3,0,4.1,0
S5778,Computer Science,2,64.1,17,313.0,63.9,3,50.5,0,2.8,1
S5779,Information Technology,2,82.8,18,371.0,85.4,1,53.9,1,5.0,0
S5780,Data Science,7,81.5,27,506.0,74.2,0,61.7,3,4.2,0
S5781,Computer Science,6,91.4,17,179.0,69.9,1,94.1,1,4.2,0
S5782,Data Science,7,83.7,20,357.0,47.5,1,98.8,0,3.4,0
S5783,Information Technology,2,80.4,11,177.0,68.6,1,56.2,0,3.2,0
S5784,Data Science,5,77.4,22,255.0,67.7,0,47.9,1,4.5,0
S5785,Computer Science,1,70.1,12,461.0,83.5,3,95.3,1,5.0,0
S5786,Computer Science,6,80.0,20,199.0,71.1,3,39.7,0,2.8,1
S5787,Data Science,5,96.0,20,431.0,100.0,1,54.9,2,3.1,0
S5788,Business Administration,3,78.6,24,227.0,50.4,2,73.0,0,3.8,0
S5789,Information Technology,8,98.9,27,432.0,55.6,0,62.4,2,4.6,0
S5790,Information Technology,5,90.8,15,476.0,68.3,1,53.2,0,2.7,0
S5791,Data Science,8,87.7,19,191.0,84.6,5,41.5,0,2.5,1
S5792,Business Administration,5,80.1,17,377.0,72.1,1,54.7,0,2.3,0
S5793,Computer Science,3,74.5,17,433.0,67.0,1,72.8,2,4.2,0
S5794,Artificial Intelligence,5,100.0,23,248.0,56.5,1,69.5,0,4.2,0
S5795,Artificial Intelligence,1,91.5,26,368.0,85.7,1,50.5,3,2.3,1
S5796,Data Science,6,80.3,19,157.0,100.0,3,73.7,1,4.9,0
S5797,Business Administration,8,100.0,22,563.0,58.9,1,75.7,1,2.3,0
S5798,Business Administration,4,89.5,18,211.0,88.3,2,38.5,0,2.8,1
S5799,Information Technology,7,65.0,15,265.0,100.0,0,62.1,2,2.3,1
S5800,Computer Science,3,76.9,17,284.0,80.5,1,39.1,0,4.1,0
S5801,Business Administration,8,90.7,21,310.0,84.1,1,93.4,0,4.6,0
S5802,Artificial Intelligence,6,100.0,22,354.0,76.5,2,77.7,2,4.3,0
S5803,Computer Science,2,100.0,10,352.0,100.0,0,65.3,0,3.4,0
S5804,Computer Science,8,82.3,15,167.0,92.4,0,44.4,1,3.6,1
S5805,Data Science,1,89.4,21,150.0,98.5,1,55.3,1,3.4,1
S5806,Business Administration,4,74.7,14,504.0,75.7,2,65.1,1,3.6,0
S5807,Data Science,1,71.4,12,439.0,90.2,6,88.3,1,3.9,0
S5808,Business Administration,8,61.8,21,144.0,76.7,3,75.4,2,3.3,1
S5809,Information Technology,1,86.7,22,348.0,91.9,1,71.9,2,3.0,0
S5810,Data Science,2,97.2,19,398.0,70.7,1,68.5,0,4.1,0
S5811,Data Science,4,91.3,14,548.0,99.0,1,75.8,2,2.1,0
S5812,Artificial Intelligence,7,83.0,20,243.0,87.8,3,90.2,0,4.1,0
S5813,Data Science,1,96.7,21,423.0,69.8,0,39.9,0,4.9,0
S5814,Business Administration,2,100.0,16,387.0,93.8,3,74.3,3,3.1,0
S5815,Artificial Intelligence,3,72.0,18,217.0,72.3,0,71.0,1,3.3,1
S5816,Data Science,2,52.9,24,259.0,55.8,0,71.6,1,3.4,0
S5817,Data Science,5,86.1,23,210.0,73.0,0,78.5,3,3.5,1
S5818,Information Technology,8,95.0,14,343.0,73.1,1,78.6,1,3.6,0
S5819,Data Science,6,63.4,15,115.0,57.2,0,71.9,4,3.4,1
S5820,Computer Science,8,92.0,11,274.0,87.0,1,64.8,0,3.1,0
S5821,Artificial Intelligence,8,78.0,23,257.0,85.6,1,73.4,1,3.8,0
S5822,Computer Science,2,86.0,20,55.0,77.7,1,63.5,0,4.2,1
S5823,Artificial Intelligence,2,71.0,20,337.0,92.7,0,72.9,1,3.1,0
S5824,Information Technology,2,70.2,16,381.0,71.4,0,77.0,1,2.7,0
S5825,Data Science,8,68.7,24,126.0,51.2,0,52.8,1,4.4,1
S5826,Data Science,7,90.0,14,300.0,66.3,1,81.3,2,3.6,0
S5827,Data Science,1,74.5,18,135.0,63.0,1,78.4,0,2.2,1
S5828,Artificial Intelligence,7,85.2,16,315.0,71.4,1,41.3,0,4.3,0
S5829,Data Science,4,82.4,17,440.0,79.8,0,40.1,0,2.6,0
S5830,Computer Science,2,67.8,12,239.0,100.0,4,80.6,2,3.2,1
S5831,Data Science,2,82.9,20,265.0,50.3,5,46.3,4,3.3,1
S5832,Information Technology,5,84.8,19,554.0,94.0,5,58.1,0,3.0,0
S5833,Computer Science,5,94.8,13,211.0,59.9,0,59.2,0,4.1,0
S5834,Data Science,3,99.9,21,188.0,86.3,0,67.4,1,4.7,0
S5835,Data Science,3,69.8,21,299.0,66.5,0,78.0,3,4.2,0
S5836,Business Administration,5,86.3,23,590.0,82.2,2,85.2,0,4.0,0
S5837,Artificial Intelligence,4,55.4,18,330.0,100.0,1,60.7,0,3.2,0
S5838,Computer Science,3,92.2,17,221.0,51.3,0,80.1,3,5.0,0
S5839,Business Administration,6,95.2,25,371.0,83.6,1,76.4,1,3.9,0
S5840,Information Technology,6,49.9,16,389.0,84.4,1,69.0,0,4.4,0
S5841,Artificial Intelligence,4,77.9,10,373.0,96.4,1,74.0,0,3.0,0
S5842,Computer Science,5,71.2,14,394.0,79.3,1,64.3,1,4.9,0
S5843,Data Science,3,77.9,14,412.0,100.0,1,65.8,0,1.9,0
S5844,Computer Science,2,75.5,21,285.0,99.3,1,75.9,3,2.0,1
S5845,Data Science,5,81.5,19,285.0,89.4,1,49.6,0,4.2,0
S5846,Artificial Intelligence,3,93.8,13,401.0,84.6,1,53.7,1,2.3,0
S5847,Data Science,4,78.2,25,7.0,88.7,1,75.1,1,3.0,1
S5848,Information Technology,6,70.2,20,0.0,80.5,0,81.3,0,3.4,1
S5849,Data Science,8,79.6,19,228.0,80.6,2,74.8,2,3.5,1
S5850,Information Technology,4,79.0,22,259.0,50.7,1,62.4,0,5.0,0
S5851,Artificial Intelligence,8,81.0,17,383.0,88.5,1,67.3,2,3.5,0
S5852,Artificial Intelligence,3,74.5,24,242.0,88.3,3,47.2,1,2.4,1
S5853,Computer Science,4,86.4,9,441.0,84.4,1,72.7,0,3.6,0
S5854,Information Technology,3,97.5,17,317.0,84.8,0,55.8,0,3.0,0
S5855,Information Technology,3,66.8,17,206.0,91.7,3,49.8,1,3.3,1
S5856,Business Administration,8,87.4,17,452.0,86.3,1,89.1,1,3.7,0
S5857,Business Administration,4,93.5,25,333.0,79.6,2,69.6,2,4.2,0
S5858,Business Administration,1,76.8,17,144.0,84.0,3,53.8,1,3.9,1
S5859,Data Science,2,97.0,17,392.0,100.0,1,56.6,1,3.6,0
S5860,Business Administration,5,81.3,17,392.0,100.0,0,70.0,2,4.4,0
S5861,Information Technology,6,68.5,18,147.0,60.3,1,48.8,2,3.8,1
S5862,Data Science,2,66.7,21,313.0,70.9,1,87.2,2,3.9,0
S5863,Artificial Intelligence,5,91.4,19,373.0,95.1,3,34.9,0,2.0,0
S5864,Computer Science,5,90.3,16,100.0,88.1,2,63.9,0,4.8,0
S5865,Business Administration,6,100.0,14,427.0,66.5,1,67.7,1,2.9,0
S5866,Artificial Intelligence,2,90.0,14,217.0,79.1,1,63.0,2,2.9,1
S5867,Information Technology,6,80.8,16,196.0,92.2,3,79.3,2,3.8,1
S5868,Computer Science,3,87.8,13,266.0,100.0,0,73.2,0,2.8,0
S5869,Artificial Intelligence,6,82.9,14,384.0,100.0,3,62.2,2,2.9,0
S5870,Computer Science,8,78.0,17,420.0,45.3,1,57.4,1,4.9,0
S5871,Business Administration,8,75.4,23,500.0,93.3,2,58.3,0,4.8,0
S5872,Information Technology,4,61.3,11,193.0,66.7,0,76.1,3,3.3,1
S5873,Computer Science,1,73.1,15,344.0,98.8,0,57.3,1,3.1,0
S5874,Artificial Intelligence,1,81.8,18,382.0,53.3,0,100.0,0,3.0,0
S5875,Business Administration,1,49.5,17,358.0,65.7,0,74.3,0,1.1,1
S5876,Business Administration,2,75.8,14,182.0,74.9,2,69.4,2,4.3,1
S5877,Artificial Intelligence,8,93.0,17,331.0,90.1,1,66.5,1,3.7,0
S5878,Artificial Intelligence,2,98.1,23,339.0,71.3,3,52.3,0,3.0,0
S5879,Computer Science,3,75.7,19,225.0,64.9,1,79.6,0,5.0,0
S5880,Data Science,7,75.2,11,358.0,47.2,2,50.2,0,2.0,1
S5881,Business Administration,1,73.4,17,325.0,66.0,1,92.8,1,4.7,0
S5882,Computer Science,3,75.3,19,138.0,90.2,0,82.7,1,2.6,1
S5883,Artificial Intelligence,8,95.7,14,376.0,100.0,0,77.9,1,5.0,0
S5884,Computer Science,7,100.0,27,314.0,59.2,2,79.9,0,4.7,0
S5885,Artificial Intelligence,1,61.7,17,73.0,60.9,1,72.8,1,2.5,1
S5886,Information Technology,2,72.3,17,264.0,64.7,0,70.0,0,4.0,1
S5887,Artificial Intelligence,7,59.6,17,315.0,75.9,1,63.3,3,3.9,1
S5888,Artificial Intelligence,4,81.7,11,214.0,81.5,1,64.9,1,3.0,1
S5889,Artificial Intelligence,4,76.1,21,337.0,72.5,1,59.2,1,4.3,0
S5890,Data Science,4,86.3,14,265.0,49.5,1,70.7,0,4.4,0
S5891,Artificial Intelligence,6,90.0,19,423.0,41.4,2,95.2,1,4.0,0
S5892,Business Administration,4,88.6,9,333.0,69.1,1,75.4,0,3.0,0
S5893,Business Administration,5,62.2,16,528.0,87.6,1,50.4,1,4.9,0
S5894,Computer Science,1,81.7,19,127.0,78.1,1,86.9,1,3.0,1
S5895,Data Science,4,61.7,16,338.0,100.0,2,50.7,1,3.3,0
S5896,Computer Science,7,100.0,16,302.0,50.7,2,86.7,2,3.5,0
S5897,Business Administration,8,77.7,15,350.0,79.8,0,72.5,2,3.8,0
S5898,Business Administration,5,65.6,17,457.0,100.0,0,71.7,0,3.2,0
S5899,Information Technology,5,75.5,8,128.0,72.6,4,85.1,0,3.3,1
S5900,Artificial Intelligence,5,84.5,14,373.0,55.0,3,90.2,1,2.3,1
S5901,Business Administration,3,90.8,16,340.0,29.3,1,63.6,1,1.9,1
S5902,Computer Science,7,97.6,21,191.0,72.3,1,40.8,1,4.1,0
S5903,Computer Science,3,82.8,10,443.0,68.8,1,79.3,1,4.2,0
S5904,Artificial Intelligence,5,78.0,14,307.0,66.3,2,53.1,1,5.0,0
S5905,Artificial Intelligence,6,90.2,8,211.0,83.4,2,56.2,0,3.7,1
S5906,Information Technology,4,89.9,24,351.0,100.0,1,72.5,1,2.7,0
S5907,Data Science,8,83.4,11,415.0,53.3,1,61.5,0,2.4,0
S5908,Computer Science,1,91.7,12,338.0,60.7,2,57.6,3,2.9,1
S5909,Artificial Intelligence,7,74.7,16,249.0,75.3,1,62.2,0,3.8,0
S5910,Computer Science,6,81.7,15,205.0,91.0,1,85.8,1,2.8,1
S5911,Artificial Intelligence,2,57.6,20,202.0,71.1,1,60.5,1,4.2,1
S5912,Business Administration,3,98.7,16,395.0,88.5,2,68.4,0,4.0,0
S5913,Computer Science,4,76.1,23,413.0,52.1,1,86.2,0,3.8,0
S5914,Business Administration,4,98.7,20,270.0,78.9,0,64.4,2,2.3,1
S5915,Computer Science,2,74.1,26,580.0,77.7,2,53.2,1,4.5,0
S5916,Data Science,2,85.6,18,271.0,100.0,2,63.8,2,5.0,0
S5917,Information Technology,7,82.7,12,291.0,98.4,2,37.7,1,2.6,1
S5918,Business Administration,4,74.8,23,253.0,80.1,0,69.7,1,3.1,0
S5919,Artificial Intelligence,2,87.8,25,286.0,60.9,2,62.5,3,2.6,1
S5920,Data Science,4,97.3,17,295.0,36.0,0,51.3,0,3.7,0
S5921,Computer Science,6,100.0,13,370.0,62.1,2,100.0,1,3.9,0
S5922,Business Administration,7,90.9,15,277.0,100.0,2,52.6,2,3.4,0
S5923,Computer Science,8,67.5,25,373.0,45.4,2,83.4,0,4.4,0
S5924,Computer Science,2,65.1,18,108.0,61.6,1,77.7,0,4.6,1
S5925,Computer Science,6,95.7,21,225.0,80.3,2,61.8,1,2.4,1
S5926,Information Technology,6,70.0,17,262.0,100.0,2,75.6,1,3.7,0
S5927,Information Technology,2,89.4,24,269.0,55.0,2,62.7,1,3.8,0
S5928,Artificial Intelligence,7,83.6,25,80.0,86.4,0,61.6,1,3.7,0
S5929,Business Administration,4,97.8,23,407.0,63.8,2,63.2,1,3.2,0
S5930,Data Science,8,88.1,13,124.0,56.1,1,79.5,1,3.7,1
S5931,Data Science,5,81.6,13,224.0,67.3,2,72.3,1,2.3,1
S5932,Data Science,4,100.0,15,297.0,77.2,2,72.2,1,4.7,0
S5933,Computer Science,1,91.9,22,545.0,55.2,4,42.2,2,3.3,0
S5934,Information Technology,2,88.7,24,294.0,98.1,0,73.7,1,3.0,0
S5935,Business Administration,3,73.8,16,354.0,100.0,0,51.4,1,2.2,0
S5936,Computer Science,7,68.2,25,122.0,65.2,1,51.8,1,4.9,0
S5937,Information Technology,2,78.9,17,200.0,92.0,3,67.1,2,5.0,1
S5938,Information Technology,1,64.0,26,217.0,50.5,1,92.8,4,3.6,1
S5939,Business Administration,6,78.1,19,236.0,74.7,3,75.4,0,2.4,1
S5940,Business Administration,3,91.6,22,422.0,93.1,1,48.8,2,3.3,0
S5941,Business Administration,3,93.8,15,234.0,90.9,3,100.0,1,3.4,1
S5942,Computer Science,4,77.9,19,373.0,80.6,1,52.9,2,2.9,0
S5943,Artificial Intelligence,5,100.0,13,208.0,99.6,4,84.3,2,3.8,1
S5944,Business Administration,4,97.3,15,266.0,64.7,4,89.2,0,4.1,0
S5945,Artificial Intelligence,7,81.6,16,12.0,79.6,1,70.7,1,3.5,1
S5946,Computer Science,3,95.7,18,291.0,78.9,0,48.9,0,2.2,0
S5947,Artificial Intelligence,8,75.0,18,298.0,85.6,1,70.1,1,3.1,0
S5948,Data Science,8,85.0,18,277.0,88.9,1,66.8,0,3.2,0
S5949,Artificial Intelligence,3,77.7,16,536.0,54.7,0,39.3,2,3.2,0
S5950,Business Administration,8,67.5,21,292.0,90.3,1,63.1,0,4.6,0
S5951,Computer Science,8,88.4,14,0.0,56.3,1,48.6,0,3.4,1
S5952,Business Administration,5,81.9,11,154.0,94.6,1,67.6,1,3.9,1
S5953,Data Science,7,82.8,13,295.0,100.0,2,78.7,1,4.8,0
S5954,Business Administration,2,81.7,15,290.0,69.0,1,65.2,0,3.5,0
S5955,Business Administration,5,71.2,14,202.0,61.1,0,85.8,2,3.5,1
S5956,Business Administration,6,100.0,18,177.0,100.0,1,75.3,1,3.6,0
S5957,Information Technology,4,85.0,18,466.0,76.8,1,54.3,1,4.8,0
S5958,Data Science,8,78.8,16,419.0,53.8,2,57.6,0,5.0,0
S5959,Business Administration,2,66.3,18,435.0,61.5,4,86.9,0,3.6,0
S5960,Business Administration,4,98.8,21,225.0,62.4,2,64.8,0,4.5,0
S5961,Business Administration,8,93.0,18,384.0,99.7,0,100.0,0,4.5,0
S5962,Computer Science,5,82.0,23,0.0,59.8,1,50.9,1,4.6,1
S5963,Information Technology,2,66.6,16,250.0,35.8,1,85.1,1,4.1,0
S5964,Computer Science,5,100.0,11,234.0,77.1,3,41.8,0,3.5,1
S5965,Information Technology,6,77.6,24,270.0,83.3,4,20.4,1,4.8,0
S5966,Business Administration,1,73.9,9,314.0,88.3,2,75.1,0,2.1,0
S5967,Data Science,3,81.4,20,279.0,29.2,2,34.8,0,3.0,1
S5968,Artificial Intelligence,7,86.5,19,165.0,74.7,2,87.9,3,4.5,1
S5969,Artificial Intelligence,2,80.0,13,211.0,70.3,1,87.1,0,2.6,1
S5970,Business Administration,3,45.0,18,362.0,85.6,2,57.0,1,5.0,0
S5971,Computer Science,1,85.0,13,343.0,42.2,3,60.5,2,2.6,1
S5972,Data Science,2,93.1,16,491.0,80.7,3,34.8,0,4.3,0
S5973,Information Technology,3,71.3,16,337.0,81.3,1,43.7,2,2.5,1
S5974,Business Administration,3,100.0,21,479.0,98.4,1,50.5,0,4.2,0
S5975,Data Science,2,92.5,16,126.0,84.4,1,49.6,0,2.7,1
S5976,Data Science,3,87.6,13,371.0,90.5,1,70.7,0,4.1,0
S5977,Information Technology,3,69.8,24,391.0,55.7,3,91.4,0,3.5,0
S5978,Data Science,2,85.3,17,358.0,76.1,1,62.1,1,3.9,0
S5979,Computer Science,7,86.3,21,156.0,100.0,0,67.2,3,4.0,0
S5980,Computer Science,3,81.0,15,338.0,69.0,1,71.8,3,4.2,0
S5981,Computer Science,3,92.7,18,257.0,91.9,1,51.0,1,3.6,0
S5982,Data Science,7,77.7,22,369.0,60.6,3,69.8,1,3.6,0
S5983,Computer Science,4,78.7,17,290.0,73.8,3,58.0,1,3.4,1
S5984,Information Technology,6,74.0,22,232.0,48.8,1,93.1,1,3.2,0
S5985,Data Science,4,76.6,17,574.0,76.3,2,61.0,1,4.5,0
S5986,Artificial Intelligence,8,80.2,10,211.0,62.8,2,73.0,1,3.7,1
S5987,Data Science,1,79.8,19,334.0,98.5,1,65.1,0,3.3,0
S5988,Information Technology,4,79.2,13,366.0,100.0,1,62.3,1,4.3,0
S5989,Artificial Intelligence,4,93.1,16,265.0,46.8,1,74.5,2,4.1,0
S5990,Data Science,1,100.0,23,437.0,55.6,2,61.4,1,4.5,0
S5991,Computer Science,3,66.6,17,404.0,94.5,1,65.5,1,2.9,0
S5992,Business Administration,3,99.8,19,98.0,64.1,0,62.9,1,2.5,1
S5993,Business Administration,4,90.1,14,374.0,76.4,2,100.0,1,3.6,0
S5994,Computer Science,1,71.3,13,513.0,100.0,2,65.9,1,2.1,0
S5995,Business Administration,3,78.0,19,209.0,100.0,2,78.8,1,3.3,0
S5996,Business Administration,5,85.4,20,135.0,54.4,2,57.4,2,3.0,1
S5997,Computer Science,2,62.1,15,264.0,100.0,4,63.3,3,3.0,1
S5998,Computer Science,2,81.0,15,296.0,90.0,3,84.0,2,2.0,1
S5999,Data Science,6,88.3,16,304.0,96.0,2,72.2,0,3.8,0
S6000,Data Science,2,73.1,20,426.0,65.9,2,95.9,0,3.6,0
S6001,Computer Science,4,64.2,16,217.0,64.0,2,60.0,0,3.4,1
S6002,Information Technology,2,84.4,14,364.0,46.5,4,96.7,0,4.3,0
S6003,Business Administration,2,100.0,27,392.0,55.5,3,67.3,1,3.6,0
S6004,Data Science,5,73.4,23,312.0,90.3,0,66.3,2,3.6,0
S6005,Business Administration,3,73.8,18,225.0,86.2,2,74.6,0,4.1,0
S6006,Artificial Intelligence,5,79.6,17,161.0,92.1,0,64.8,0,3.7,0
S6007,Computer Science,4,100.0,20,116.0,82.2,1,81.4,2,3.3,1
S6008,Information Technology,2,62.2,21,124.0,77.5,2,66.0,0,3.2,1
S6009,Artificial Intelligence,7,91.2,13,107.0,65.3,0,59.1,0,2.6,1
S6010,Artificial Intelligence,3,76.3,14,483.0,72.8,0,67.2,2,3.5,0
S6011,Artificial Intelligence,6,77.4,22,278.0,94.1,1,33.5,1,4.4,0
S6012,Computer Science,6,69.9,17,545.0,92.6,0,58.4,2,3.8,0
S6013,Data Science,8,79.0,28,344.0,82.5,6,75.3,2,3.1,1
S6014,Computer Science,8,70.2,15,116.0,61.1,3,87.4,1,4.1,1
S6015,Data Science,2,75.5,17,276.0,69.3,0,80.6,0,3.8,0
S6016,Artificial Intelligence,2,52.4,19,375.0,53.6,2,70.8,1,3.1,0
S6017,Artificial Intelligence,6,61.2,14,337.0,71.5,0,68.4,1,4.6,0
S6018,Information Technology,6,86.0,13,248.0,47.9,3,63.6,0,2.5,1
S6019,Data Science,7,97.1,17,407.0,71.9,2,67.0,1,3.5,0
S6020,Artificial Intelligence,4,100.0,23,174.0,65.9,1,77.1,1,2.8,1
S6021,Business Administration,2,93.1,26,321.0,77.7,3,56.5,2,4.3,0
S6022,Information Technology,6,75.8,15,395.0,63.9,0,67.3,2,2.6,0
S6023,Computer Science,7,58.2,20,255.0,91.2,2,83.1,2,2.8,0
S6024,Information Technology,1,88.5,18,359.0,48.4,0,79.8,1,5.0,0
S6025,Business Administration,6,64.6,20,284.0,49.3,3,73.4,1,3.6,1
S6026,Data Science,3,72.3,22,323.0,73.1,0,53.8,1,4.1,0
S6027,Computer Science,3,92.6,14,350.0,82.7,1,83.3,1,3.5,0
S6028,Computer Science,1,85.5,16,264.0,70.6,0,38.1,0,3.2,0
S6029,Data Science,8,70.9,18,466.0,72.1,2,57.8,1,4.1,0
S6030,Information Technology,4,61.5,21,330.0,79.7,3,72.5,1,3.5,1
S6031,Artificial Intelligence,8,84.5,16,366.0,86.9,1,80.5,0,3.0,0
S6032,Information Technology,2,86.0,14,436.0,70.3,0,60.7,0,4.2,0
S6033,Business Administration,8,100.0,10,371.0,81.4,2,75.0,0,4.4,0
S6034,Artificial Intelligence,2,52.1,19,186.0,95.7,1,52.5,2,4.1,1
S6035,Information Technology,6,83.4,9,387.0,53.4,2,74.0,0,4.1,0
S6036,Data Science,3,93.0,19,330.0,100.0,1,84.2,1,3.7,0
S6037,Business Administration,4,77.0,11,216.0,99.4,0,67.1,4,4.1,1
S6038,Business Administration,4,62.8,11,437.0,62.9,0,90.4,1,2.8,0
S6039,Business Administration,4,70.9,15,176.0,87.4,2,73.2,2,3.8,1
S6040,Artificial Intelligence,6,82.4,14,234.0,50.4,2,79.2,1,3.6,1
S6041,Computer Science,2,76.2,17,250.0,83.4,1,72.0,0,3.0,0
S6042,Artificial Intelligence,4,85.6,15,147.0,100.0,2,36.2,0,5.0,0
S6043,Information Technology,6,97.4,23,298.0,59.2,0,85.7,1,3.7,0
S6044,Computer Science,6,77.2,16,220.0,64.3,1,77.0,0,2.8,1
S6045,Information Technology,1,96.6,22,327.0,84.5,4,70.2,2,3.4,0
S6046,Computer Science,5,80.6,18,507.0,71.8,2,50.4,1,3.7,0
S6047,Artificial Intelligence,8,86.1,18,295.0,81.4,1,67.4,0,4.4,0
S6048,Business Administration,4,80.6,15,358.0,100.0,2,63.0,1,4.0,0
S6049,Data Science,5,86.4,22,298.0,70.5,0,39.2,2,3.8,0
S6050,Business Administration,2,88.5,22,262.0,49.8,3,99.8,1,3.9,0
S6051,Artificial Intelligence,6,89.7,25,388.0,66.1,1,87.1,2,3.4,0
S6052,Computer Science,7,82.0,21,187.0,81.3,0,56.2,1,3.5,0
S6053,Business Administration,8,45.0,20,420.0,55.0,2,57.8,2,4.5,0
S6054,Artificial Intelligence,8,89.1,19,207.0,65.7,2,71.4,1,5.0,0
S6055,Information Technology,4,58.4,11,462.0,99.3,0,80.3,0,5.0,0
S6056,Data Science,7,74.7,14,256.0,100.0,3,65.8,0,2.6,1
S6057,Business Administration,3,53.3,11,201.0,70.9,1,73.4,1,2.9,1
S6058,Computer Science,2,100.0,27,312.0,71.4,1,57.9,3,3.2,0
S6059,Information Technology,1,87.0,15,111.0,55.9,0,56.2,2,3.8,1
S6060,Artificial Intelligence,1,78.1,10,171.0,82.6,1,60.4,0,2.5,1
S6061,Data Science,5,99.0,16,357.0,100.0,5,60.1,1,3.1,0
S6062,Computer Science,6,88.4,26,441.0,71.4,1,46.3,0,3.9,0
S6063,Artificial Intelligence,5,83.5,21,229.0,72.0,3,69.0,1,2.8,1
S6064,Artificial Intelligence,3,86.7,21,453.0,86.9,0,89.0,0,3.9,0
S6065,Business Administration,3,77.4,17,250.0,69.9,0,52.2,2,4.3,0
S6066,Business Administration,8,67.1,17,322.0,70.2,2,60.7,0,4.4,0
S6067,Computer Science,1,93.5,22,323.0,100.0,3,57.7,2,3.8,0
S6068,Artificial Intelligence,7,81.1,19,484.0,54.7,1,51.5,2,4.2,0
S6069,Business Administration,4,60.9,20,406.0,58.5,3,23.7,1,2.6,1
S6070,Data Science,1,88.1,25,276.0,89.6,1,57.1,1,4.0,0
S6071,Data Science,1,82.5,16,592.0,75.3,0,58.0,0,5.0,0
S6072,Artificial Intelligence,7,100.0,21,293.0,58.6,0,83.0,0,2.3,0
S6073,Business Administration,8,85.2,16,302.0,83.2,4,67.9,2,4.2,0
S6074,Computer Science,8,67.8,19,340.0,72.0,0,81.3,1,3.9,0
S6075,Computer Science,7,60.5,16,250.0,81.1,2,68.2,4,4.6,1
S6076,Computer Science,3,97.2,9,466.0,72.9,4,63.5,0,2.6,0
S6077,Data Science,7,81.2,24,289.0,51.4,0,95.8,0,2.8,0
S6078,Business Administration,5,71.6,10,378.0,97.1,1,62.1,2,4.6,0
S6079,Business Administration,3,73.4,19,0.0,100.0,0,68.9,2,2.1,1
S6080,Data Science,7,97.6,17,316.0,61.4,1,60.5,1,2.1,0
S6081,Computer Science,6,87.7,21,260.0,100.0,0,60.5,2,4.3,0
S6082,Computer Science,3,95.2,17,309.0,76.1,1,84.6,0,1.6,0
S6083,Artificial Intelligence,3,84.9,25,161.0,23.5,0,69.0,0,3.8,1
S6084,Information Technology,1,72.0,18,278.0,85.7,1,53.0,3,2.0,1
S6085,Business Administration,4,100.0,18,322.0,38.4,2,71.7,0,3.7,0
S6086,Business Administration,1,77.3,23,257.0,69.2,1,83.5,0,3.4,0
S6087,Business Administration,2,91.7,13,372.0,90.7,4,57.9,1,5.0,0
S6088,Information Technology,3,95.0,15,308.0,86.6,1,58.0,1,2.5,1
S6089,Artificial Intelligence,7,82.1,24,376.0,65.0,1,58.4,1,3.2,0
S6090,Information Technology,7,68.6,15,417.0,89.3,0,64.4,2,3.8,0
S6091,Computer Science,7,73.9,19,427.0,94.2,1,74.9,0,2.3,0
S6092,Computer Science,3,90.1,18,254.0,67.2,0,68.6,2,2.8,0
S6093,Business Administration,7,88.4,19,252.0,71.9,0,71.2,0,4.7,0
S6094,Data Science,2,97.6,23,493.0,81.6,5,88.7,1,3.5,0
S6095,Business Administration,3,95.7,17,190.0,57.2,1,70.1,0,2.8,0
S6096,Data Science,7,70.6,12,250.0,63.4,3,79.7,1,3.7,1
S6097,Information Technology,3,99.3,22,281.0,96.0,1,59.9,1,3.2,0
S6098,Computer Science,6,69.7,20,197.0,100.0,0,75.7,2,3.3,1
S6099,Data Science,3,89.1,16,314.0,88.9,1,72.8,0,4.7,0
S6100,Information Technology,2,100.0,17,446.0,82.8,2,64.0,1,3.7,0
S6101,Computer Science,1,85.7,20,70.0,100.0,3,72.6,0,4.3,1
S6102,Data Science,3,60.7,14,238.0,61.3,1,45.2,1,3.7,0
S6103,Business Administration,4,78.1,22,314.0,79.5,1,75.3,1,3.0,0
S6104,Business Administration,2,100.0,19,488.0,92.9,3,48.3,2,3.5,0
S6105,Business Administration,5,79.5,15,121.0,63.1,5,87.8,1,4.5,1
S6106,Information Technology,6,97.9,24,404.0,48.5,2,65.3,1,2.8,0
S6107,Business Administration,2,70.5,22,280.0,92.8,4,56.9,3,3.3,1
S6108,Artificial Intelligence,1,77.7,21,319.0,95.1,1,79.4,0,3.6,0
S6109,Computer Science,7,79.4,26,447.0,93.2,4,73.9,1,2.5,0
S6110,Information Technology,7,100.0,19,284.0,93.5,2,68.1,1,4.1,0
S6111,Business Administration,2,78.3,16,296.0,79.6,5,27.9,0,3.8,0
S6112,Computer Science,5,59.4,15,316.0,80.6,4,82.9,0,2.3,0
S6113,Data Science,7,100.0,25,324.0,82.1,2,69.4,2,3.1,0
S6114,Business Administration,6,84.7,15,169.0,97.9,2,59.8,1,2.4,1
S6115,Computer Science,4,89.9,18,319.0,83.0,2,53.5,1,3.4,0
S6116,Artificial Intelligence,5,62.7,12,352.0,79.5,2,87.0,0,3.3,0
S6117,Data Science,8,85.1,11,106.0,84.0,3,73.6,2,3.1,1
S6118,Artificial Intelligence,8,82.2,23,404.0,86.0,4,92.8,0,3.1,0
S6119,Computer Science,2,70.4,20,410.0,58.9,2,87.5,1,2.8,0
S6120,Artificial Intelligence,5,90.0,15,330.0,100.0,1,71.3,1,3.4,0
S6121,Computer Science,7,61.5,24,139.0,66.1,3,74.8,3,4.0,1
S6122,Computer Science,7,70.3,18,222.0,79.3,2,45.8,1,3.9,0
S6123,Artificial Intelligence,2,96.5,17,21.0,61.1,2,78.6,0,3.2,1
S6124,Computer Science,7,73.3,21,257.0,74.4,1,70.5,0,2.1,0
S6125,Business Administration,7,76.1,13,190.0,87.7,2,67.7,0,3.7,1
S6126,Computer Science,4,83.1,17,292.0,83.6,2,61.4,1,3.5,0
S6127,Information Technology,4,77.5,11,420.0,68.3,4,78.8,1,3.1,0
S6128,Computer Science,1,90.3,15,240.0,65.6,3,60.4,0,4.1,0
S6129,Information Technology,4,84.1,18,349.0,82.7,1,51.9,0,4.4,0
S6130,Computer Science,3,63.9,14,289.0,97.5,2,53.5,2,4.7,0
S6131,Computer Science,5,73.2,22,192.0,100.0,1,50.2,0,5.0,0
S6132,Artificial Intelligence,5,71.9,13,469.0,100.0,2,82.5,0,3.4,0
S6133,Business Administration,2,76.4,13,399.0,65.4,0,61.7,0,5.0,0
S6134,Business Administration,4,83.3,15,167.0,64.1,1,66.7,3,3.2,1
S6135,Data Science,1,85.7,20,354.0,75.9,4,88.5,2,3.6,0
S6136,Artificial Intelligence,7,53.6,23,275.0,74.9,1,53.5,2,4.9,0
S6137,Artificial Intelligence,1,94.3,20,362.0,52.2,0,51.1,1,2.8,0
S6138,Business Administration,1,80.9,20,139.0,93.1,1,70.5,0,3.9,0
S6139,Artificial Intelligence,6,68.6,16,258.0,64.0,0,60.1,1,4.5,0
S6140,Business Administration,7,93.4,19,342.0,66.4,2,83.3,0,3.2,0
S6141,Artificial Intelligence,3,56.7,21,169.0,85.8,0,65.7,0,3.3,1
S6142,Computer Science,4,63.1,17,331.0,56.5,0,56.8,1,4.6,0
S6143,Business Administration,7,100.0,19,260.0,73.4,1,57.9,0,3.4,0
S6144,Business Administration,1,83.8,15,305.0,91.3,2,80.4,0,3.2,0
S6145,Information Technology,7,73.2,17,422.0,78.9,0,63.4,1,2.6,0
S6146,Artificial Intelligence,3,83.3,27,625.0,91.4,3,73.7,0,3.0,0
S6147,Artificial Intelligence,5,79.8,20,309.0,95.7,2,55.7,1,3.2,0
S6148,Business Administration,2,82.4,23,277.0,76.5,3,52.9,1,2.9,1
S6149,Computer Science,4,87.9,17,532.0,20.0,0,54.7,2,4.8,0
S6150,Computer Science,4,79.6,23,436.0,100.0,3,57.2,1,3.0,0
S6151,Computer Science,6,86.3,15,513.0,77.1,2,76.6,2,4.9,0
S6152,Artificial Intelligence,5,80.1,19,329.0,92.2,3,46.3,1,5.0,0
S6153,Information Technology,4,72.1,22,398.0,100.0,3,50.8,1,4.4,0
S6154,Business Administration,6,68.7,12,306.0,45.1,2,77.2,1,3.2,0
S6155,Data Science,6,97.8,19,307.0,77.9,0,74.6,1,3.1,0
S6156,Information Technology,6,89.8,16,313.0,100.0,4,76.6,0,4.0,0
S6157,Data Science,8,94.4,19,350.0,74.3,2,50.2,1,3.5,0
S6158,Information Technology,4,82.0,10,309.0,95.6,1,67.5,3,3.7,0
S6159,Computer Science,4,84.7,19,467.0,58.3,2,43.5,3,4.5,0
S6160,Artificial Intelligence,4,79.9,18,369.0,86.6,2,46.5,2,2.5,0
S6161,Data Science,3,95.9,26,324.0,55.5,1,62.4,0,3.4,0
S6162,Information Technology,6,77.9,21,319.0,94.2,1,72.0,0,3.5,0
S6163,Artificial Intelligence,3,70.2,18,249.0,69.9,1,83.5,0,3.6,0
S6164,Data Science,2,88.3,22,170.0,100.0,1,61.7,3,4.2,0
S6165,Business Administration,4,80.2,10,420.0,100.0,0,75.4,1,5.0,0
S6166,Information Technology,8,85.0,12,420.0,67.1,0,54.2,3,3.3,0
S6167,Business Administration,7,90.5,18,167.0,100.0,3,88.9,1,4.0,0
S6168,Computer Science,5,75.1,20,170.0,67.5,0,79.3,3,2.7,1
S6169,Business Administration,8,79.4,17,384.0,90.2,3,57.0,0,3.6,0
S6170,Business Administration,1,78.3,19,262.0,77.4,1,61.7,1,4.6,0
S6171,Information Technology,2,97.4,9,181.0,70.4,3,71.4,1,3.7,1
S6172,Computer Science,7,82.2,16,107.0,92.4,3,60.1,3,4.9,1
S6173,Business Administration,1,83.9,23,245.0,68.8,1,52.1,3,3.0,1
S6174,Artificial Intelligence,1,68.1,18,316.0,67.8,2,72.5,7,3.7,1
S6175,Data Science,4,90.8,18,266.0,78.1,0,68.3,0,2.4,0
S6176,Business Administration,5,87.1,12,141.0,94.4,0,59.4,0,4.4,0
S6177,Computer Science,1,72.0,19,229.0,82.3,1,71.2,0,2.6,1
S6178,Business Administration,6,100.0,14,367.0,71.5,3,45.2,2,3.6,0
S6179,Data Science,7,86.0,13,490.0,68.8,4,73.7,0,5.0,0
S6180,Computer Science,8,74.5,21,306.0,74.2,1,70.9,1,4.0,0
S6181,Information Technology,8,82.0,15,424.0,87.8,2,54.5,1,2.9,0
S6182,Computer Science,1,77.6,21,387.0,58.7,2,40.5,1,1.8,1
S6183,Information Technology,2,100.0,21,230.0,66.1,1,75.7,0,2.6,1
S6184,Computer Science,5,93.2,22,413.0,92.2,2,56.4,3,3.9,0
S6185,Data Science,5,87.4,15,435.0,63.1,3,76.3,0,4.2,0
S6186,Data Science,8,100.0,20,242.0,67.6,0,81.2,0,3.5,0
S6187,Computer Science,1,69.5,28,302.0,77.4,1,97.1,0,2.5,0
S6188,Business Administration,5,91.3,15,232.0,63.4,3,40.3,0,3.3,1
S6189,Data Science,2,88.6,14,149.0,69.7,0,78.8,2,3.3,1
S6190,Information Technology,8,79.2,16,423.0,80.4,2,55.2,0,4.4,0
S6191,Information Technology,7,79.3,22,492.0,90.9,2,76.7,1,4.2,0
S6192,Artificial Intelligence,2,93.1,15,293.0,64.2,0,71.3,2,3.7,0
S6193,Information Technology,2,92.2,19,236.0,63.2,2,91.5,0,4.3,0
S6194,Artificial Intelligence,6,64.9,7,428.0,98.5,0,74.4,1,3.8,0
S6195,Computer Science,4,100.0,13,441.0,66.3,1,87.0,3,4.4,0
S6196,Computer Science,1,95.7,26,196.0,64.5,0,68.0,2,3.9,0
S6197,Computer Science,7,78.6,16,317.0,42.1,1,54.6,1,3.8,0
S6198,Business Administration,8,72.5,13,538.0,97.9,1,100.0,0,3.5,0
S6199,Business Administration,5,95.3,20,519.0,100.0,2,73.1,2,5.0,0
S6200,Artificial Intelligence,2,88.0,22,189.0,77.6,1,62.1,1,3.9,0
S6201,Information Technology,8,90.6,18,133.0,81.5,2,59.2,2,3.2,1
S6202,Information Technology,1,88.9,14,342.0,78.0,0,82.7,0,2.5,0
S6203,Computer Science,7,96.6,21,386.0,58.3,3,36.5,1,4.5,0
S6204,Data Science,7,92.3,21,386.0,89.2,1,47.5,0,3.4,0
S6205,Business Administration,1,75.6,23,365.0,100.0,0,67.0,0,3.7,0
S6206,Business Administration,4,74.9,24,334.0,78.0,0,36.2,1,4.7,0
S6207,Computer Science,6,86.3,22,249.0,90.8,1,55.7,1,3.9,0
S6208,Business Administration,5,100.0,19,224.0,62.2,2,68.1,2,3.9,1
S6209,Computer Science,6,80.2,9,396.0,60.6,4,82.1,0,3.9,0
S6210,Artificial Intelligence,7,86.4,15,215.0,86.4,0,82.7,2,3.6,0
S6211,Information Technology,5,92.7,27,100.0,100.0,0,77.6,1,3.2,1
S6212,Data Science,7,77.0,13,317.0,67.1,0,43.0,0,3.9,0
S6213,Information Technology,2,91.6,19,334.0,74.7,0,50.7,0,2.8,0
S6214,Information Technology,2,82.2,18,531.0,87.5,0,64.5,2,3.2,0
S6215,Artificial Intelligence,1,97.0,27,304.0,70.0,3,84.8,0,2.0,0
S6216,Business Administration,5,70.7,21,141.0,86.7,4,78.5,0,2.8,1
S6217,Data Science,5,100.0,16,446.0,60.9,2,70.2,1,4.0,0
S6218,Business Administration,7,78.3,17,294.0,85.8,1,36.6,1,4.0,0
S6219,Information Technology,6,88.3,11,281.0,73.8,1,79.5,1,4.1,0
S6220,Computer Science,2,82.1,16,160.0,49.2,1,59.4,3,1.1,1
S6221,Information Technology,3,69.1,21,361.0,59.4,1,56.9,3,3.6,1
S6222,Business Administration,1,92.0,23,319.0,83.9,0,79.3,1,4.3,0
S6223,Information Technology,8,78.8,18,310.0,100.0,1,56.7,0,4.1,0
S6224,Computer Science,5,88.3,20,413.0,54.4,1,71.3,1,3.4,0
S6225,Artificial Intelligence,4,72.3,25,427.0,96.3,3,70.6,1,4.0,0
S6226,Business Administration,4,78.9,16,338.0,85.5,1,95.7,1,2.7,0
S6227,Information Technology,3,78.5,21,365.0,95.3,3,60.5,0,4.3,0
S6228,Business Administration,2,88.6,15,342.0,75.2,0,79.8,0,3.3,0
S6229,Artificial Intelligence,2,85.7,19,501.0,89.3,2,50.5,1,2.8,0
S6230,Information Technology,2,79.9,23,191.0,100.0,2,70.4,2,3.5,1
S6231,Information Technology,6,77.6,20,170.0,81.4,2,62.4,1,3.0,1
S6232,Business Administration,7,85.8,19,157.0,60.4,4,70.2,0,2.6,1
S6233,Business Administration,4,84.4,17,362.0,100.0,2,71.6,0,3.3,0
S6234,Computer Science,2,83.5,18,286.0,87.5,2,86.1,0,3.7,0
S6235,Artificial Intelligence,4,100.0,17,167.0,82.4,0,69.9,0,4.1,0
S6236,Computer Science,3,88.6,11,277.0,100.0,1,54.3,1,3.9,0
S6237,Information Technology,1,100.0,21,559.0,100.0,3,43.8,2,5.0,0
S6238,Business Administration,7,81.2,30,351.0,86.6,0,59.3,1,3.7,0
S6239,Information Technology,6,81.4,24,477.0,61.7,3,83.3,0,4.8,0
S6240,Information Technology,5,75.9,19,144.0,71.4,2,76.6,2,3.7,1
S6241,Data Science,3,85.6,16,335.0,81.4,4,62.8,0,4.1,0
S6242,Data Science,7,78.1,18,362.0,77.5,1,59.1,1,3.5,0
S6243,Information Technology,4,76.4,18,383.0,69.5,0,65.5,0,3.8,0
S6244,Business Administration,3,59.2,16,270.0,74.5,2,49.8,0,4.0,0
S6245,Information Technology,5,99.6,13,418.0,96.9,2,72.8,1,4.3,0
S6246,Data Science,7,77.4,19,359.0,81.7,2,73.3,1,2.2,1
S6247,Business Administration,6,99.7,18,311.0,69.5,2,90.2,1,3.3,0
S6248,Information Technology,8,80.8,14,249.0,89.8,1,80.1,1,2.7,1
S6249,Artificial Intelligence,1,89.7,20,122.0,88.1,0,36.3,0,1.8,1
S6250,Artificial Intelligence,5,82.9,19,70.0,77.3,1,84.4,0,3.9,1
S6251,Information Technology,7,87.0,21,219.0,58.0,0,72.6,0,3.3,0
S6252,Business Administration,6,69.9,14,281.0,75.8,0,65.1,0,3.0,1
S6253,Information Technology,4,96.2,21,219.0,77.8,2,70.3,2,3.6,1
S6254,Information Technology,5,77.6,23,341.0,93.9,1,71.6,1,4.1,0
S6255,Data Science,8,93.1,10,399.0,65.1,1,78.6,1,4.0,0
S6256,Artificial Intelligence,3,64.5,21,150.0,73.0,2,60.8,3,3.0,1
S6257,Data Science,2,72.9,20,366.0,100.0,2,81.3,3,3.6,0
S6258,Data Science,3,86.5,15,297.0,73.7,1,100.0,0,4.2,0
S6259,Information Technology,4,80.0,18,93.0,77.5,0,52.4,1,1.9,1
S6260,Data Science,7,87.5,18,409.0,100.0,4,58.2,1,2.7,0
S6261,Artificial Intelligence,8,84.5,24,188.0,61.9,0,67.4,0,3.4,0
S6262,Data Science,1,100.0,15,608.0,100.0,2,46.7,2,2.3,0
S6263,Artificial Intelligence,5,88.5,24,440.0,71.1,3,65.5,3,2.7,0
S6264,Data Science,7,76.8,16,283.0,81.9,1,82.4,1,4.5,0
S6265,Artificial Intelligence,1,77.3,20,300.0,83.3,2,67.4,1,3.7,0
S6266,Data Science,4,96.4,16,133.0,73.8,1,48.5,1,3.5,1
S6267,Data Science,5,63.7,19,511.0,61.1,2,81.8,0,2.7,0
S6268,Business Administration,6,88.7,23,198.0,66.1,3,72.8,0,3.2,1
S6269,Artificial Intelligence,6,68.6,20,305.0,74.3,3,76.8,1,2.4,1
S6270,Artificial Intelligence,7,95.3,24,223.0,63.9,2,77.7,0,3.3,0
S6271,Artificial Intelligence,3,76.8,22,355.0,77.9,2,81.5,0,2.1,0
S6272,Computer Science,7,88.3,22,297.0,64.3,0,67.7,1,4.5,0
S6273,Data Science,3,82.4,20,225.0,61.8,2,72.9,1,2.8,1
S6274,Artificial Intelligence,8,65.4,18,356.0,49.5,0,75.1,0,2.7,0
S6275,Computer Science,4,89.7,17,480.0,100.0,1,73.6,1,3.4,0
S6276,Business Administration,6,73.3,13,306.0,76.2,0,66.0,0,3.8,0
S6277,Artificial Intelligence,8,91.6,17,37.0,65.9,2,72.7,2,3.6,1
S6278,Artificial Intelligence,5,70.0,17,345.0,60.4,3,45.5,0,4.1,0
S6279,Computer Science,6,84.9,21,123.0,68.2,2,78.3,1,2.8,1
S6280,Data Science,3,82.5,13,136.0,44.5,0,69.8,2,3.6,1
S6281,Business Administration,7,74.8,20,123.0,67.2,1,59.6,1,3.5,1
S6282,Artificial Intelligence,4,98.6,14,385.0,90.8,1,43.8,0,3.8,0
S6283,Data Science,6,82.4,15,126.0,66.4,1,70.2,0,3.9,0
S6284,Business Administration,8,76.9,17,418.0,89.1,0,50.8,0,4.2,0
S6285,Information Technology,4,85.6,16,397.0,94.5,1,51.9,1,5.0,0
S6286,Information Technology,8,64.5,17,196.0,89.6,2,36.2,1,3.4,1
S6287,Business Administration,6,100.0,18,357.0,78.6,0,87.5,1,2.6,0
S6288,Computer Science,7,69.0,12,441.0,99.2,1,47.0,3,3.1,0
S6289,Business Administration,1,88.6,12,230.0,98.2,1,89.2,2,3.2,0
S6290,Business Administration,7,82.7,13,448.0,65.3,2,88.6,0,4.0,0
S6291,Computer Science,6,96.2,24,320.0,62.4,3,62.5,1,4.0,0
S6292,Computer Science,3,84.1,15,217.0,70.1,2,64.3,0,3.7,0
S6293,Data Science,7,74.3,14,399.0,72.4,4,69.8,1,3.6,0
S6294,Data Science,5,59.7,15,213.0,99.1,1,57.0,3,3.3,1
S6295,Computer Science,3,60.6,17,466.0,92.4,1,64.9,0,3.5,0
S6296,Information Technology,3,79.1,18,162.0,80.4,1,55.7,0,2.5,1
S6297,Information Technology,3,98.4,22,457.0,81.1,0,54.5,1,3.4,0
S6298,Business Administration,4,61.9,13,326.0,58.4,0,96.4,1,3.7,0
S6299,Artificial Intelligence,2,100.0,22,385.0,97.8,1,74.3,1,4.3,0
S6300,Business Administration,2,95.0,18,253.0,81.2,1,77.3,0,2.3,1
S6301,Business Administration,1,65.8,17,347.0,59.1,0,62.6,1,3.8,0
S6302,Artificial Intelligence,8,69.0,24,0.0,47.7,2,58.1,1,4.9,1
S6303,Computer Science,8,70.2,15,326.0,55.1,1,51.8,0,3.7,0
S6304,Information Technology,3,85.6,13,142.0,79.3,2,74.7,1,3.4,1
S6305,Business Administration,2,81.3,13,390.0,32.2,2,58.6,1,4.0,0
S6306,Artificial Intelligence,1,80.9,21,236.0,57.0,3,79.0,0,3.5,1
S6307,Data Science,4,75.9,20,235.0,86.7,4,60.0,0,2.6,1
S6308,Business Administration,3,84.1,17,160.0,70.1,4,79.3,1,3.4,1
S6309,Information Technology,5,92.0,20,322.0,46.0,2,77.4,0,4.1,0
S6310,Computer Science,4,80.5,22,198.0,66.6,1,100.0,0,1.8,1
S6311,Business Administration,1,74.0,22,294.0,76.2,1,58.6,1,3.2,0
S6312,Business Administration,4,93.9,16,261.0,94.9,4,61.9,1,2.5,1
S6313,Artificial Intelligence,5,79.3,20,177.0,86.2,0,67.0,1,3.5,0
S6314,Data Science,8,88.6,22,253.0,85.5,2,85.2,0,4.0,0
S6315,Data Science,4,80.8,20,229.0,91.0,1,69.4,1,3.3,0
S6316,Computer Science,1,95.0,18,416.0,47.9,0,49.8,2,3.1,0
S6317,Information Technology,8,96.8,20,436.0,100.0,2,88.6,3,2.9,0
S6318,Computer Science,8,96.4,24,142.0,100.0,1,50.6,2,2.9,1
S6319,Business Administration,8,75.4,15,323.0,67.0,1,68.0,1,4.0,0
S6320,Business Administration,5,75.3,26,266.0,24.1,1,56.7,1,3.9,1
S6321,Data Science,5,92.5,13,194.0,100.0,1,56.9,1,4.9,0
S6322,Information Technology,8,81.2,17,317.0,28.5,1,53.0,1,3.9,0
S6323,Artificial Intelligence,4,81.6,19,356.0,84.8,3,80.9,1,4.3,0
S6324,Information Technology,5,73.7,18,0.0,69.9,1,66.9,0,2.6,1
S6325,Business Administration,7,98.9,22,421.0,67.2,1,61.7,0,3.3,0
S6326,Artificial Intelligence,4,94.5,14,385.0,70.2,1,85.2,2,2.5,0
S6327,Information Technology,3,80.6,12,297.0,80.4,2,84.1,0,3.3,0
S6328,Information Technology,5,74.3,20,195.0,39.4,2,67.0,1,3.0,1
S6329,Artificial Intelligence,4,73.7,18,359.0,74.6,0,60.0,0,3.7,0
S6330,Business Administration,3,83.6,26,221.0,52.3,1,56.1,2,3.5,1
S6331,Information Technology,5,86.6,18,452.0,68.9,1,72.0,4,4.0,0
S6332,Artificial Intelligence,3,71.7,17,408.0,80.9,1,46.0,2,4.4,0
S6333,Business Administration,6,67.1,23,302.0,93.8,4,64.3,2,3.7,1
S6334,Artificial Intelligence,5,83.0,17,203.0,64.8,2,45.0,2,3.4,1
S6335,Artificial Intelligence,6,92.4,23,360.0,100.0,1,60.0,1,3.6,0
S6336,Information Technology,1,82.9,9,395.0,61.9,1,93.9,0,5.0,0
S6337,Business Administration,1,79.0,19,260.0,62.4,1,65.6,1,2.9,1
S6338,Information Technology,4,68.4,15,349.0,96.5,2,87.5,3,3.5,0
S6339,Computer Science,2,74.4,15,242.0,73.5,3,64.0,0,2.7,1
S6340,Computer Science,6,92.5,14,91.0,81.2,2,82.4,1,3.2,1
S6341,Business Administration,6,67.0,16,100.0,69.2,1,48.2,1,4.0,1
S6342,Artificial Intelligence,1,100.0,19,319.0,71.3,1,56.7,1,3.8,0
S6343,Information Technology,6,83.0,12,483.0,84.3,4,87.0,2,3.6,0
S6344,Information Technology,2,63.0,16,184.0,100.0,0,65.8,2,2.3,1
S6345,Business Administration,8,88.0,18,203.0,80.5,2,55.5,0,4.1,0
S6346,Business Administration,3,87.4,16,336.0,85.7,1,76.1,0,4.5,0
S6347,Computer Science,3,76.7,14,304.0,95.7,0,66.5,0,2.2,0
S6348,Data Science,2,93.3,16,334.0,69.6,1,79.7,0,4.0,0
S6349,Business Administration,6,74.6,12,362.0,60.4,3,49.1,1,2.5,1
S6350,Data Science,6,89.6,21,298.0,59.6,1,64.6,1,4.3,0
S6351,Business Administration,6,81.6,21,316.0,62.1,2,68.0,0,4.2,0
S6352,Artificial Intelligence,7,78.6,16,165.0,59.2,2,87.8,0,4.6,0
S6353,Artificial Intelligence,4,98.1,27,250.0,97.8,1,77.1,1,3.1,0
S6354,Computer Science,5,93.8,16,451.0,44.1,2,52.8,0,3.0,0
S6355,Computer Science,2,68.7,19,357.0,88.6,0,76.4,0,5.0,0
S6356,Data Science,2,86.6,11,333.0,55.9,1,26.3,0,3.4,0
S6357,Business Administration,7,100.0,12,195.0,100.0,0,50.5,1,3.1,1
S6358,Information Technology,2,98.4,28,203.0,85.2,4,78.4,1,2.9,0
S6359,Computer Science,8,71.1,13,171.0,62.2,1,76.8,1,2.3,1
S6360,Information Technology,8,100.0,15,80.0,68.3,3,56.6,0,3.2,1
S6361,Information Technology,2,93.2,11,268.0,76.5,1,50.5,0,4.2,0
S6362,Business Administration,7,69.4,21,253.0,89.4,5,79.7,1,2.4,1
S6363,Data Science,2,84.5,23,322.0,84.0,2,79.2,2,3.4,0
S6364,Business Administration,6,87.7,12,424.0,77.8,1,73.4,1,3.5,0
S6365,Computer Science,7,69.1,23,225.0,65.3,0,67.7,0,2.5,1
S6366,Information Technology,4,90.5,18,450.0,72.8,0,56.6,0,2.4,0
S6367,Business Administration,1,100.0,16,362.0,100.0,0,75.1,0,3.4,0
S6368,Business Administration,6,98.4,16,471.0,100.0,0,54.2,0,4.3,0
S6369,Business Administration,8,83.9,18,163.0,97.8,5,55.4,0,2.7,1
S6370,Computer Science,6,78.6,17,441.0,60.8,2,54.7,2,3.1,0
S6371,Data Science,5,85.9,18,219.0,100.0,2,80.5,3,3.5,1
S6372,Business Administration,7,70.3,20,205.0,72.0,1,76.3,1,4.8,0
S6373,Computer Science,8,76.3,15,293.0,78.1,3,51.3,0,4.1,0
S6374,Information Technology,1,58.5,24,198.0,55.3,2,52.1,1,4.7,1
S6375,Artificial Intelligence,2,87.2,23,352.0,80.0,2,99.2,0,4.2,0
S6376,Computer Science,1,77.9,21,401.0,63.9,1,90.2,0,4.3,0
S6377,Artificial Intelligence,4,89.4,16,359.0,100.0,1,50.1,0,2.2,0
S6378,Business Administration,3,83.4,20,293.0,100.0,2,77.8,0,1.4,0
S6379,Business Administration,6,69.9,18,442.0,78.0,2,30.5,1,4.2,0
S6380,Computer Science,7,84.4,16,351.0,86.6,1,56.9,1,3.8,0
S6381,Artificial Intelligence,7,73.4,20,283.0,72.5,2,42.1,0,1.8,1
S6382,Business Administration,1,100.0,9,285.0,80.2,1,53.7,1,2.9,0
S6383,Information Technology,5,71.9,15,194.0,67.4,2,70.5,4,3.1,1
S6384,Data Science,8,76.4,16,184.0,83.6,0,75.2,2,4.1,0
S6385,Data Science,4,69.8,21,245.0,85.2,3,56.5,2,3.6,1
S6386,Business Administration,3,68.8,13,174.0,83.4,2,84.8,1,4.2,0
S6387,Artificial Intelligence,4,82.4,16,162.0,91.4,1,66.2,1,2.5,1
S6388,Business Administration,7,67.1,10,190.0,71.4,0,83.7,0,2.2,1
S6389,Artificial Intelligence,2,79.7,17,429.0,100.0,0,52.7,1,1.9,0
S6390,Information Technology,3,87.2,19,203.0,66.3,0,36.4,3,3.9,1
S6391,Artificial Intelligence,8,76.9,22,399.0,66.1,2,78.9,2,3.4,0
S6392,Business Administration,8,55.6,26,223.0,32.7,1,46.1,2,3.6,1
S6393,Information Technology,7,98.0,18,323.0,91.7,0,100.0,1,3.6,0
S6394,Computer Science,5,85.2,19,202.0,26.5,0,36.9,0,1.9,1
S6395,Data Science,3,85.3,17,324.0,71.8,1,87.7,1,3.4,0
S6396,Business Administration,7,79.2,20,573.0,64.5,1,92.4,2,4.3,0
S6397,Business Administration,5,91.7,20,216.0,52.1,1,80.0,2,4.4,0
S6398,Business Administration,2,93.3,26,265.0,79.2,2,75.0,0,2.9,0
S6399,Information Technology,5,94.5,20,157.0,100.0,0,59.3,3,3.0,1
S6400,Computer Science,4,85.2,15,432.0,91.1,0,76.3,1,3.8,0
S6401,Artificial Intelligence,1,65.5,19,451.0,64.3,3,67.9,1,3.5,0
S6402,Computer Science,4,86.9,17,188.0,100.0,2,43.7,4,2.5,1
S6403,Information Technology,8,85.2,16,281.0,64.8,2,48.0,0,3.2,1
S6404,Business Administration,7,75.4,18,350.0,97.7,1,59.9,3,4.1,0
S6405,Data Science,7,72.4,24,308.0,46.7,2,74.6,0,2.7,0
S6406,Business Administration,6,88.5,18,189.0,73.8,2,100.0,1,5.0,0
S6407,Artificial Intelligence,4,81.1,21,184.0,56.6,2,62.4,2,3.5,1
S6408,Data Science,3,77.3,15,152.0,100.0,3,56.3,1,3.2,1
S6409,Business Administration,8,100.0,13,423.0,65.5,1,70.5,2,4.2,0
S6410,Data Science,2,90.1,15,380.0,59.6,1,74.5,1,3.8,0
S6411,Computer Science,8,87.2,22,500.0,86.4,3,67.1,1,4.1,0
S6412,Information Technology,6,96.6,24,179.0,73.5,1,77.4,0,2.2,1
S6413,Business Administration,6,86.0,20,336.0,100.0,4,83.8,0,3.6,0
S6414,Artificial Intelligence,6,73.6,10,316.0,83.6,2,48.7,0,4.1,0
S6415,Computer Science,7,77.3,18,345.0,79.2,1,65.8,1,3.7,0
S6416,Business Administration,1,90.8,17,373.0,91.0,2,85.9,0,4.2,0
S6417,Computer Science,5,89.5,19,684.0,74.0,1,48.5,1,4.7,0
S6418,Artificial Intelligence,3,87.4,19,679.0,82.3,1,63.7,1,4.1,0
S6419,Business Administration,8,68.3,30,343.0,62.9,1,54.8,1,3.5,0
S6420,Artificial Intelligence,7,91.8,19,494.0,66.8,1,86.7,0,4.8,0
S6421,Data Science,8,81.2,19,197.0,61.6,2,47.8,1,4.6,0
S6422,Artificial Intelligence,2,89.2,20,288.0,85.0,1,78.2,0,4.3,0
S6423,Data Science,7,72.0,19,204.0,66.0,0,81.2,1,3.1,0
S6424,Business Administration,1,100.0,18,330.0,92.0,3,84.1,0,2.8,0
S6425,Data Science,8,85.0,21,363.0,62.4,3,65.4,1,3.3,0
S6426,Business Administration,7,77.0,17,576.0,60.6,0,61.5,1,3.8,0
S6427,Business Administration,7,89.8,22,188.0,82.3,1,70.9,0,3.1,0
S6428,Information Technology,4,92.3,24,459.0,80.5,1,91.5,2,3.6,0
S6429,Business Administration,2,89.6,19,250.0,93.4,0,64.1,0,3.8,0
S6430,Data Science,6,70.1,16,233.0,56.7,2,55.7,1,4.5,0
S6431,Information Technology,2,95.7,12,272.0,50.3,2,84.3,0,4.9,0
S6432,Information Technology,2,77.9,26,538.0,99.9,1,52.7,0,3.5,0
S6433,Business Administration,4,81.8,21,65.0,53.6,1,81.7,0,2.9,1
S6434,Artificial Intelligence,5,55.5,17,354.0,92.9,1,72.6,0,4.1,0
S6435,Artificial Intelligence,7,76.4,22,435.0,35.7,5,80.3,0,3.0,0
S6436,Information Technology,3,76.4,23,184.0,88.2,1,43.5,2,2.6,1
S6437,Business Administration,6,87.4,14,364.0,77.8,6,56.0,1,4.5,0
S6438,Artificial Intelligence,8,75.7,22,213.0,85.3,1,58.9,1,3.1,1
S6439,Business Administration,5,62.5,24,536.0,91.8,2,65.2,2,4.5,0
S6440,Business Administration,1,84.9,19,145.0,95.1,2,67.3,0,2.5,1
S6441,Information Technology,7,79.0,20,370.0,86.4,2,64.1,1,4.1,0
S6442,Information Technology,6,73.3,18,248.0,93.0,0,63.4,3,5.0,0
S6443,Computer Science,3,83.1,24,283.0,98.2,3,41.0,3,2.4,1
S6444,Artificial Intelligence,7,60.6,20,265.0,100.0,0,77.2,1,4.0,0
S6445,Artificial Intelligence,1,89.4,16,433.0,87.3,0,51.9,2,3.1,0
S6446,Artificial Intelligence,4,79.8,23,323.0,60.9,3,77.6,1,2.8,1
S6447,Data Science,5,78.8,11,131.0,73.5,1,41.7,0,5.0,0
S6448,Business Administration,7,93.4,18,346.0,76.2,3,72.5,3,2.6,1
S6449,Information Technology,6,75.6,11,334.0,65.8,1,68.9,0,3.9,0
S6450,Artificial Intelligence,2,85.1,12,426.0,57.4,0,68.0,0,2.8,0
S6451,Computer Science,8,80.4,19,342.0,94.7,0,52.1,1,3.6,0
S6452,Artificial Intelligence,8,100.0,19,119.0,83.4,0,87.8,0,3.6,0
S6453,Business Administration,8,87.9,12,443.0,66.0,1,67.9,3,4.0,0
S6454,Business Administration,3,68.3,17,439.0,78.7,2,48.6,1,3.5,0
S6455,Information Technology,7,100.0,14,364.0,83.4,3,83.4,1,3.5,0
S6456,Data Science,8,94.5,21,336.0,57.2,1,53.4,0,3.8,0
S6457,Information Technology,6,82.5,30,347.0,63.6,2,63.6,0,3.9,0
S6458,Artificial Intelligence,2,76.8,13,440.0,72.3,3,84.0,3,4.3,0
S6459,Computer Science,6,66.1,24,465.0,75.2,1,69.4,1,3.2,0
S6460,Information Technology,7,87.2,12,366.0,49.3,1,46.4,0,2.5,0
S6461,Data Science,1,73.9,25,378.0,91.4,1,47.0,1,2.9,0
S6462,Information Technology,2,71.4,25,326.0,78.6,0,55.1,0,3.9,0
S6463,Business Administration,2,91.3,17,590.0,73.5,2,70.1,1,2.6,0
S6464,Artificial Intelligence,6,100.0,18,57.0,65.1,1,70.1,2,2.5,1
S6465,Artificial Intelligence,4,76.3,14,222.0,59.8,0,95.2,1,2.7,1
S6466,Artificial Intelligence,7,91.7,12,206.0,78.3,3,46.6,0,3.0,1
S6467,Artificial Intelligence,8,84.5,19,554.0,80.8,2,82.7,0,2.8,0
S6468,Artificial Intelligence,4,86.3,14,276.0,100.0,1,83.7,0,3.5,0
S6469,Artificial Intelligence,5,72.2,20,62.0,100.0,0,86.2,0,3.4,1
S6470,Computer Science,8,79.5,17,205.0,68.4,4,49.1,2,4.0,1
S6471,Data Science,1,68.8,21,369.0,60.7,2,62.7,1,2.9,0
S6472,Artificial Intelligence,4,67.3,16,306.0,55.2,0,69.2,3,4.1,0
S6473,Data Science,6,88.2,20,290.0,79.6,3,62.4,0,2.7,0
S6474,Artificial Intelligence,7,75.7,14,327.0,55.5,1,71.8,2,5.0,0
S6475,Information Technology,4,71.0,15,439.0,53.2,1,67.1,0,2.3,0
S6476,Artificial Intelligence,5,67.5,17,413.0,64.8,1,86.6,0,3.5,0
S6477,Business Administration,3,63.8,23,204.0,67.0,2,80.6,2,3.8,1
S6478,Computer Science,5,58.5,17,338.0,64.7,2,45.6,0,4.1,0
S6479,Information Technology,2,83.3,14,488.0,48.9,4,70.2,0,2.1,0
S6480,Information Technology,8,50.5,22,328.0,76.4,2,48.7,1,2.5,1
S6481,Business Administration,7,87.7,23,231.0,76.0,1,43.8,1,3.4,1
S6482,Artificial Intelligence,2,87.6,18,165.0,100.0,1,67.1,0,3.0,1
S6483,Computer Science,4,80.8,13,331.0,55.6,1,50.1,0,4.0,0
S6484,Information Technology,4,82.9,19,277.0,87.5,2,88.0,4,3.1,1
S6485,Computer Science,5,78.6,14,274.0,100.0,0,62.8,1,4.0,0
S6486,Information Technology,5,84.7,21,328.0,51.8,2,90.5,2,2.2,1
S6487,Artificial Intelligence,6,84.6,15,219.0,58.4,3,73.9,1,4.5,1
S6488,Information Technology,1,97.6,11,455.0,55.4,1,65.5,0,4.8,0
S6489,Information Technology,6,100.0,18,292.0,86.0,2,62.8,1,4.5,0
S6490,Data Science,2,100.0,22,538.0,85.3,5,47.9,3,3.9,0
S6491,Artificial Intelligence,6,72.4,21,424.0,95.2,2,40.2,1,2.6,0
S6492,Business Administration,5,91.1,15,291.0,79.4,1,63.1,0,3.3,0
S6493,Business Administration,7,88.1,25,147.0,100.0,4,72.0,2,3.2,1
S6494,Artificial Intelligence,6,74.2,12,380.0,87.7,2,80.3,0,3.5,0
S6495,Business Administration,3,71.4,14,357.0,100.0,1,84.1,0,3.1,0
S6496,Artificial Intelligence,8,77.5,16,216.0,80.8,0,45.9,1,3.7,1
S6497,Business Administration,1,69.3,25,162.0,71.1,3,73.9,0,2.8,1
S6498,Data Science,5,65.3,17,298.0,74.8,4,61.7,3,2.4,1
S6499,Business Administration,7,88.0,28,328.0,100.0,3,95.9,2,3.8,0
S6500,Information Technology,4,82.4,22,319.0,92.3,0,100.0,1,3.9,0
S6501,Artificial Intelligence,8,82.3,10,300.0,91.2,2,85.5,0,2.6,0
S6502,Computer Science,6,93.1,26,443.0,95.9,1,58.8,1,3.7,0
S6503,Computer Science,5,79.6,20,224.0,82.8,3,39.9,0,4.5,0
S6504,Artificial Intelligence,4,92.0,14,527.0,100.0,4,52.9,1,3.5,0
S6505,Data Science,4,73.1,19,100.0,74.0,5,67.3,0,4.0,1
S6506,Business Administration,2,73.1,10,213.0,80.0,0,76.4,1,2.1,1
S6507,Data Science,2,82.2,25,157.0,69.9,1,61.7,1,3.3,1
S6508,Computer Science,7,100.0,16,326.0,87.0,1,73.1,0,3.3,0
S6509,Artificial Intelligence,5,97.4,17,348.0,46.3,3,80.7,2,4.0,0
S6510,Artificial Intelligence,8,95.2,20,510.0,24.7,1,85.8,2,3.6,0
S6511,Data Science,7,65.5,12,326.0,66.4,4,51.0,1,4.2,0
S6512,Data Science,5,83.7,18,402.0,88.5,3,68.5,2,2.6,0
S6513,Business Administration,3,91.9,24,169.0,96.5,0,73.3,0,2.9,0
S6514,Information Technology,1,100.0,15,134.0,55.3,2,56.5,0,4.2,1
S6515,Information Technology,1,61.8,22,457.0,48.0,1,71.2,1,4.1,0
S6516,Business Administration,8,90.8,14,413.0,65.0,3,84.7,1,3.0,0
S6517,Information Technology,5,94.8,23,329.0,64.7,1,89.3,0,3.3,0
S6518,Computer Science,2,87.4,24,195.0,81.9,3,26.4,1,3.1,1
S6519,Information Technology,8,65.8,23,592.0,80.3,0,72.6,1,2.1,0
S6520,Business Administration,6,85.0,22,399.0,100.0,2,72.4,1,3.6,0
S6521,Information Technology,7,87.1,21,217.0,70.6,3,80.0,4,2.5,1
S6522,Artificial Intelligence,3,84.1,14,306.0,54.1,1,79.2,2,3.4,0
S6523,Data Science,1,73.8,13,125.0,83.5,0,63.7,1,3.0,1
S6524,Computer Science,5,72.3,19,315.0,60.6,2,64.9,0,3.3,0
S6525,Artificial Intelligence,2,87.5,15,244.0,60.9,1,74.3,2,5.0,0
S6526,Artificial Intelligence,2,73.9,16,586.0,100.0,1,52.6,2,2.1,0
S6527,Business Administration,2,74.2,9,391.0,94.8,0,65.1,4,5.0,0
S6528,Data Science,7,80.3,22,0.0,70.3,0,67.4,1,3.5,1
S6529,Data Science,6,83.9,27,521.0,100.0,2,59.5,3,4.0,0
S6530,Computer Science,4,94.5,15,348.0,92.9,0,49.5,2,2.3,0
S6531,Business Administration,8,67.6,22,485.0,85.0,5,70.5,1,4.4,0
S6532,Computer Science,7,66.5,13,333.0,65.8,3,76.9,2,3.4,1
S6533,Information Technology,6,77.4,16,318.0,40.9,2,80.5,1,3.1,1
S6534,Artificial Intelligence,2,60.4,18,200.0,62.6,1,72.7,0,3.0,1
S6535,Computer Science,5,89.0,19,378.0,69.2,3,65.4,3,1.9,1
S6536,Artificial Intelligence,8,58.1,14,431.0,56.5,0,70.7,4,2.7,0
S6537,Business Administration,3,90.5,27,90.0,80.2,1,55.4,0,2.7,1
S6538,Information Technology,6,95.3,12,202.0,41.3,1,78.2,0,2.7,1
S6539,Business Administration,5,85.1,21,152.0,100.0,0,32.7,2,4.3,0
S6540,Information Technology,7,59.7,17,514.0,69.8,0,60.3,0,3.8,0
S6541,Information Technology,7,83.3,13,434.0,91.3,1,72.6,4,4.6,0
S6542,Artificial Intelligence,8,72.4,20,257.0,91.1,0,57.5,2,2.2,0
S6543,Business Administration,2,67.6,19,429.0,55.8,1,64.5,2,2.8,0
S6544,Business Administration,3,89.0,19,136.0,46.7,0,66.9,0,3.7,1
S6545,Computer Science,1,91.2,21,337.0,66.5,0,56.3,0,3.0,0
S6546,Business Administration,1,97.4,20,412.0,84.8,4,55.1,3,3.0,0
S6547,Computer Science,7,78.6,25,235.0,80.5,1,76.6,2,3.8,0
S6548,Data Science,5,84.1,29,299.0,99.0,2,78.8,0,2.9,0
S6549,Data Science,3,100.0,13,360.0,85.1,0,61.9,1,1.7,0
S6550,Data Science,5,100.0,19,438.0,86.4,1,56.6,0,3.0,0
S6551,Business Administration,3,95.0,25,117.0,63.4,3,67.9,2,4.5,1
S6552,Business Administration,3,77.8,12,280.0,73.4,2,50.2,2,3.5,1
S6553,Computer Science,7,82.1,15,190.0,73.9,2,51.4,2,3.3,1
S6554,Information Technology,5,79.9,22,366.0,89.1,1,56.5,3,3.9,0
S6555,Computer Science,7,90.5,22,263.0,91.6,3,87.4,1,3.1,0
S6556,Data Science,8,72.2,22,398.0,73.8,3,57.5,2,1.5,1
S6557,Computer Science,3,85.9,20,139.0,74.4,2,76.4,2,2.3,1
S6558,Information Technology,6,85.9,11,243.0,84.3,0,49.0,0,2.9,0
S6559,Business Administration,2,86.6,22,540.0,100.0,0,62.6,1,3.5,0
S6560,Computer Science,8,69.7,19,276.0,46.7,2,78.5,0,4.4,0
S6561,Data Science,3,85.0,12,430.0,61.4,2,70.1,2,3.0,0
S6562,Data Science,6,100.0,18,173.0,62.1,3,60.8,3,4.4,1
S6563,Business Administration,3,76.5,19,122.0,54.3,0,65.1,0,4.3,0
S6564,Computer Science,6,85.1,16,469.0,63.7,2,95.2,0,3.0,0
S6565,Information Technology,5,59.9,17,397.0,84.8,2,91.5,2,3.7,0
S6566,Business Administration,1,85.0,17,250.0,95.0,1,61.1,1,3.9,0
S6567,Computer Science,4,84.6,12,496.0,82.1,3,63.5,4,3.9,0
S6568,Artificial Intelligence,8,83.4,21,225.0,81.8,0,75.2,1,3.4,0
S6569,Data Science,3,90.8,20,197.0,61.5,4,84.1,3,4.0,1
S6570,Information Technology,4,78.7,16,302.0,30.1,4,99.9,1,4.6,0
S6571,Information Technology,3,96.1,16,268.0,84.7,0,43.3,1,5.0,0
S6572,Information Technology,5,71.4,17,161.0,100.0,1,69.3,0,3.8,0
S6573,Data Science,5,99.3,18,286.0,95.3,0,55.0,1,3.6,0
S6574,Computer Science,6,84.6,13,330.0,76.3,3,80.3,1,3.2,0
S6575,Business Administration,3,81.1,14,400.0,79.4,2,69.4,2,2.9,0
S6576,Computer Science,5,64.8,22,619.0,100.0,1,78.3,0,2.2,0
S6577,Business Administration,5,68.7,20,447.0,65.5,0,79.3,1,2.1,0
S6578,Information Technology,3,86.2,21,173.0,69.8,2,80.5,2,4.0,1
S6579,Computer Science,6,73.4,11,627.0,45.6,3,68.5,0,3.0,0
S6580,Information Technology,6,93.9,18,306.0,86.4,2,75.5,0,3.0,0
S6581,Artificial Intelligence,6,85.4,19,340.0,69.0,0,47.9,0,3.6,0
S6582,Information Technology,6,64.9,11,218.0,72.6,2,47.5,1,4.3,1
S6583,Information Technology,1,91.1,24,299.0,90.3,0,81.9,0,3.2,0
S6584,Business Administration,3,80.1,10,297.0,64.5,1,67.1,0,1.7,0
S6585,Artificial Intelligence,7,81.5,17,382.0,87.0,0,65.6,1,2.5,0
S6586,Information Technology,1,94.5,17,409.0,87.9,1,60.9,2,5.0,0
S6587,Information Technology,5,65.3,16,254.0,71.5,0,62.7,1,4.7,0
S6588,Artificial Intelligence,1,68.5,24,443.0,93.1,1,66.4,1,5.0,0
S6589,Artificial Intelligence,8,85.9,20,235.0,76.1,1,54.0,0,3.4,0
S6590,Computer Science,7,61.6,17,434.0,90.9,2,73.8,2,2.7,0
S6591,Business Administration,7,74.7,26,221.0,66.9,3,66.1,0,3.4,1
S6592,Artificial Intelligence,7,93.7,11,164.0,88.5,1,71.4,2,3.0,1
S6593,Artificial Intelligence,6,80.7,20,264.0,71.6,1,74.3,2,4.8,0
S6594,Data Science,5,65.5,17,270.0,84.0,2,39.1,1,3.3,0
S6595,Artificial Intelligence,1,84.3,13,182.0,84.4,3,83.0,3,5.0,1
S6596,Business Administration,1,77.1,13,254.0,70.8,1,53.8,1,4.0,0
S6597,Information Technology,8,73.6,20,235.0,70.3,3,52.2,1,4.6,0
S6598,Information Technology,3,100.0,17,300.0,74.2,0,100.0,0,2.2,0
S6599,Information Technology,1,88.9,18,366.0,79.3,3,74.5,1,5.0,0
S6600,Information Technology,8,78.6,22,290.0,88.3,1,78.3,2,3.5,0
S6601,Data Science,5,92.8,11,188.0,82.3,2,59.8,0,3.3,0
S6602,Artificial Intelligence,6,78.5,19,256.0,24.0,0,60.3,0,2.7,1
S6603,Information Technology,3,75.8,22,419.0,93.4,1,56.3,1,2.4,0
S6604,Computer Science,8,85.6,13,220.0,85.3,1,70.2,2,3.8,1
S6605,Information Technology,1,88.1,14,185.0,99.2,3,36.5,1,2.7,1
S6606,Artificial Intelligence,3,93.1,19,115.0,93.3,2,64.3,1,4.5,0
S6607,Information Technology,4,99.1,14,218.0,70.4,0,72.5,0,3.2,0
S6608,Data Science,3,96.3,17,399.0,57.0,1,84.3,0,3.4,0
S6609,Business Administration,7,92.3,17,212.0,100.0,2,47.0,2,2.7,1
S6610,Business Administration,6,93.5,24,296.0,100.0,1,85.0,0,4.0,0
S6611,Artificial Intelligence,7,96.2,17,241.0,91.4,2,70.9,0,3.2,1
S6612,Business Administration,4,90.5,20,234.0,63.7,1,45.8,2,2.9,1
S6613,Business Administration,7,63.0,16,458.0,54.6,0,69.9,0,2.8,0
S6614,Computer Science,4,88.0,19,282.0,70.2,1,77.0,2,4.3,0
S6615,Artificial Intelligence,3,98.5,16,149.0,93.5,1,82.1,2,3.6,1
S6616,Artificial Intelligence,5,72.4,18,117.0,34.7,0,66.3,0,3.2,1
S6617,Business Administration,6,77.3,21,173.0,64.9,2,79.9,0,4.3,0
S6618,Business Administration,5,81.3,9,159.0,100.0,2,58.5,0,3.7,1
S6619,Business Administration,6,84.3,15,403.0,71.6,0,75.7,1,3.6,0
S6620,Data Science,8,75.3,15,275.0,78.7,1,69.9,1,3.0,0
S6621,Information Technology,6,82.7,9,308.0,77.5,1,57.6,0,4.1,0
S6622,Data Science,7,88.2,11,270.0,100.0,1,62.4,2,4.1,0
S6623,Artificial Intelligence,7,57.9,18,276.0,72.2,1,93.2,0,3.7,0
S6624,Computer Science,5,82.9,26,413.0,45.7,0,60.1,1,3.6,0
S6625,Information Technology,2,77.4,26,422.0,96.5,4,77.5,1,5.0,0
S6626,Computer Science,8,61.5,19,515.0,58.8,1,70.1,1,2.8,0
S6627,Artificial Intelligence,4,88.8,23,195.0,51.1,3,72.6,2,3.2,1
S6628,Artificial Intelligence,7,85.7,28,253.0,100.0,1,87.7,0,2.8,1
S6629,Computer Science,8,84.0,14,323.0,91.4,3,83.7,2,3.6,0
S6630,Computer Science,7,89.3,17,489.0,71.4,2,61.5,0,2.7,0
S6631,Computer Science,7,85.9,21,217.0,98.8,0,84.1,0,3.3,0
S6632,Artificial Intelligence,3,73.1,20,413.0,95.6,0,67.5,2,4.2,0
S6633,Business Administration,5,90.7,17,227.0,65.7,3,91.8,3,2.7,1
S6634,Computer Science,5,92.7,18,417.0,81.4,0,79.5,1,4.2,0
S6635,Information Technology,7,69.0,12,311.0,76.1,1,75.3,1,2.6,0
S6636,Artificial Intelligence,3,92.6,14,175.0,66.0,1,90.6,2,3.6,1
S6637,Data Science,7,78.6,15,286.0,78.8,2,100.0,0,3.8,0
S6638,Data Science,4,89.4,15,374.0,91.8,3,79.6,1,4.3,0
S6639,Information Technology,3,83.8,17,0.0,61.2,3,66.0,1,4.2,1
S6640,Business Administration,7,79.9,21,409.0,92.8,4,61.3,0,2.8,0
S6641,Computer Science,6,88.5,17,124.0,44.6,3,86.5,1,3.7,1
S6642,Artificial Intelligence,2,78.0,14,274.0,82.0,0,50.1,0,2.9,0
S6643,Computer Science,6,95.0,16,287.0,64.7,3,55.4,1,4.0,0
S6644,Artificial Intelligence,2,96.9,19,0.0,100.0,1,81.6,0,4.3,0
S6645,Data Science,3,75.4,22,226.0,49.0,2,50.3,1,3.5,1
S6646,Computer Science,6,80.0,18,350.0,73.7,0,51.7,0,3.5,0
S6647,Information Technology,4,77.5,24,524.0,63.0,4,75.0,1,3.4,0
S6648,Business Administration,8,86.5,19,399.0,67.8,4,76.6,1,3.1,0
S6649,Information Technology,6,97.7,18,409.0,57.5,1,67.9,0,3.0,0
S6650,Business Administration,5,62.0,8,41.0,81.1,1,57.0,1,4.3,1
S6651,Computer Science,8,65.0,12,264.0,82.1,0,77.4,0,3.3,0
S6652,Computer Science,8,81.0,15,518.0,46.9,1,70.0,1,3.6,0
S6653,Business Administration,2,84.2,22,420.0,89.2,3,64.0,1,4.0,0
S6654,Data Science,2,70.7,18,239.0,49.5,4,55.9,1,3.7,1
S6655,Artificial Intelligence,7,84.2,24,314.0,78.5,1,74.7,2,3.0,0
S6656,Information Technology,4,73.1,15,418.0,100.0,1,66.1,0,3.5,0
S6657,Information Technology,2,76.6,19,415.0,62.5,1,76.0,1,4.0,0
S6658,Information Technology,2,97.2,21,285.0,72.6,3,85.6,1,3.8,0
S6659,Computer Science,7,77.9,26,271.0,63.8,2,88.7,1,2.4,1
S6660,Information Technology,4,77.7,11,353.0,65.9,5,85.7,0,2.3,1
S6661,Artificial Intelligence,6,83.6,19,417.0,83.6,0,61.0,0,2.9,0
S6662,Artificial Intelligence,3,95.1,22,253.0,100.0,1,52.3,1,3.3,0
S6663,Business Administration,6,81.5,18,78.0,77.4,7,63.7,1,3.0,1
S6664,Computer Science,5,75.3,17,290.0,99.5,0,69.3,2,2.1,1
S6665,Artificial Intelligence,5,88.9,13,148.0,64.9,0,86.8,1,2.4,1
S6666,Data Science,2,91.8,17,532.0,98.0,1,67.4,1,3.2,0
S6667,Computer Science,8,95.7,18,186.0,100.0,1,84.5,1,4.8,0
S6668,Computer Science,5,81.6,8,286.0,99.9,0,70.0,2,5.0,0
S6669,Artificial Intelligence,3,87.7,15,215.0,91.1,4,71.9,2,4.0,0
S6670,Data Science,2,91.5,21,238.0,89.4,2,92.7,0,3.4,0
S6671,Business Administration,7,84.2,31,400.0,64.3,2,90.6,0,3.5,0
S6672,Artificial Intelligence,5,97.8,26,426.0,51.4,1,50.1,0,3.6,0
S6673,Data Science,8,89.8,18,379.0,90.0,4,71.2,0,3.7,0
S6674,Computer Science,7,100.0,21,416.0,63.9,0,68.0,1,3.4,0
S6675,Data Science,1,93.0,21,237.0,65.3,3,46.6,1,3.1,1
S6676,Computer Science,1,58.9,20,168.0,51.2,0,77.5,3,4.9,1
S6677,Artificial Intelligence,1,77.2,12,210.0,67.7,2,67.7,3,2.5,1
S6678,Artificial Intelligence,7,62.6,15,352.0,97.6,0,82.9,1,4.2,0
S6679,Information Technology,1,74.3,17,446.0,95.2,1,53.9,0,2.1,0
S6680,Information Technology,6,77.5,15,152.0,54.3,1,77.7,2,3.8,1
S6681,Information Technology,1,92.4,22,257.0,60.6,0,47.3,1,2.2,1
S6682,Artificial Intelligence,2,76.7,17,267.0,45.6,0,72.1,0,5.0,0
S6683,Business Administration,4,98.7,18,207.0,84.6,2,58.7,3,2.9,1
S6684,Artificial Intelligence,6,74.0,15,372.0,81.4,0,60.8,3,3.6,0
S6685,Data Science,8,78.5,14,420.0,82.9,3,80.5,2,4.3,0
S6686,Artificial Intelligence,4,67.1,20,594.0,70.0,0,24.8,0,2.6,0
S6687,Artificial Intelligence,2,99.3,16,537.0,89.8,1,78.4,0,3.6,0
S6688,Computer Science,8,100.0,19,395.0,72.8,2,46.3,0,3.3,0
S6689,Computer Science,2,80.4,15,245.0,95.2,1,70.5,0,4.3,0
S6690,Computer Science,3,64.2,23,385.0,58.3,1,41.7,1,4.3,0
S6691,Artificial Intelligence,8,79.5,18,65.0,93.7,1,62.1,1,3.8,1
S6692,Business Administration,6,84.8,23,379.0,85.8,2,70.5,1,2.4,0
S6693,Data Science,4,74.4,26,344.0,89.9,3,62.4,0,3.1,0
S6694,Data Science,1,100.0,19,309.0,72.2,1,82.1,3,3.4,0
S6695,Business Administration,2,100.0,16,206.0,100.0,1,25.7,0,4.5,0
S6696,Business Administration,1,61.0,18,395.0,65.1,2,81.1,0,2.4,0
S6697,Data Science,8,68.2,11,181.0,100.0,1,84.6,3,3.3,1
S6698,Information Technology,4,87.5,20,427.0,86.0,3,74.4,1,4.5,0
S6699,Computer Science,7,69.1,26,372.0,98.6,2,40.2,3,3.3,0
S6700,Computer Science,6,84.2,20,352.0,100.0,0,55.9,0,3.5,0
S6701,Data Science,5,82.1,21,182.0,92.0,2,73.0,0,2.0,1
S6702,Business Administration,7,81.5,24,222.0,100.0,1,59.2,2,3.1,1
S6703,Information Technology,8,94.2,20,122.0,95.0,1,57.9,1,3.9,1
S6704,Data Science,8,100.0,14,401.0,91.2,1,83.5,1,2.9,0
S6705,Computer Science,7,86.8,13,304.0,86.5,2,63.8,0,2.1,0
S6706,Artificial Intelligence,5,67.5,10,236.0,84.9,2,70.9,3,2.7,1
S6707,Business Administration,8,83.7,24,284.0,98.2,2,43.0,0,4.5,0
S6708,Artificial Intelligence,8,75.0,21,426.0,62.9,0,60.2,1,3.8,0
S6709,Data Science,2,100.0,12,163.0,75.3,0,72.6,2,4.2,1
S6710,Computer Science,3,90.3,20,247.0,87.2,3,65.6,3,4.0,1
S6711,Information Technology,8,86.8,19,110.0,64.9,1,78.7,3,5.0,0
S6712,Artificial Intelligence,1,89.8,17,174.0,95.4,3,79.1,2,4.3,1
S6713,Information Technology,2,81.5,17,270.0,74.2,1,100.0,2,3.5,0
S6714,Computer Science,3,97.0,17,430.0,55.0,0,66.0,0,3.3,0
S6715,Artificial Intelligence,1,75.1,13,377.0,67.1,1,57.6,0,3.9,0
S6716,Information Technology,4,93.5,11,419.0,95.3,4,80.8,1,4.5,0
S6717,Information Technology,7,100.0,15,380.0,59.2,1,77.7,1,2.8,0
S6718,Artificial Intelligence,7,72.2,14,185.0,60.7,2,62.7,0,3.9,1
S6719,Computer Science,5,86.1,15,503.0,87.3,5,78.9,1,3.7,0
S6720,Information Technology,3,87.0,15,389.0,54.3,4,51.6,1,3.8,0
S6721,Data Science,1,69.1,14,516.0,88.2,1,71.6,1,3.3,0
S6722,Artificial Intelligence,8,65.6,10,501.0,40.9,1,66.4,3,4.0,0
S6723,Business Administration,2,71.0,23,289.0,86.6,2,62.0,0,4.5,0
S6724,Business Administration,1,81.4,18,241.0,76.3,0,59.6,0,3.8,0
S6725,Computer Science,2,87.0,19,32.0,100.0,2,89.5,0,2.1,1
S6726,Data Science,7,77.6,23,320.0,42.9,1,59.9,1,2.7,0
S6727,Information Technology,5,100.0,16,295.0,66.4,0,66.4,1,4.9,0
S6728,Business Administration,8,94.3,13,223.0,87.3,4,65.6,1,2.5,1
S6729,Computer Science,5,87.4,22,240.0,77.1,1,56.0,1,2.5,1
S6730,Data Science,1,76.8,19,362.0,69.0,1,67.3,1,3.0,0
S6731,Data Science,1,82.8,12,74.0,46.2,1,86.3,3,2.9,1
S6732,Computer Science,2,95.2,23,454.0,85.6,0,44.5,1,3.5,0
S6733,Computer Science,2,93.0,20,405.0,100.0,1,68.1,1,3.9,0
S6734,Information Technology,3,92.9,14,257.0,64.7,1,91.4,2,3.8,0
S6735,Computer Science,7,78.4,16,291.0,79.4,1,38.7,1,3.1,0
S6736,Information Technology,3,75.7,17,338.0,84.3,3,59.0,0,3.1,0
S6737,Information Technology,3,64.9,11,398.0,70.8,0,77.9,2,3.2,0
S6738,Artificial Intelligence,1,88.3,18,543.0,77.2,2,35.4,2,4.5,0
S6739,Data Science,6,63.8,20,237.0,59.4,2,43.7,2,3.1,1
S6740,Data Science,6,81.8,17,464.0,53.0,2,54.2,0,3.8,0
S6741,Data Science,6,77.0,15,273.0,100.0,5,58.0,1,3.4,0
S6742,Artificial Intelligence,6,84.7,17,252.0,75.8,0,62.5,1,3.1,0
S6743,Information Technology,3,96.0,14,269.0,87.9,0,72.8,0,4.2,0
S6744,Information Technology,1,98.2,18,430.0,85.9,1,52.1,0,3.0,0
S6745,Computer Science,6,90.4,19,231.0,60.8,3,53.8,1,3.7,1
S6746,Artificial Intelligence,8,72.8,19,313.0,54.5,0,70.1,0,4.0,0
S6747,Computer Science,5,81.7,18,238.0,66.9,0,84.3,3,3.8,0
S6748,Artificial Intelligence,4,71.5,14,249.0,82.0,1,63.9,0,3.8,0
S6749,Computer Science,5,74.1,10,462.0,63.1,0,90.6,1,3.5,0
S6750,Business Administration,1,87.8,20,299.0,69.6,1,66.2,2,3.6,0
S6751,Data Science,1,70.3,21,220.0,41.8,0,67.8,0,3.5,0
S6752,Data Science,4,76.5,16,248.0,77.3,0,58.7,0,3.1,0
S6753,Information Technology,2,69.2,23,334.0,79.4,1,73.6,0,3.0,0
S6754,Business Administration,2,89.9,19,294.0,77.9,0,85.8,1,3.5,0
S6755,Data Science,8,77.7,18,300.0,59.8,1,76.8,1,3.6,0
S6756,Information Technology,2,55.4,21,264.0,60.2,0,54.9,0,3.7,0
S6757,Business Administration,3,100.0,10,425.0,58.3,1,69.0,2,4.0,0
S6758,Data Science,2,94.2,18,369.0,70.4,1,56.3,1,2.6,0
S6759,Computer Science,7,57.8,23,273.0,65.2,0,66.0,0,3.8,0
S6760,Artificial Intelligence,3,90.8,21,316.0,100.0,1,81.7,0,3.8,0
S6761,Business Administration,3,100.0,27,202.0,100.0,1,61.6,0,3.8,0
S6762,Information Technology,8,79.8,18,291.0,94.3,2,76.7,4,3.8,0
S6763,Business Administration,2,83.8,11,217.0,79.8,0,87.3,0,2.9,0
S6764,Information Technology,2,78.2,22,323.0,72.3,4,69.2,2,3.7,0
S6765,Business Administration,8,88.2,18,288.0,62.9,2,60.1,2,3.7,0
S6766,Information Technology,4,94.4,17,271.0,79.2,2,96.3,1,2.1,1
S6767,Data Science,6,67.7,18,317.0,75.1,1,40.6,1,4.6,0
S6768,Computer Science,8,73.5,18,336.0,59.4,3,72.6,0,2.8,0
S6769,Data Science,4,83.2,16,431.0,63.8,1,51.8,4,3.7,0
S6770,Computer Science,3,85.7,19,393.0,43.0,2,70.8,1,1.8,1
S6771,Data Science,4,86.9,17,414.0,59.7,3,81.7,1,4.4,0
S6772,Data Science,3,79.7,17,258.0,85.2,1,71.0,1,3.0,0
S6773,Business Administration,1,71.4,19,335.0,96.6,0,97.2,0,3.2,0
S6774,Artificial Intelligence,3,93.8,18,508.0,87.5,4,90.4,2,2.7,0
S6775,Information Technology,3,67.3,21,288.0,68.9,1,71.6,1,3.1,0
S6776,Information Technology,4,76.1,12,316.0,48.0,3,100.0,0,3.6,0
S6777,Information Technology,6,82.2,14,317.0,56.5,1,74.3,0,4.7,0
S6778,Computer Science,1,87.8,22,288.0,85.9,4,62.4,2,4.2,0
S6779,Information Technology,5,78.5,17,455.0,85.3,2,56.0,0,4.2,0
S6780,Information Technology,5,91.0,13,247.0,66.3,1,75.8,0,2.5,1
S6781,Business Administration,6,97.0,21,430.0,70.7,1,72.0,2,3.7,0
S6782,Data Science,5,74.5,15,392.0,100.0,2,72.7,0,3.2,0
S6783,Information Technology,1,86.7,18,293.0,46.3,0,63.2,1,2.6,0
S6784,Artificial Intelligence,2,85.0,25,251.0,78.2,0,73.3,0,3.0,0
S6785,Information Technology,1,77.9,19,296.0,56.1,4,100.0,1,3.5,1
S6786,Computer Science,4,59.1,18,439.0,57.2,2,72.5,0,3.2,0
S6787,Computer Science,8,86.3,15,429.0,85.5,2,85.7,0,3.7,0
S6788,Computer Science,7,87.6,15,396.0,100.0,1,85.0,0,2.5,0
S6789,Information Technology,3,95.0,21,290.0,89.1,1,48.3,1,5.0,0
S6790,Business Administration,3,78.0,22,305.0,100.0,2,73.1,2,3.7,0
S6791,Artificial Intelligence,8,74.0,16,375.0,43.2,1,62.7,1,3.1,0
S6792,Information Technology,4,71.0,18,272.0,86.8,2,50.9,1,3.2,1
S6793,Business Administration,4,46.0,17,401.0,94.3,0,38.2,1,2.3,0
S6794,Business Administration,7,77.1,20,318.0,73.6,0,90.9,2,2.3,0
S6795,Information Technology,7,100.0,18,422.0,93.0,0,84.1,0,3.3,0
S6796,Information Technology,3,97.3,20,130.0,100.0,2,54.7,0,3.7,1
S6797,Business Administration,7,70.1,17,227.0,80.7,1,63.5,2,2.5,1
S6798,Business Administration,7,75.8,13,260.0,70.9,4,73.1,2,2.8,1
S6799,Business Administration,7,75.7,20,350.0,98.4,1,73.7,2,3.6,0
S6800,Information Technology,8,98.8,16,255.0,98.0,1,67.0,2,2.7,0
S6801,Business Administration,6,100.0,25,562.0,73.1,2,59.2,1,4.2,0
S6802,Computer Science,2,83.1,16,154.0,68.1,1,86.0,1,3.7,0
S6803,Information Technology,7,85.2,16,422.0,97.9,1,48.0,0,3.1,0
S6804,Computer Science,2,88.2,22,448.0,70.1,2,51.1,0,3.6,0
S6805,Data Science,2,81.8,18,360.0,77.0,5,70.8,0,2.8,1
S6806,Information Technology,4,85.4,13,262.0,83.5,0,67.2,2,2.8,1
S6807,Data Science,7,82.6,21,298.0,74.7,2,57.8,0,4.7,0
S6808,Business Administration,3,87.7,16,398.0,78.4,2,38.4,0,4.8,0
S6809,Business Administration,6,58.0,16,108.0,63.1,1,76.7,0,3.2,1
S6810,Artificial Intelligence,3,76.2,19,224.0,88.1,1,49.9,2,3.5,1
S6811,Business Administration,7,67.8,12,235.0,70.7,2,60.1,0,3.2,1
S6812,Data Science,3,90.3,18,365.0,100.0,1,80.2,1,4.4,0
S6813,Business Administration,7,72.6,16,431.0,80.1,2,64.3,3,5.0,0
S6814,Information Technology,6,63.2,18,538.0,96.5,1,46.3,2,3.0,0
S6815,Business Administration,1,60.5,19,76.0,89.3,1,55.3,1,2.5,1
S6816,Artificial Intelligence,6,87.4,11,177.0,98.2,3,93.1,1,4.2,0
S6817,Business Administration,8,70.9,16,259.0,69.9,2,63.5,2,4.1,0
S6818,Data Science,1,80.3,14,367.0,56.7,0,63.0,1,4.5,0
S6819,Data Science,5,100.0,16,392.0,61.8,0,80.2,1,3.7,0
S6820,Business Administration,1,86.5,17,159.0,60.5,1,60.2,1,1.9,1
S6821,Data Science,2,75.9,18,345.0,63.3,1,100.0,1,2.5,0
S6822,Data Science,8,67.9,18,0.0,56.9,1,72.1,1,5.0,1
S6823,Artificial Intelligence,2,87.2,14,335.0,75.9,1,76.7,0,3.5,0
S6824,Information Technology,8,80.5,18,297.0,91.4,0,51.2,1,2.8,0
S6825,Artificial Intelligence,6,88.9,15,288.0,54.7,3,61.7,2,2.0,1
S6826,Computer Science,2,53.4,16,253.0,65.9,1,75.1,0,3.9,0
S6827,Artificial Intelligence,2,95.6,28,289.0,96.4,1,70.6,0,3.6,0
S6828,Business Administration,5,61.4,21,339.0,50.1,4,61.1,0,2.5,1
S6829,Information Technology,2,76.2,21,499.0,78.0,2,76.5,1,2.8,0
S6830,Business Administration,4,98.7,14,146.0,88.6,0,82.5,2,2.9,1
S6831,Computer Science,4,55.2,20,267.0,100.0,3,96.3,2,3.9,0
S6832,Information Technology,4,81.0,17,365.0,35.5,1,54.8,0,4.9,0
S6833,Data Science,1,78.7,11,293.0,54.3,1,100.0,1,3.2,0
S6834,Artificial Intelligence,6,81.7,16,315.0,83.3,3,94.4,3,4.8,0
S6835,Business Administration,6,86.3,13,230.0,71.3,1,97.1,1,3.5,0
S6836,Computer Science,3,82.2,20,399.0,28.7,0,63.2,0,2.8,0
S6837,Data Science,5,65.9,12,39.0,70.0,1,75.2,2,4.6,1
S6838,Artificial Intelligence,4,83.2,21,181.0,61.7,0,79.3,1,3.9,0
S6839,Data Science,4,81.8,14,535.0,48.3,0,58.8,0,4.6,0
S6840,Artificial Intelligence,2,81.3,13,153.0,71.2,1,49.0,0,3.8,1
S6841,Information Technology,4,100.0,21,195.0,54.1,3,58.2,1,5.0,0
S6842,Data Science,2,98.0,19,205.0,62.4,0,76.8,0,3.7,0
S6843,Data Science,2,100.0,13,235.0,100.0,0,63.1,2,3.9,0
S6844,Data Science,3,86.1,16,298.0,100.0,0,100.0,1,2.9,0
S6845,Information Technology,1,100.0,15,429.0,61.8,1,75.4,0,4.3,0
S6846,Computer Science,2,71.7,20,357.0,80.1,0,77.1,0,3.4,0
S6847,Artificial Intelligence,2,77.7,19,272.0,89.2,2,58.4,0,4.1,0
S6848,Data Science,6,75.0,17,510.0,62.8,1,73.3,1,4.7,0
S6849,Information Technology,3,76.0,17,250.0,60.5,3,65.5,1,3.6,1
S6850,Computer Science,2,82.5,10,307.0,89.5,3,53.8,2,4.1,0
S6851,Artificial Intelligence,5,84.4,13,314.0,73.9,2,68.9,0,4.6,0
S6852,Information Technology,1,87.2,24,402.0,74.1,1,95.1,2,2.7,0
S6853,Artificial Intelligence,8,100.0,28,162.0,56.9,3,54.0,0,3.6,1
S6854,Data Science,5,63.7,17,177.0,59.6,0,50.8,0,2.2,1
S6855,Computer Science,4,67.5,19,413.0,79.1,3,40.1,0,3.4,0
S6856,Information Technology,1,52.7,19,514.0,70.2,2,29.0,1,4.3,0
S6857,Computer Science,4,71.9,22,256.0,79.7,4,87.5,1,2.0,1
S6858,Data Science,6,76.7,17,149.0,94.9,2,82.6,0,2.8,1
S6859,Computer Science,7,73.6,10,157.0,80.7,0,96.1,0,2.5,1
S6860,Computer Science,7,68.3,14,424.0,66.3,1,69.2,1,4.2,0
S6861,Business Administration,7,83.1,12,98.0,94.3,0,58.8,1,3.9,1
S6862,Computer Science,2,77.4,22,308.0,77.4,0,61.6,0,4.4,0
S6863,Artificial Intelligence,3,71.4,25,279.0,100.0,0,65.2,0,4.3,0
S6864,Information Technology,5,83.8,22,219.0,65.2,4,77.4,2,3.1,1
S6865,Business Administration,4,75.1,16,197.0,75.9,0,89.0,1,3.4,0
S6866,Information Technology,2,95.9,19,384.0,71.9,4,93.8,0,3.2,0
S6867,Information Technology,7,80.0,18,393.0,79.9,2,73.7,1,4.7,0
S6868,Data Science,5,77.8,17,440.0,82.2,1,59.9,0,3.9,0
S6869,Data Science,5,85.1,27,358.0,77.9,0,75.5,5,4.3,0
S6870,Business Administration,6,57.9,16,301.0,92.5,1,55.4,0,4.1,0
S6871,Data Science,6,96.6,19,320.0,85.4,1,58.0,1,3.1,0
S6872,Data Science,7,91.4,22,419.0,100.0,1,79.5,0,2.8,0
S6873,Data Science,4,72.5,24,95.0,100.0,1,54.5,1,3.9,1
S6874,Information Technology,7,68.4,14,353.0,65.3,0,60.6,1,4.7,0
S6875,Business Administration,7,69.9,14,231.0,68.5,1,45.7,0,3.8,1
S6876,Information Technology,2,65.1,18,345.0,54.9,4,64.2,2,2.6,1
S6877,Artificial Intelligence,3,61.6,21,176.0,100.0,0,91.4,1,4.0,0
S6878,Information Technology,7,64.7,18,402.0,70.1,1,78.3,0,3.1,0
S6879,Artificial Intelligence,4,50.2,9,371.0,82.5,2,75.8,0,2.1,0
S6880,Computer Science,5,77.6,15,215.0,56.3,2,57.4,0,4.8,0
S6881,Computer Science,5,80.4,20,244.0,80.2,3,61.7,2,2.8,1
S6882,Artificial Intelligence,8,97.4,23,233.0,46.2,3,36.3,2,4.5,1
S6883,Artificial Intelligence,1,93.8,12,307.0,99.5,3,79.1,1,4.6,0
S6884,Information Technology,7,73.2,16,544.0,100.0,0,79.2,0,3.8,0
S6885,Artificial Intelligence,8,79.0,17,82.0,90.6,0,78.6,1,2.8,1
S6886,Business Administration,8,95.2,10,339.0,60.9,0,88.6,3,4.4,0
S6887,Computer Science,2,76.6,19,352.0,88.0,4,73.6,2,2.9,1
S6888,Computer Science,1,84.0,25,236.0,81.6,2,48.6,1,3.5,1
S6889,Artificial Intelligence,6,74.7,25,99.0,100.0,1,70.2,0,3.3,0
S6890,Data Science,3,82.5,21,276.0,93.2,1,86.5,1,3.2,0
S6891,Data Science,4,83.0,23,154.0,58.7,1,74.2,2,3.7,1
S6892,Artificial Intelligence,7,77.8,19,367.0,98.9,1,70.6,0,2.2,0
S6893,Business Administration,5,94.8,22,134.0,76.5,0,65.2,1,3.0,1
S6894,Data Science,2,71.6,13,294.0,100.0,2,85.8,2,2.8,0
S6895,Artificial Intelligence,5,83.4,15,208.0,49.8,1,53.2,0,3.9,0
S6896,Business Administration,7,100.0,19,434.0,87.5,1,51.2,1,4.1,0
S6897,Business Administration,6,85.7,17,488.0,72.7,1,80.2,3,3.3,0
S6898,Information Technology,1,72.4,13,257.0,79.7,1,77.4,1,4.0,0
S6899,Business Administration,7,86.2,16,174.0,65.8,1,88.3,1,3.4,1
S6900,Data Science,1,100.0,23,501.0,87.0,1,45.7,0,3.3,0
S6901,Data Science,4,82.5,14,284.0,61.1,1,77.9,0,3.8,0
S6902,Artificial Intelligence,2,91.5,13,338.0,49.8,1,75.1,1,3.7,0
S6903,Artificial Intelligence,6,82.1,16,285.0,64.5,2,81.9,0,2.7,0
S6904,Business Administration,2,85.3,17,275.0,64.7,3,73.4,2,4.2,0
S6905,Computer Science,4,81.1,26,241.0,72.3,2,82.6,4,2.4,1
S6906,Information Technology,6,69.8,23,73.0,90.8,2,51.9,1,2.5,1
S6907,Computer Science,8,86.5,16,512.0,61.2,1,78.5,1,2.7,0
S6908,Business Administration,6,67.3,18,324.0,92.2,1,65.6,1,3.5,0
S6909,Business Administration,1,78.3,13,290.0,88.4,0,78.0,1,4.8,0
S6910,Computer Science,1,100.0,21,411.0,96.1,1,58.2,2,4.5,0
S6911,Information Technology,1,81.1,18,233.0,71.4,0,71.0,1,2.8,0
S6912,Computer Science,5,70.9,17,344.0,100.0,1,75.0,2,3.4,0
S6913,Artificial Intelligence,8,84.9,23,208.0,72.6,3,72.6,2,2.5,1
S6914,Data Science,3,75.4,13,259.0,94.1,1,71.4,0,2.9,0
S6915,Artificial Intelligence,7,83.3,12,370.0,100.0,3,56.9,1,5.0,0
S6916,Data Science,1,67.9,22,333.0,99.7,3,62.4,0,3.3,0
S6917,Business Administration,3,91.4,24,261.0,75.9,0,37.6,2,4.4,0
S6918,Information Technology,3,83.5,21,388.0,58.0,0,65.4,2,4.1,0
S6919,Computer Science,2,70.0,11,207.0,60.8,1,71.7,1,3.0,1
S6920,Information Technology,4,86.3,20,190.0,60.2,0,68.4,1,2.8,1
S6921,Computer Science,5,100.0,14,246.0,65.6,0,52.4,1,3.5,1
S6922,Artificial Intelligence,3,72.4,12,272.0,77.4,1,82.2,1,3.4,0
S6923,Artificial Intelligence,7,91.1,18,260.0,89.6,1,73.9,0,4.2,0
S6924,Computer Science,5,87.0,17,249.0,92.0,4,69.4,0,3.3,1
S6925,Information Technology,2,86.8,17,408.0,95.3,0,58.7,0,4.2,0
S6926,Computer Science,1,92.8,18,480.0,94.2,1,55.5,2,3.0,0
S6927,Business Administration,6,78.7,18,284.0,75.8,1,78.4,2,3.5,1
S6928,Artificial Intelligence,3,83.8,17,371.0,89.7,3,80.9,0,2.7,0
S6929,Business Administration,4,83.2,20,212.0,73.2,1,59.2,0,2.1,1
S6930,Artificial Intelligence,6,71.7,12,289.0,83.5,3,42.3,1,2.8,1
S6931,Artificial Intelligence,2,87.5,21,356.0,73.9,1,73.6,2,3.9,0
S6932,Data Science,5,77.7,15,199.0,77.6,2,100.0,0,4.6,0
S6933,Business Administration,7,100.0,16,390.0,71.8,1,54.1,1,3.4,0
S6934,Business Administration,8,75.9,23,213.0,46.0,2,66.5,1,3.9,1
S6935,Data Science,1,66.2,17,423.0,73.1,3,70.5,2,3.2,0
S6936,Information Technology,5,95.4,21,402.0,88.9,1,67.7,1,3.1,0
S6937,Business Administration,4,73.1,24,434.0,95.1,2,87.3,1,4.4,0
S6938,Computer Science,3,67.4,24,423.0,86.8,0,52.2,0,4.5,0
S6939,Data Science,4,86.7,14,532.0,60.8,1,89.8,0,4.6,0
S6940,Business Administration,5,98.0,10,361.0,69.0,4,68.4,1,4.2,0
S6941,Information Technology,5,90.8,23,126.0,49.1,3,74.8,2,3.2,1
S6942,Business Administration,6,75.1,15,315.0,90.2,2,70.3,0,3.0,0
S6943,Artificial Intelligence,4,83.5,29,245.0,61.9,2,66.5,1,2.2,1
S6944,Computer Science,4,78.6,23,136.0,84.7,1,60.4,1,5.0,0
S6945,Data Science,4,100.0,23,453.0,86.1,2,64.6,0,2.3,0
S6946,Artificial Intelligence,1,76.8,12,263.0,62.0,1,98.4,1,3.5,1
S6947,Information Technology,7,83.2,24,121.0,82.9,2,85.4,2,2.2,1
S6948,Artificial Intelligence,5,84.0,17,223.0,100.0,2,67.0,2,4.4,0
S6949,Artificial Intelligence,2,68.1,19,572.0,71.7,2,79.3,2,3.8,0
S6950,Information Technology,1,79.7,18,464.0,97.5,1,78.0,3,4.6,0
S6951,Artificial Intelligence,1,79.9,20,388.0,82.8,0,37.3,1,3.7,0
S6952,Data Science,1,98.5,16,376.0,83.5,2,60.9,1,4.1,0
S6953,Business Administration,6,84.3,15,192.0,76.4,0,46.5,0,3.8,0
S6954,Artificial Intelligence,8,77.5,20,183.0,94.8,0,68.5,0,4.5,0
S6955,Data Science,7,80.3,17,367.0,75.2,0,86.0,1,3.8,0
S6956,Business Administration,7,81.2,22,491.0,88.8,1,76.9,1,4.3,0
S6957,Business Administration,2,81.5,21,178.0,94.8,1,70.4,0,5.0,0
S6958,Artificial Intelligence,8,93.1,13,288.0,96.3,2,57.5,0,2.9,0
S6959,Data Science,4,93.7,19,328.0,88.2,0,44.1,1,2.9,0
S6960,Artificial Intelligence,6,70.1,13,242.0,91.7,1,75.7,0,4.5,0
S6961,Information Technology,5,94.8,13,279.0,78.5,1,68.0,1,3.7,0
S6962,Business Administration,8,91.0,18,177.0,70.4,1,70.9,2,3.7,1
S6963,Artificial Intelligence,3,81.4,11,337.0,83.9,1,66.4,0,4.0,0
S6964,Business Administration,6,64.3,11,321.0,84.1,1,70.0,1,3.7,0
S6965,Data Science,3,84.6,15,374.0,84.0,0,64.1,1,2.2,0
S6966,Computer Science,5,77.8,12,276.0,98.1,1,70.3,1,3.7,0
S6967,Artificial Intelligence,2,88.7,17,386.0,78.6,1,63.3,1,2.6,0
S6968,Artificial Intelligence,7,89.8,12,341.0,53.6,1,87.5,1,3.9,0
S6969,Business Administration,3,97.8,19,448.0,41.4,3,62.2,2,3.9,0
S6970,Data Science,1,69.3,9,268.0,81.4,1,100.0,1,3.8,0
S6971,Information Technology,6,100.0,11,413.0,96.5,1,77.6,3,3.4,0
S6972,Data Science,8,92.7,21,273.0,74.2,0,47.1,0,5.0,0
S6973,Artificial Intelligence,8,90.6,19,377.0,100.0,2,100.0,0,5.0,0
S6974,Information Technology,3,100.0,19,459.0,81.0,1,96.3,1,2.1,0
S6975,Data Science,5,85.8,21,441.0,100.0,2,34.3,0,3.1,0
S6976,Computer Science,7,94.4,21,276.0,76.5,0,67.9,1,4.9,0
S6977,Business Administration,1,84.0,19,237.0,100.0,2,39.5,0,4.3,0
S6978,Data Science,8,92.1,18,417.0,70.7,3,48.6,0,3.3,0
S6979,Data Science,3,95.9,14,246.0,97.3,2,55.2,3,4.5,0
S6980,Computer Science,7,94.7,15,419.0,88.8,2,76.4,0,2.9,0
S6981,Artificial Intelligence,5,63.9,24,157.0,84.5,0,67.3,1,2.9,1
S6982,Business Administration,2,77.0,22,357.0,84.4,3,78.4,1,3.5,0
S6983,Data Science,5,96.1,17,256.0,100.0,2,87.2,0,3.9,0
S6984,Information Technology,2,88.0,16,100.0,75.1,1,45.8,3,3.9,1
S6985,Data Science,8,81.4,18,207.0,80.3,2,77.8,1,3.7,1
S6986,Business Administration,7,88.1,18,254.0,100.0,1,80.6,2,3.6,0
S6987,Data Science,7,68.8,18,531.0,88.1,0,42.8,2,3.4,0
S6988,Computer Science,1,91.4,18,0.0,100.0,1,96.9,0,3.2,1
S6989,Data Science,5,86.5,12,260.0,73.9,0,76.4,1,3.5,0
S6990,Data Science,4,83.0,12,258.0,68.7,2,68.5,2,3.8,1
S6991,Information Technology,8,79.9,12,184.0,92.2,2,63.1,2,2.9,1
S6992,Computer Science,6,84.8,20,253.0,82.3,2,100.0,2,2.4,1
S6993,Computer Science,4,78.7,13,282.0,74.7,0,52.7,2,3.6,0
S6994,Data Science,8,78.1,18,220.0,48.0,2,100.0,0,3.6,0
S6995,Information Technology,4,100.0,16,343.0,46.1,1,28.2,2,3.2,0
S6996,Data Science,4,63.0,17,490.0,43.4,2,55.4,0,3.1,0
S6997,Data Science,6,63.2,14,294.0,84.4,1,66.4,1,3.6,0
S6998,Business Administration,4,91.4,17,218.0,59.0,1,82.2,0,3.5,0
S6999,Business Administration,2,67.4,19,287.0,46.9,1,57.6,0,3.4,0
S7000,Information Technology,5,58.0,17,258.0,62.4,1,57.2,0,5.0,0
S7001,Artificial Intelligence,7,94.2,23,432.0,43.8,1,70.4,2,2.0,0
S7002,Business Administration,1,97.1,22,244.0,67.1,1,51.9,2,2.5,1
S7003,Artificial Intelligence,4,66.3,21,358.0,66.2,2,79.9,0,3.4,0
S7004,Computer Science,7,60.5,17,335.0,87.1,0,41.1,1,4.1,0
S7005,Business Administration,4,67.4,22,313.0,80.9,1,52.7,1,2.9,0
S7006,Business Administration,8,73.6,15,164.0,69.3,1,57.4,0,2.6,1
S7007,Information Technology,1,100.0,15,226.0,89.9,0,67.5,0,3.4,0
S7008,Artificial Intelligence,8,76.8,21,277.0,55.7,3,67.0,2,3.4,1
S7009,Business Administration,1,92.0,17,157.0,69.4,2,100.0,2,2.1,1
S7010,Business Administration,4,90.7,24,182.0,63.8,0,70.3,1,3.8,0
S7011,Information Technology,2,97.9,16,242.0,77.0,0,64.4,0,3.4,0
S7012,Information Technology,7,74.5,23,341.0,40.7,3,62.3,0,3.9,0
S7013,Artificial Intelligence,1,81.9,17,469.0,100.0,0,75.4,3,3.9,0
S7014,Computer Science,5,79.4,25,332.0,84.4,0,43.4,2,1.7,0
S7015,Computer Science,7,88.5,23,315.0,85.0,2,45.1,1,3.5,0
S7016,Data Science,5,96.6,18,308.0,41.4,1,27.7,1,3.4,1
S7017,Business Administration,7,100.0,31,259.0,82.0,0,53.9,0,3.1,0
S7018,Artificial Intelligence,2,77.3,27,289.0,74.0,3,94.1,3,3.7,0
S7019,Business Administration,8,83.7,16,368.0,98.1,1,59.9,0,3.2,0
S7020,Artificial Intelligence,6,92.4,21,414.0,72.8,1,45.6,1,2.9,0
S7021,Artificial Intelligence,8,89.3,22,7.0,71.6,1,71.6,2,3.3,1
S7022,Artificial Intelligence,3,100.0,15,387.0,77.0,0,87.0,0,2.8,0
S7023,Business Administration,2,80.7,18,265.0,100.0,2,75.6,2,3.6,0
S7024,Information Technology,4,77.2,18,359.0,49.7,3,76.7,2,3.1,0
S7025,Business Administration,3,98.5,8,343.0,46.7,2,88.4,2,3.3,0
S7026,Artificial Intelligence,4,85.6,12,284.0,37.6,1,64.1,1,2.3,1
S7027,Data Science,5,88.5,15,363.0,97.5,1,48.9,3,2.6,1
S7028,Computer Science,1,81.1,19,334.0,95.3,0,77.1,0,3.8,0
S7029,Artificial Intelligence,7,93.1,17,295.0,56.3,1,68.0,0,4.5,0
S7030,Data Science,4,71.6,13,287.0,52.4,2,54.2,1,3.5,1
S7031,Information Technology,5,76.5,15,182.0,95.3,1,40.8,0,4.8,0
S7032,Artificial Intelligence,2,50.2,18,302.0,52.0,2,83.0,0,4.0,0
S7033,Data Science,4,74.5,22,61.0,72.8,1,52.7,2,3.3,1
S7034,Artificial Intelligence,8,93.2,14,335.0,68.1,0,73.7,0,4.7,0
S7035,Business Administration,5,82.6,14,390.0,100.0,2,61.9,2,2.9,0
S7036,Data Science,1,70.9,6,126.0,75.0,4,86.9,3,3.8,1
S7037,Business Administration,7,99.2,17,267.0,100.0,1,78.6,1,3.7,0
S7038,Business Administration,4,83.7,13,470.0,86.3,1,74.8,1,1.6,0
S7039,Data Science,6,100.0,12,562.0,69.5,2,72.1,0,3.3,0
S7040,Computer Science,5,92.3,15,288.0,67.6,1,44.5,1,4.9,0
S7041,Data Science,4,84.3,22,307.0,79.4,3,69.7,0,3.1,0
S7042,Computer Science,1,100.0,14,291.0,79.6,0,60.3,0,3.1,0
S7043,Artificial Intelligence,7,77.5,17,318.0,68.9,3,69.7,2,3.9,1
S7044,Artificial Intelligence,4,68.9,25,448.0,88.0,2,64.5,0,1.7,0
S7045,Data Science,4,100.0,19,300.0,78.7,3,46.0,0,4.1,0
S7046,Artificial Intelligence,7,89.3,17,135.0,65.4,2,67.2,1,3.2,1
S7047,Information Technology,6,98.7,16,331.0,71.5,1,43.3,0,2.7,0
S7048,Business Administration,5,92.6,22,254.0,87.2,2,83.4,0,4.2,0
S7049,Business Administration,3,100.0,18,166.0,58.9,1,75.0,1,3.8,1
S7050,Computer Science,8,75.9,12,166.0,58.9,4,57.9,0,4.7,1
S7051,Artificial Intelligence,7,79.7,19,287.0,55.0,4,59.0,2,3.8,1
S7052,Computer Science,4,79.6,12,375.0,71.5,0,33.5,0,3.6,0
S7053,Business Administration,3,79.8,23,369.0,73.5,1,69.1,0,3.7,0
S7054,Business Administration,2,63.2,20,445.0,58.0,0,60.1,0,3.4,0
S7055,Artificial Intelligence,4,84.0,28,209.0,78.0,4,93.0,0,2.7,1
S7056,Information Technology,3,91.5,19,256.0,78.1,0,69.4,0,4.0,0
S7057,Information Technology,2,73.8,12,376.0,94.7,4,86.3,0,3.4,0
S7058,Artificial Intelligence,6,71.0,6,386.0,94.1,2,66.8,0,4.2,0
S7059,Artificial Intelligence,5,80.4,21,237.0,42.0,3,86.9,0,3.0,1
S7060,Computer Science,4,91.4,17,218.0,83.2,2,56.4,1,2.8,1
S7061,Artificial Intelligence,5,69.1,17,357.0,42.5,1,76.3,0,3.6,0
S7062,Information Technology,2,100.0,21,406.0,88.2,2,62.1,0,3.5,0
S7063,Artificial Intelligence,5,66.4,23,271.0,87.9,1,87.4,0,3.7,0
S7064,Computer Science,5,75.2,17,355.0,59.9,0,55.8,4,3.4,0
S7065,Computer Science,7,95.6,13,300.0,84.1,1,61.0,0,4.4,0
S7066,Computer Science,1,93.6,12,222.0,59.4,2,74.3,0,2.1,1
S7067,Computer Science,2,92.6,23,388.0,75.6,1,58.5,3,3.1,0
S7068,Data Science,5,73.8,18,273.0,79.4,3,81.7,0,3.6,0
S7069,Artificial Intelligence,8,76.1,17,118.0,73.2,1,76.5,1,3.6,1
S7070,Business Administration,3,71.7,16,221.0,91.4,3,100.0,1,3.3,0
S7071,Artificial Intelligence,2,78.2,22,30.0,63.9,1,88.5,2,2.7,1
S7072,Data Science,1,86.6,17,624.0,87.0,0,74.1,0,1.3,0
S7073,Computer Science,4,71.7,15,456.0,55.8,1,60.2,0,4.1,0
S7074,Data Science,6,61.0,16,142.0,40.0,3,78.4,2,3.6,1
S7075,Information Technology,5,96.0,15,229.0,47.1,1,64.8,2,4.2,1
S7076,Information Technology,3,79.8,23,327.0,60.2,0,96.0,3,1.9,0
S7077,Artificial Intelligence,1,91.0,15,492.0,89.8,1,67.1,1,2.7,0
S7078,Artificial Intelligence,2,78.3,24,387.0,87.8,0,50.2,0,3.3,0
S7079,Business Administration,6,88.5,15,326.0,74.0,2,68.6,3,2.3,1
S7080,Business Administration,6,100.0,11,229.0,40.3,2,72.6,0,3.2,1
S7081,Information Technology,8,68.3,24,357.0,100.0,0,70.0,2,4.2,0
S7082,Computer Science,5,72.7,14,353.0,50.6,1,81.5,2,2.8,0
S7083,Data Science,1,71.2,13,304.0,84.4,0,51.2,0,4.5,0
S7084,Business Administration,1,100.0,11,290.0,70.6,2,69.8,4,2.9,1
S7085,Business Administration,3,81.8,16,246.0,85.2,0,52.3,2,4.1,0
S7086,Computer Science,4,92.6,17,454.0,100.0,4,24.3,0,2.9,0
S7087,Computer Science,4,50.3,15,97.0,81.4,1,62.0,0,4.6,1
S7088,Artificial Intelligence,7,86.5,16,337.0,90.8,3,54.8,0,3.8,0
S7089,Data Science,4,77.7,19,302.0,100.0,2,90.6,1,3.9,0
S7090,Computer Science,7,98.7,19,64.0,96.3,2,69.9,0,2.7,1
S7091,Business Administration,6,89.9,31,255.0,48.7,2,69.1,2,3.0,1
S7092,Business Administration,6,77.0,19,178.0,28.5,0,71.2,1,3.8,1
S7093,Information Technology,8,100.0,18,176.0,87.6,1,72.2,0,4.0,0
S7094,Computer Science,2,100.0,16,206.0,69.6,3,93.9,1,2.7,1
S7095,Artificial Intelligence,6,100.0,16,449.0,92.4,4,52.9,3,4.5,0
S7096,Data Science,6,91.1,15,293.0,32.1,1,37.3,1,3.6,0
S7097,Artificial Intelligence,1,78.7,17,389.0,99.0,1,62.3,0,3.9,0
S7098,Business Administration,2,84.8,22,156.0,76.2,3,65.1,1,3.8,1
S7099,Artificial Intelligence,1,77.0,17,226.0,100.0,2,71.4,1,2.4,1
S7100,Business Administration,3,84.7,23,249.0,77.9,3,93.0,0,4.7,0
S7101,Business Administration,7,74.9,13,319.0,87.6,1,75.6,1,4.7,0
S7102,Business Administration,7,80.0,16,364.0,71.2,0,70.4,2,3.3,0
S7103,Business Administration,3,100.0,12,333.0,69.8,0,80.3,0,5.0,0
S7104,Business Administration,7,85.7,23,203.0,83.3,1,58.4,1,3.6,0
S7105,Information Technology,2,76.8,15,389.0,72.4,1,42.8,2,3.7,0
S7106,Artificial Intelligence,2,68.8,20,227.0,67.4,2,55.7,0,3.3,1
S7107,Information Technology,6,80.8,11,332.0,84.7,2,70.7,0,3.4,0
S7108,Information Technology,7,90.9,22,135.0,67.6,2,100.0,1,5.0,0
S7109,Computer Science,3,83.6,22,269.0,85.2,3,67.3,1,4.2,0
S7110,Computer Science,5,81.4,14,362.0,49.7,2,80.0,1,3.6,0
S7111,Computer Science,4,87.1,22,312.0,78.2,2,92.9,0,3.1,0
S7112,Data Science,6,86.7,13,202.0,74.6,3,82.9,0,3.1,1
S7113,Computer Science,4,90.5,25,365.0,37.6,3,80.1,0,3.3,0
S7114,Artificial Intelligence,3,90.8,15,207.0,55.9,2,76.1,1,2.7,1
S7115,Information Technology,7,80.9,18,90.0,31.9,4,54.7,4,3.7,1
S7116,Artificial Intelligence,7,80.3,27,424.0,79.8,2,81.0,1,4.7,0
S7117,Computer Science,4,82.0,20,180.0,63.7,2,81.8,0,4.5,0
S7118,Data Science,5,88.7,21,395.0,72.2,1,31.4,0,2.0,0
S7119,Data Science,7,95.5,14,272.0,100.0,1,72.2,3,3.6,0
S7120,Information Technology,5,78.0,16,377.0,78.0,2,64.5,0,1.7,1
S7121,Artificial Intelligence,1,80.0,21,206.0,83.3,2,55.2,1,4.2,0
S7122,Business Administration,2,72.2,18,403.0,69.3,4,71.3,2,3.5,1
S7123,Artificial Intelligence,4,64.1,18,235.0,64.8,1,63.2,1,5.0,0
S7124,Computer Science,7,67.1,21,267.0,52.1,0,93.5,1,3.8,0
S7125,Business Administration,5,70.0,11,41.0,91.0,0,71.2,2,2.7,1
S7126,Data Science,8,74.0,10,106.0,100.0,2,50.1,0,2.4,1
S7127,Information Technology,8,87.5,20,391.0,99.1,0,91.4,1,3.6,0
S7128,Information Technology,7,69.1,12,220.0,56.6,2,49.8,0,3.7,1
S7129,Data Science,2,82.2,16,65.0,100.0,1,100.0,0,3.2,1
S7130,Computer Science,2,92.1,22,225.0,75.1,3,72.0,2,3.3,1
S7131,Data Science,1,72.0,20,365.0,100.0,1,57.2,0,2.9,0
S7132,Computer Science,2,76.1,16,156.0,84.9,0,78.9,0,3.7,0
S7133,Business Administration,2,66.2,15,424.0,83.6,1,71.3,0,3.1,0
S7134,Data Science,6,70.6,24,234.0,84.1,0,52.1,0,3.1,0
S7135,Computer Science,8,98.4,22,254.0,47.5,1,60.6,2,2.6,1
S7136,Business Administration,3,88.1,11,207.0,55.3,1,91.3,1,4.9,0
S7137,Data Science,8,100.0,22,74.0,66.7,2,75.8,2,2.8,1
S7138,Information Technology,8,73.2,12,263.0,71.4,3,50.8,2,4.1,0
S7139,Data Science,7,100.0,20,288.0,80.1,1,84.0,0,3.3,0
S7140,Artificial Intelligence,8,73.3,13,343.0,69.7,0,77.8,1,3.8,0
S7141,Data Science,1,76.0,15,206.0,68.9,0,41.0,0,3.5,0
S7142,Artificial Intelligence,1,100.0,14,101.0,100.0,1,85.4,0,3.1,0
S7143,Business Administration,4,72.0,17,503.0,100.0,0,88.9,1,3.3,0
S7144,Data Science,2,100.0,19,319.0,88.9,2,60.3,4,2.7,1
S7145,Business Administration,4,81.6,16,288.0,65.0,2,75.9,1,4.9,0
S7146,Business Administration,6,69.1,15,423.0,85.5,0,98.4,0,3.3,0
S7147,Computer Science,8,64.8,28,180.0,100.0,1,56.5,1,4.0,0
S7148,Business Administration,5,83.3,17,161.0,73.6,0,90.6,1,4.1,0
S7149,Business Administration,2,68.5,22,373.0,100.0,1,88.2,2,3.9,0
S7150,Data Science,5,78.5,21,512.0,100.0,1,53.0,2,3.9,0
S7151,Data Science,8,59.1,22,127.0,95.6,1,45.2,6,2.5,1
S7152,Information Technology,3,86.3,26,292.0,89.2,0,59.3,0,2.1,0
S7153,Computer Science,6,63.5,16,336.0,84.2,1,53.0,0,2.0,0
S7154,Business Administration,2,81.3,16,349.0,89.4,1,57.4,2,2.7,0
S7155,Computer Science,4,65.4,10,257.0,85.5,1,80.6,1,3.9,0
S7156,Artificial Intelligence,4,96.7,17,184.0,56.0,0,78.1,0,5.0,0
S7157,Business Administration,2,56.7,13,45.0,100.0,1,78.8,1,5.0,1
S7158,Computer Science,7,78.6,12,535.0,79.5,1,63.4,0,4.6,0
S7159,Information Technology,4,88.7,11,485.0,100.0,2,100.0,0,2.6,0
S7160,Information Technology,8,86.3,17,213.0,100.0,2,93.1,0,4.3,0
S7161,Business Administration,8,67.0,17,295.0,73.5,0,72.4,1,3.6,1
S7162,Artificial Intelligence,7,61.1,23,219.0,81.7,0,78.3,1,2.4,0
S7163,Information Technology,2,91.4,17,256.0,70.3,1,72.4,1,4.9,0
S7164,Information Technology,1,80.5,16,275.0,60.8,0,72.0,1,3.1,0
S7165,Artificial Intelligence,4,69.1,11,146.0,77.0,2,81.5,0,4.9,1
S7166,Computer Science,7,91.8,22,284.0,78.6,3,67.6,0,4.0,0
S7167,Information Technology,2,75.2,14,306.0,54.5,2,59.6,0,3.1,1
S7168,Data Science,2,74.1,17,96.0,57.9,1,72.8,0,2.4,1
S7169,Information Technology,7,71.6,21,206.0,24.5,2,61.7,2,3.7,1
S7170,Computer Science,4,72.9,16,124.0,57.0,3,64.0,3,4.5,1
S7171,Computer Science,1,72.5,21,167.0,93.2,1,46.7,1,3.6,1
S7172,Business Administration,4,85.9,19,264.0,100.0,0,74.4,2,4.3,0
S7173,Data Science,2,100.0,19,274.0,42.5,0,72.9,1,3.5,0
S7174,Computer Science,1,65.2,14,275.0,53.9,2,71.8,0,3.1,1
S7175,Artificial Intelligence,8,77.9,16,544.0,100.0,1,63.0,1,3.3,0
S7176,Data Science,5,80.0,17,330.0,62.6,2,73.2,1,3.9,0
S7177,Data Science,3,87.6,12,339.0,69.7,0,72.1,1,3.1,0
S7178,Artificial Intelligence,4,93.9,16,307.0,65.6,0,59.6,0,3.1,0
S7179,Information Technology,6,80.1,23,120.0,94.5,2,85.8,0,2.3,1
S7180,Artificial Intelligence,2,74.4,19,279.0,100.0,1,45.7,0,3.6,0
S7181,Artificial Intelligence,1,88.9,16,294.0,79.3,0,82.6,2,3.1,0
S7182,Information Technology,7,62.3,10,382.0,70.1,1,73.5,0,2.4,0
S7183,Information Technology,8,56.3,20,161.0,74.0,4,78.8,1,3.2,1
S7184,Information Technology,7,100.0,12,226.0,94.1,1,63.2,0,3.5,0
S7185,Information Technology,7,72.3,11,163.0,87.5,3,60.7,1,3.8,1
S7186,Information Technology,1,77.0,23,214.0,73.5,0,61.7,3,4.0,1
S7187,Artificial Intelligence,5,88.5,17,258.0,77.2,2,80.0,0,3.6,0
S7188,Business Administration,4,86.2,20,150.0,65.1,2,71.4,2,2.8,1
S7189,Business Administration,6,92.6,28,393.0,66.0,0,55.3,2,3.8,0
S7190,Computer Science,8,93.3,19,176.0,52.8,2,67.6,1,2.9,1
S7191,Business Administration,7,64.7,21,377.0,98.6,2,67.9,3,3.0,0
S7192,Business Administration,1,97.2,12,240.0,37.2,1,84.4,1,2.9,1
S7193,Artificial Intelligence,7,88.1,21,238.0,83.0,2,45.4,2,3.1,1
S7194,Information Technology,5,86.5,7,397.0,77.5,1,68.4,1,4.2,0
S7195,Information Technology,2,87.1,20,371.0,76.3,1,74.8,2,3.9,0
S7196,Artificial Intelligence,7,55.2,18,350.0,67.0,2,49.2,0,4.0,0
S7197,Business Administration,5,79.5,13,88.0,72.7,1,51.1,1,4.4,1
S7198,Artificial Intelligence,4,70.4,21,443.0,100.0,1,64.7,1,2.6,0
S7199,Computer Science,8,68.7,16,472.0,79.3,3,47.8,2,3.5,0
S7200,Information Technology,8,76.1,19,264.0,80.9,1,60.6,0,3.4,0
S7201,Data Science,7,91.9,18,180.0,81.5,0,58.8,4,3.8,1
S7202,Computer Science,5,85.4,23,151.0,65.4,3,79.5,1,3.7,1
S7203,Computer Science,1,87.2,18,260.0,67.8,1,69.9,0,2.3,0
S7204,Artificial Intelligence,1,76.6,26,165.0,87.5,2,88.0,2,4.5,0
S7205,Business Administration,3,86.5,19,269.0,62.9,2,74.9,0,3.1,0
S7206,Information Technology,5,79.6,18,229.0,76.3,2,86.4,0,3.7,0
S7207,Data Science,2,93.4,21,135.0,98.9,0,64.2,0,3.8,0
S7208,Computer Science,7,90.3,20,215.0,65.9,3,92.0,0,3.5,0
S7209,Data Science,6,83.9,13,306.0,76.0,1,48.4,1,2.6,1
S7210,Business Administration,6,72.4,17,186.0,73.0,1,34.1,0,3.6,1
S7211,Business Administration,4,85.3,14,254.0,87.0,0,62.2,1,3.5,0
S7212,Data Science,3,84.9,9,403.0,80.6,2,92.3,1,3.5,0
S7213,Information Technology,5,83.4,18,206.0,65.7,1,81.4,3,3.3,1
S7214,Business Administration,2,76.3,22,184.0,68.4,2,59.0,2,4.0,1
S7215,Data Science,3,74.1,23,310.0,66.5,2,47.9,0,4.8,0
S7216,Computer Science,1,85.9,17,435.0,65.0,1,35.7,1,4.9,0
S7217,Data Science,4,71.7,18,348.0,46.4,0,64.7,2,4.1,0
S7218,Data Science,7,79.0,18,215.0,81.3,1,57.7,2,4.0,0
S7219,Artificial Intelligence,7,89.0,25,215.0,66.0,2,75.8,0,2.3,0
S7220,Business Administration,7,87.3,19,237.0,86.7,0,83.0,2,3.6,0
S7221,Information Technology,5,68.1,21,257.0,79.5,0,66.6,4,3.9,1
S7222,Information Technology,6,85.6,23,596.0,71.2,3,51.6,0,1.8,0
S7223,Artificial Intelligence,2,100.0,16,311.0,69.7,2,71.7,3,5.0,0
S7224,Information Technology,7,90.1,18,515.0,54.2,1,86.9,2,3.4,0
S7225,Data Science,7,78.7,17,398.0,80.3,0,71.5,2,2.8,0
S7226,Artificial Intelligence,1,97.7,18,0.0,76.5,1,66.9,2,2.7,1
S7227,Computer Science,8,100.0,19,238.0,66.8,0,53.8,1,3.7,0
S7228,Business Administration,3,92.4,21,291.0,42.3,4,85.2,1,3.8,0
S7229,Business Administration,7,61.2,10,320.0,74.3,2,71.9,0,4.6,0
S7230,Business Administration,4,89.4,18,308.0,75.6,1,64.8,3,2.8,1
S7231,Data Science,3,98.2,14,93.0,97.8,0,61.0,1,3.5,1
S7232,Computer Science,6,57.2,15,88.0,78.7,3,69.4,0,3.4,1
S7233,Artificial Intelligence,3,93.2,18,294.0,99.4,1,44.0,1,3.1,0
S7234,Artificial Intelligence,2,79.6,16,251.0,66.7,2,37.2,2,2.9,1
S7235,Business Administration,1,97.8,18,452.0,73.2,0,57.2,2,5.0,0
S7236,Computer Science,5,81.1,19,300.0,59.9,1,79.4,2,4.2,0
S7237,Computer Science,2,86.1,24,392.0,73.2,2,55.7,1,3.6,0
S7238,Computer Science,6,86.3,23,378.0,92.9,3,66.8,1,3.8,0
S7239,Information Technology,4,90.6,16,291.0,93.4,2,72.0,3,4.3,0
S7240,Information Technology,6,87.4,20,432.0,82.0,1,62.9,2,2.9,0
S7241,Business Administration,6,71.2,22,244.0,53.8,0,32.5,1,2.8,1
S7242,Computer Science,3,78.8,14,293.0,52.7,2,75.4,1,3.3,1
S7243,Computer Science,4,81.9,13,308.0,73.5,1,100.0,0,4.3,0
S7244,Artificial Intelligence,2,96.8,14,198.0,65.8,1,49.2,1,5.0,0
S7245,Artificial Intelligence,6,87.8,21,161.0,89.9,2,82.4,0,3.3,1
S7246,Business Administration,2,74.1,25,145.0,86.5,2,36.8,2,2.6,1
S7247,Computer Science,7,71.0,29,174.0,84.2,2,84.5,0,3.7,0
S7248,Business Administration,7,89.9,15,283.0,67.7,1,35.9,0,3.4,1
S7249,Artificial Intelligence,7,76.3,19,337.0,80.7,0,70.0,0,4.5,0
S7250,Artificial Intelligence,5,91.0,16,149.0,84.0,3,68.6,0,3.6,1
S7251,Information Technology,3,81.3,15,306.0,71.8,1,81.7,2,3.9,0
S7252,Business Administration,2,99.5,16,269.0,73.7,0,84.1,2,3.2,0
S7253,Business Administration,7,73.2,13,411.0,83.5,0,63.7,0,3.7,0
S7254,Computer Science,7,99.3,15,239.0,58.3,2,58.4,3,2.5,1
S7255,Computer Science,4,93.8,16,490.0,67.6,0,60.0,2,3.3,0
S7256,Information Technology,6,76.7,27,391.0,66.2,3,63.6,0,2.9,0
S7257,Data Science,7,71.5,12,260.0,95.7,0,71.2,0,3.7,0
S7258,Data Science,5,100.0,13,234.0,68.4,0,71.8,0,3.3,0
S7259,Data Science,4,71.2,15,406.0,78.5,4,59.6,1,2.5,1
S7260,Business Administration,3,85.7,21,260.0,89.6,1,75.5,2,3.9,0
S7261,Business Administration,8,86.1,17,305.0,64.3,0,78.0,4,3.8,0
S7262,Artificial Intelligence,8,82.1,17,239.0,93.8,1,100.0,0,4.3,0
S7263,Business Administration,5,91.4,17,233.0,95.3,0,87.4,1,3.3,0
S7264,Business Administration,5,70.8,12,153.0,39.8,4,75.6,2,3.1,1
S7265,Business Administration,5,100.0,18,464.0,84.4,1,64.4,2,2.9,0
S7266,Information Technology,6,72.1,15,253.0,96.6,3,41.1,1,3.8,1
S7267,Business Administration,8,80.3,23,316.0,71.1,1,42.6,0,3.8,0
S7268,Computer Science,7,64.7,16,359.0,87.7,2,79.2,4,3.1,1
S7269,Computer Science,1,94.6,17,463.0,54.2,2,68.3,0,3.4,0
S7270,Artificial Intelligence,5,100.0,20,233.0,49.5,2,53.1,0,3.7,0
S7271,Information Technology,4,100.0,19,24.0,70.4,2,65.5,0,3.5,1
S7272,Computer Science,8,95.6,14,311.0,60.4,3,59.9,1,3.5,0
S7273,Information Technology,4,77.5,26,360.0,84.4,1,66.0,1,4.6,0
S7274,Information Technology,3,82.0,21,235.0,83.8,0,53.5,2,2.5,1
S7275,Artificial Intelligence,2,78.1,11,366.0,100.0,2,77.4,1,3.2,0
S7276,Information Technology,2,67.4,20,300.0,92.4,1,63.2,1,4.7,0
S7277,Business Administration,1,78.5,18,258.0,67.2,0,82.1,1,3.7,0
S7278,Information Technology,6,92.9,16,459.0,78.8,1,64.0,1,2.8,0
S7279,Artificial Intelligence,7,71.6,16,262.0,81.9,0,69.8,0,3.7,0
S7280,Artificial Intelligence,6,54.6,18,499.0,87.5,3,65.9,2,3.8,0
S7281,Artificial Intelligence,7,67.0,16,304.0,40.3,1,58.9,2,4.3,0
S7282,Computer Science,5,91.8,23,200.0,69.8,2,38.3,2,4.2,1
S7283,Business Administration,8,61.4,15,71.0,96.8,2,86.3,2,3.0,1
S7284,Computer Science,7,76.3,21,443.0,85.1,2,79.0,0,3.6,0
S7285,Data Science,8,77.4,15,415.0,78.7,2,56.8,1,4.0,0
S7286,Business Administration,1,85.1,20,395.0,68.7,2,79.6,2,2.9,0
S7287,Information Technology,3,84.8,19,454.0,75.6,1,35.5,0,3.5,0
S7288,Artificial Intelligence,3,86.8,18,516.0,78.7,1,69.8,1,2.2,0
S7289,Data Science,2,80.2,9,43.0,61.6,0,67.8,1,3.6,1
S7290,Business Administration,3,70.7,15,88.0,82.8,1,84.8,1,3.7,1
S7291,Computer Science,5,92.8,19,266.0,79.3,1,76.9,0,3.2,0
S7292,Artificial Intelligence,4,60.8,15,417.0,70.5,1,49.9,3,4.2,0
S7293,Computer Science,3,91.4,19,335.0,70.4,3,77.0,2,4.3,0
S7294,Business Administration,1,95.7,26,335.0,55.6,1,79.3,0,2.7,0
S7295,Business Administration,5,100.0,23,247.0,98.0,2,81.2,1,4.4,0
S7296,Data Science,3,72.9,16,198.0,86.9,0,61.6,1,3.5,1
S7297,Information Technology,6,75.3,14,288.0,83.2,0,100.0,1,2.9,0
S7298,Computer Science,7,82.6,17,269.0,87.7,2,67.1,0,4.5,0
S7299,Data Science,3,81.7,17,246.0,28.3,1,70.4,0,3.6,0
S7300,Artificial Intelligence,6,92.0,12,375.0,100.0,1,55.1,0,2.7,0
S7301,Information Technology,5,88.3,18,299.0,30.4,2,100.0,0,3.0,0
S7302,Data Science,3,77.8,18,353.0,94.0,2,49.2,1,3.6,0
S7303,Computer Science,6,80.8,18,287.0,79.7,1,58.0,2,3.9,0
S7304,Business Administration,4,93.2,19,382.0,58.8,1,90.8,2,4.3,0
S7305,Artificial Intelligence,8,66.8,16,167.0,79.9,1,60.3,1,3.8,1
S7306,Computer Science,2,79.2,10,130.0,86.8,1,64.1,3,2.5,1
S7307,Information Technology,5,88.7,17,260.0,68.9,1,62.6,0,3.0,1
S7308,Information Technology,6,69.2,23,392.0,99.6,0,81.0,1,5.0,0
S7309,Business Administration,1,45.0,16,257.0,50.8,2,75.7,1,5.0,1
S7310,Business Administration,8,99.4,21,544.0,58.9,4,77.6,1,3.7,0
S7311,Artificial Intelligence,3,81.8,18,178.0,55.2,4,93.6,2,4.1,1
S7312,Artificial Intelligence,6,66.9,16,277.0,52.2,1,78.1,0,3.9,0
S7313,Business Administration,8,93.0,23,80.0,81.0,2,74.8,0,4.6,0
S7314,Business Administration,7,79.5,20,477.0,100.0,0,75.4,0,4.1,0
S7315,Information Technology,8,69.6,20,286.0,93.3,1,82.3,2,3.7,0
S7316,Business Administration,6,86.4,14,18.0,72.5,0,52.3,1,4.6,1
S7317,Data Science,6,82.6,15,262.0,100.0,2,69.1,1,3.8,0
S7318,Computer Science,7,74.6,19,0.0,96.5,2,88.7,0,3.2,1
S7319,Business Administration,2,72.8,21,446.0,65.9,1,24.1,5,4.1,0
S7320,Artificial Intelligence,8,69.7,18,191.0,72.7,1,68.8,2,4.1,1
S7321,Data Science,7,90.8,12,305.0,83.2,1,75.8,1,3.1,0
S7322,Artificial Intelligence,7,67.0,18,211.0,63.9,3,61.1,1,4.5,1
S7323,Data Science,8,72.4,13,276.0,60.2,0,51.2,0,4.0,0
S7324,Business Administration,1,83.2,27,396.0,91.3,2,68.1,1,3.5,0
S7325,Computer Science,7,99.5,26,251.0,95.5,3,89.2,0,3.8,0
S7326,Artificial Intelligence,1,83.6,26,367.0,59.6,0,62.2,1,4.4,0
S7327,Data Science,4,89.1,22,0.0,84.6,1,55.5,0,3.6,1
S7328,Information Technology,8,83.2,13,147.0,84.3,2,71.8,1,3.3,1
S7329,Business Administration,7,92.9,9,306.0,58.1,1,32.6,1,2.8,0
S7330,Computer Science,2,100.0,17,214.0,83.8,2,57.7,0,1.7,1
S7331,Business Administration,7,76.7,8,441.0,87.3,4,55.1,1,3.0,0
S7332,Information Technology,6,82.2,13,400.0,88.2,0,84.0,1,3.1,0
S7333,Computer Science,5,84.1,15,464.0,72.7,2,74.6,3,5.0,0
S7334,Information Technology,2,88.4,17,312.0,83.2,0,75.4,0,2.2,0
S7335,Business Administration,7,83.6,18,211.0,81.1,5,60.9,1,3.3,1
S7336,Data Science,2,75.5,22,373.0,79.2,0,69.9,0,2.3,0
S7337,Business Administration,8,81.9,21,173.0,93.6,4,82.2,1,3.1,1
S7338,Business Administration,1,100.0,14,265.0,60.4,2,79.8,2,5.0,0
S7339,Business Administration,4,85.8,17,349.0,62.4,2,54.0,2,2.0,1
S7340,Artificial Intelligence,4,59.1,20,215.0,58.5,2,56.5,2,3.3,1
S7341,Information Technology,8,77.3,19,587.0,95.4,2,78.1,0,2.2,0
S7342,Information Technology,8,82.2,18,386.0,77.3,4,65.9,3,3.8,0
S7343,Information Technology,2,80.3,21,190.0,66.4,1,74.7,0,4.3,0
S7344,Artificial Intelligence,8,81.2,16,415.0,100.0,4,71.6,1,2.2,0
S7345,Data Science,2,85.4,18,496.0,73.4,3,65.4,0,4.2,0
S7346,Business Administration,8,88.1,19,119.0,38.4,1,79.6,0,4.6,0
S7347,Data Science,7,85.1,19,454.0,66.0,0,47.5,0,4.3,0
S7348,Artificial Intelligence,8,93.4,16,149.0,79.3,5,65.7,2,3.7,1
S7349,Information Technology,3,64.1,18,299.0,84.3,3,50.3,1,2.4,1
S7350,Business Administration,6,79.0,20,321.0,65.4,2,65.0,1,4.9,0
S7351,Computer Science,1,87.2,12,221.0,69.9,1,66.1,1,3.3,1
S7352,Computer Science,6,85.1,17,221.0,68.7,1,68.5,1,3.1,1
S7353,Data Science,5,74.2,17,197.0,88.9,4,72.2,0,4.2,1
S7354,Information Technology,5,75.6,11,235.0,100.0,3,67.4,1,3.3,1
S7355,Computer Science,4,71.9,17,181.0,64.3,0,53.8,0,2.9,1
S7356,Data Science,1,93.7,19,434.0,100.0,1,58.5,1,3.2,0
S7357,Artificial Intelligence,6,59.8,23,124.0,80.7,1,66.7,1,3.4,1
S7358,Data Science,4,66.6,18,516.0,74.6,1,60.7,1,4.6,0
S7359,Data Science,5,87.0,17,284.0,72.1,4,55.7,0,3.7,0
S7360,Data Science,2,88.5,12,49.0,59.9,0,66.8,1,4.4,1
S7361,Business Administration,1,63.0,22,393.0,62.0,1,73.4,0,3.1,0
S7362,Data Science,1,89.5,27,253.0,59.3,1,81.3,1,2.8,0
S7363,Data Science,8,84.2,20,157.0,57.5,1,83.3,0,4.3,0
S7364,Business Administration,8,88.2,27,259.0,84.2,1,62.8,0,3.3,0
S7365,Business Administration,6,82.9,15,207.0,100.0,1,84.7,1,3.4,0
S7366,Artificial Intelligence,8,87.1,19,454.0,63.6,0,63.8,2,4.3,0
S7367,Information Technology,8,87.5,18,206.0,72.1,0,100.0,1,2.8,0
S7368,Computer Science,7,87.7,13,141.0,94.9,0,66.9,1,3.8,0
S7369,Computer Science,3,84.9,9,215.0,59.0,1,63.4,4,3.4,1
S7370,Data Science,6,81.0,15,181.0,52.0,3,60.6,0,3.8,0
S7371,Artificial Intelligence,8,81.0,23,429.0,42.3,0,52.5,1,4.1,0
S7372,Data Science,2,84.8,20,324.0,78.2,2,94.4,1,5.0,0
S7373,Computer Science,7,91.9,19,124.0,65.7,2,83.3,0,2.1,1
S7374,Business Administration,7,100.0,10,173.0,53.4,4,85.2,0,3.1,1
S7375,Information Technology,7,88.3,15,247.0,65.0,1,82.5,2,3.6,0
S7376,Artificial Intelligence,2,86.5,21,79.0,92.6,1,82.5,0,3.4,1
S7377,Business Administration,4,96.6,18,167.0,69.3,3,89.9,2,3.1,1
S7378,Information Technology,1,86.8,17,339.0,91.9,1,62.8,0,2.0,0
S7379,Artificial Intelligence,4,69.3,23,518.0,84.7,2,56.8,0,3.0,0
S7380,Artificial Intelligence,2,73.2,21,79.0,79.5,1,76.1,1,3.7,1
S7381,Computer Science,3,100.0,14,627.0,76.4,1,76.0,3,4.2,0
S7382,Business Administration,1,73.4,15,345.0,88.7,1,74.5,0,3.4,0
S7383,Artificial Intelligence,2,88.8,13,164.0,81.9,1,68.4,1,3.8,1
S7384,Artificial Intelligence,3,70.1,16,483.0,80.1,1,59.7,1,3.5,0
S7385,Information Technology,6,97.4,12,350.0,41.6,1,71.6,2,3.8,0
S7386,Computer Science,5,76.5,14,402.0,71.0,0,58.4,1,2.5,0
S7387,Data Science,7,83.0,17,399.0,48.7,1,55.4,0,3.9,0
S7388,Computer Science,8,79.3,18,429.0,57.1,2,73.0,0,3.0,0
S7389,Data Science,2,88.1,13,150.0,94.7,4,56.3,0,3.1,1
S7390,Business Administration,5,84.1,20,397.0,73.7,1,81.5,1,3.4,0
S7391,Business Administration,4,92.9,13,306.0,100.0,1,51.9,1,3.3,0
S7392,Artificial Intelligence,5,89.9,13,370.0,89.5,5,80.4,1,3.0,0
S7393,Business Administration,2,85.4,18,219.0,64.1,1,43.8,1,4.4,0
S7394,Artificial Intelligence,5,89.8,13,222.0,69.1,1,52.7,2,3.7,1
S7395,Computer Science,7,90.4,25,230.0,88.1,1,92.4,3,3.1,1
S7396,Business Administration,1,77.2,16,388.0,86.3,2,88.7,0,3.1,0
S7397,Computer Science,2,76.3,20,290.0,93.8,3,50.2,2,3.5,1
S7398,Computer Science,3,100.0,20,235.0,37.2,1,69.1,1,3.2,1
S7399,Business Administration,5,90.5,21,260.0,48.2,0,49.2,0,2.8,1
S7400,Computer Science,1,86.9,28,450.0,65.6,1,78.5,0,3.6,0
S7401,Business Administration,7,72.4,12,359.0,88.5,4,72.2,3,3.5,1
S7402,Business Administration,4,60.5,19,355.0,90.8,0,67.4,1,3.4,0
S7403,Business Administration,4,78.5,18,332.0,25.4,2,60.8,0,4.6,0
S7404,Data Science,7,76.6,17,429.0,60.6,2,79.1,2,3.5,0
S7405,Computer Science,5,78.3,12,173.0,86.5,1,73.2,3,2.8,1
S7406,Information Technology,4,92.2,15,406.0,58.1,3,46.4,2,3.9,0
S7407,Business Administration,3,100.0,16,309.0,81.6,2,67.4,0,2.5,0
S7408,Computer Science,2,95.3,24,188.0,85.0,1,54.9,1,4.6,0
S7409,Artificial Intelligence,1,74.7,19,298.0,67.8,4,70.6,5,3.3,1
S7410,Business Administration,6,88.5,24,267.0,78.1,0,67.8,3,2.9,0
S7411,Business Administration,5,76.2,13,341.0,74.4,1,70.8,2,3.3,0
S7412,Information Technology,4,59.9,14,408.0,86.0,3,76.3,0,3.8,0
S7413,Data Science,2,81.1,18,164.0,72.9,1,50.8,2,1.7,1
S7414,Data Science,6,97.1,16,506.0,44.1,0,69.9,2,3.4,0
S7415,Business Administration,3,78.0,21,98.0,87.2,3,84.9,0,3.8,1
S7416,Computer Science,4,92.0,17,211.0,76.6,0,80.6,1,4.5,0
S7417,Artificial Intelligence,4,74.0,24,537.0,87.1,1,60.2,0,2.4,0
S7418,Artificial Intelligence,1,90.3,13,122.0,61.9,3,71.5,3,1.9,1
S7419,Computer Science,3,79.1,18,229.0,72.4,2,58.0,0,3.3,0
S7420,Business Administration,3,100.0,15,207.0,68.1,0,78.6,2,3.8,0
S7421,Artificial Intelligence,5,78.2,17,10.0,93.5,2,58.0,4,3.0,1
S7422,Data Science,6,75.5,21,287.0,89.3,1,46.0,0,3.5,0
S7423,Computer Science,1,99.7,16,353.0,100.0,1,79.5,1,3.7,0
S7424,Information Technology,5,75.1,19,353.0,75.2,2,96.5,0,4.1,0
S7425,Business Administration,1,84.6,12,229.0,54.7,1,83.0,3,4.2,0
S7426,Computer Science,3,75.2,25,62.0,58.5,1,87.2,0,2.7,1
S7427,Artificial Intelligence,1,93.1,16,216.0,93.7,1,52.1,1,2.9,1
S7428,Business Administration,1,97.6,20,191.0,100.0,1,83.8,0,2.3,0
S7429,Data Science,1,73.9,24,330.0,53.5,0,83.2,0,4.5,0
S7430,Business Administration,8,88.6,23,231.0,68.3,0,77.5,4,2.9,1
S7431,Business Administration,2,89.7,13,347.0,57.2,0,47.5,1,3.2,0
S7432,Data Science,2,83.5,12,66.0,100.0,0,84.3,0,3.0,1
S7433,Data Science,6,100.0,10,373.0,84.2,0,80.6,0,4.3,0
S7434,Business Administration,6,100.0,13,358.0,61.5,1,67.3,2,2.7,0
S7435,Data Science,7,71.8,24,164.0,60.5,1,62.4,1,4.7,0
S7436,Computer Science,3,96.5,20,210.0,100.0,2,82.8,0,2.3,0
S7437,Data Science,1,88.1,16,257.0,88.9,2,48.4,0,2.1,1
S7438,Data Science,3,84.9,21,426.0,77.9,1,60.3,1,2.9,0
S7439,Business Administration,2,79.2,12,261.0,69.6,1,95.6,0,5.0,0
S7440,Computer Science,8,64.2,16,336.0,70.0,0,54.2,2,2.0,0
S7441,Information Technology,1,85.4,21,296.0,52.3,0,93.9,1,3.8,0
S7442,Information Technology,5,85.7,19,405.0,64.6,1,62.5,3,3.5,0
S7443,Artificial Intelligence,2,100.0,20,316.0,69.1,2,59.2,2,3.5,0
S7444,Data Science,2,73.9,13,147.0,74.9,2,83.1,1,4.9,0
S7445,Data Science,2,62.7,19,265.0,75.9,0,76.4,1,3.0,0
S7446,Computer Science,7,67.8,28,417.0,94.6,2,98.5,2,3.8,0
S7447,Information Technology,1,100.0,17,336.0,64.2,1,63.4,0,3.5,0
S7448,Artificial Intelligence,6,76.6,16,150.0,100.0,2,59.3,2,3.1,1
S7449,Computer Science,4,98.4,20,510.0,75.2,1,71.3,0,3.0,0
S7450,Data Science,5,82.1,16,224.0,83.8,2,63.8,1,3.7,0
S7451,Information Technology,5,70.3,19,409.0,96.2,1,82.2,1,3.2,0
S7452,Artificial Intelligence,3,100.0,20,467.0,87.1,5,77.3,0,3.2,0
S7453,Business Administration,1,97.8,14,425.0,90.9,0,72.4,1,2.7,0
S7454,Information Technology,6,79.8,14,192.0,66.8,1,100.0,1,3.0,0
S7455,Artificial Intelligence,2,94.0,19,429.0,74.6,0,36.8,0,3.9,0
S7456,Computer Science,4,83.5,24,327.0,90.7,1,63.3,2,3.1,0
S7457,Business Administration,1,87.3,12,140.0,91.2,3,66.6,2,3.9,1
S7458,Artificial Intelligence,1,100.0,18,289.0,80.8,1,83.9,0,4.1,0
S7459,Artificial Intelligence,7,63.8,23,179.0,90.6,0,78.4,1,4.0,0
S7460,Data Science,6,77.7,25,346.0,63.0,2,56.0,0,4.4,0
S7461,Information Technology,4,82.4,15,394.0,89.8,0,50.8,3,4.3,0
S7462,Data Science,2,86.0,20,435.0,94.4,1,57.9,1,4.2,0
S7463,Business Administration,1,67.0,20,290.0,77.9,1,64.1,3,3.3,0
S7464,Artificial Intelligence,5,93.0,17,190.0,81.0,3,89.4,0,1.8,1
S7465,Data Science,8,68.2,16,155.0,41.2,2,77.2,1,2.5,1
S7466,Information Technology,5,67.0,13,381.0,100.0,0,52.1,1,3.4,0
S7467,Business Administration,4,79.0,22,416.0,84.1,3,62.2,2,3.9,0
S7468,Computer Science,8,100.0,13,365.0,88.4,0,86.3,0,4.3,0
S7469,Data Science,2,100.0,17,197.0,83.9,1,65.7,4,3.0,1
S7470,Business Administration,4,87.9,24,223.0,86.2,1,84.2,0,4.1,0
S7471,Computer Science,1,79.1,21,231.0,84.9,0,73.1,0,3.5,0
S7472,Data Science,7,83.9,15,119.0,100.0,2,77.6,0,3.6,1
S7473,Business Administration,7,86.0,16,360.0,100.0,0,96.8,0,4.0,0
S7474,Business Administration,5,99.6,17,283.0,97.5,1,67.2,2,4.2,0
S7475,Data Science,7,67.4,17,472.0,100.0,4,53.2,2,3.0,0
S7476,Business Administration,3,96.3,16,183.0,69.9,1,58.8,1,3.2,1
S7477,Artificial Intelligence,4,64.9,13,282.0,74.0,2,68.4,0,5.0,0
S7478,Data Science,7,76.2,20,150.0,84.6,2,68.2,0,2.1,1
S7479,Business Administration,3,82.0,12,254.0,87.6,0,59.2,1,4.6,0
S7480,Computer Science,3,86.9,20,395.0,84.7,1,88.5,0,3.1,0
S7481,Computer Science,6,82.0,19,307.0,60.6,1,70.0,1,3.7,0
S7482,Artificial Intelligence,5,84.1,21,184.0,70.4,1,77.9,1,4.3,0
S7483,Data Science,4,82.5,22,120.0,71.4,1,46.7,0,5.0,0
S7484,Business Administration,3,63.8,14,260.0,86.3,2,46.3,2,3.4,1
S7485,Business Administration,1,88.9,13,325.0,72.2,1,58.2,3,5.0,0
S7486,Computer Science,7,91.7,14,398.0,74.3,3,79.8,1,2.5,0
S7487,Artificial Intelligence,6,98.1,20,210.0,73.2,0,44.5,0,2.4,1
S7488,Computer Science,2,100.0,19,207.0,89.3,2,52.0,1,3.5,1
S7489,Computer Science,7,86.9,17,555.0,99.6,1,40.1,1,2.3,0
S7490,Artificial Intelligence,7,98.9,18,297.0,63.6,0,35.9,0,3.0,0
S7491,Data Science,7,82.2,16,414.0,91.7,1,74.6,0,3.0,0
S7492,Business Administration,6,64.6,19,148.0,61.7,2,90.8,0,3.9,1
S7493,Data Science,2,93.5,30,339.0,89.7,2,78.0,0,3.6,0
S7494,Information Technology,5,90.9,14,389.0,55.2,2,72.8,2,3.3,0
S7495,Information Technology,4,82.0,19,307.0,100.0,1,63.6,0,4.1,0
S7496,Information Technology,4,81.3,14,91.0,73.1,1,72.9,2,3.3,1
S7497,Artificial Intelligence,2,87.7,15,191.0,81.9,2,65.8,2,4.9,0
S7498,Computer Science,8,77.9,14,344.0,80.1,4,77.1,1,3.6,0
S7499,Data Science,7,87.3,23,108.0,100.0,3,61.9,1,4.7,1
S7500,Business Administration,1,70.9,13,604.0,66.1,0,75.3,1,3.7,0
S7501,Information Technology,2,72.3,18,437.0,77.0,1,40.2,1,3.9,0
S7502,Data Science,2,66.2,19,119.0,80.8,1,36.5,0,1.0,1
S7503,Information Technology,4,100.0,18,332.0,95.5,0,86.4,0,3.1,0
S7504,Information Technology,3,82.9,13,309.0,64.3,0,55.8,0,3.7,0
S7505,Business Administration,1,96.5,26,431.0,39.6,2,87.4,1,3.1,0
S7506,Artificial Intelligence,4,68.8,15,0.0,57.3,0,76.2,1,3.8,1
S7507,Computer Science,6,79.8,23,320.0,91.0,3,58.2,1,2.2,1
S7508,Artificial Intelligence,2,88.6,24,156.0,79.4,5,68.8,0,3.0,1
S7509,Data Science,8,99.7,18,353.0,76.7,2,66.0,1,2.3,0
S7510,Artificial Intelligence,3,74.8,24,169.0,62.8,0,83.7,3,3.5,1
S7511,Data Science,1,77.2,17,464.0,79.3,2,54.1,1,4.1,0
S7512,Data Science,5,72.5,17,337.0,87.2,1,80.7,1,4.7,0
S7513,Computer Science,1,80.6,16,84.0,75.9,2,56.8,0,4.6,1
S7514,Business Administration,1,69.8,26,0.0,100.0,3,47.9,0,4.2,1
S7515,Computer Science,7,64.8,20,360.0,93.2,3,48.8,0,3.8,0
S7516,Artificial Intelligence,2,85.1,24,217.0,75.6,1,54.4,1,2.4,1
S7517,Data Science,2,90.0,21,369.0,90.4,3,55.5,1,5.0,0
S7518,Information Technology,5,68.3,25,221.0,79.2,3,61.8,1,4.1,1
S7519,Information Technology,5,73.9,13,444.0,83.5,0,64.8,0,3.7,0
S7520,Data Science,5,80.8,16,421.0,73.8,3,58.8,0,3.6,0
S7521,Computer Science,4,100.0,15,352.0,81.2,1,61.9,1,4.5,0
S7522,Business Administration,4,48.0,11,192.0,51.2,3,89.2,1,2.5,1
S7523,Computer Science,2,87.3,23,230.0,63.6,0,60.6,2,3.2,1
S7524,Data Science,2,90.2,20,269.0,99.3,2,61.9,1,1.7,1
S7525,Data Science,5,73.5,16,174.0,72.2,2,60.3,0,2.5,1
S7526,Business Administration,4,77.8,16,379.0,59.0,2,80.2,2,5.0,0
S7527,Artificial Intelligence,3,86.0,10,261.0,100.0,0,35.1,1,3.6,0
S7528,Artificial Intelligence,4,81.6,15,278.0,72.7,1,62.1,2,2.8,0
S7529,Business Administration,2,100.0,17,238.0,87.6,1,66.1,1,3.5,0
S7530,Artificial Intelligence,4,83.2,15,298.0,68.8,1,46.8,0,4.3,0
S7531,Information Technology,2,92.3,22,321.0,94.6,0,59.9,0,3.6,0
S7532,Artificial Intelligence,5,87.4,22,234.0,78.1,1,57.5,2,4.2,0
S7533,Artificial Intelligence,7,90.3,10,272.0,47.8,1,67.5,2,2.5,1
S7534,Artificial Intelligence,5,72.7,24,244.0,100.0,4,58.8,2,4.4,0
S7535,Information Technology,5,84.4,13,244.0,67.5,1,41.3,1,5.0,0
S7536,Artificial Intelligence,3,81.2,23,302.0,72.3,1,80.8,1,2.4,0
S7537,Information Technology,7,73.4,19,0.0,56.2,1,69.6,0,4.0,1
S7538,Business Administration,3,93.1,11,468.0,45.7,3,70.0,0,4.2,0
S7539,Computer Science,2,57.8,21,392.0,97.7,1,89.8,1,3.8,0
S7540,Business Administration,1,98.2,17,319.0,81.7,0,59.9,1,3.6,0
S7541,Computer Science,6,55.4,17,400.0,43.2,3,88.3,2,2.5,1
S7542,Business Administration,3,80.2,19,137.0,71.2,0,69.9,0,3.3,1
S7543,Computer Science,2,93.3,22,90.0,84.8,1,53.0,0,3.6,1
S7544,Computer Science,7,67.7,20,73.0,88.9,1,67.5,0,5.0,0
S7545,Data Science,4,87.1,14,352.0,62.1,1,82.6,0,2.5,0
S7546,Computer Science,7,85.8,14,317.0,68.8,1,45.7,1,4.5,0
S7547,Computer Science,5,85.9,26,343.0,65.8,2,70.5,1,4.0,0
S7548,Data Science,5,77.8,14,412.0,71.2,3,86.3,1,2.0,0
S7549,Artificial Intelligence,5,76.4,18,15.0,82.1,1,86.4,0,4.1,1
S7550,Artificial Intelligence,2,63.2,15,156.0,92.6,3,57.8,0,3.3,1
S7551,Data Science,5,80.8,17,222.0,82.2,0,55.4,0,4.5,0
S7552,Information Technology,3,93.0,19,380.0,82.8,2,52.9,1,3.4,0
S7553,Computer Science,4,76.5,16,318.0,74.5,1,73.5,0,4.3,0
S7554,Computer Science,5,77.1,9,616.0,56.9,1,58.1,0,2.7,0
S7555,Data Science,2,100.0,22,169.0,75.4,1,80.9,1,3.7,0
S7556,Data Science,4,80.0,17,363.0,70.3,2,46.5,1,3.7,0
S7557,Information Technology,5,86.2,20,414.0,65.6,1,71.5,1,3.0,0
S7558,Artificial Intelligence,1,88.4,18,476.0,78.3,3,68.2,2,3.3,0
S7559,Business Administration,8,80.0,21,275.0,49.9,3,66.0,1,3.2,1
S7560,Artificial Intelligence,5,90.2,26,144.0,69.6,2,76.6,1,4.3,0
S7561,Computer Science,6,93.9,14,379.0,65.6,0,62.0,1,3.3,0
S7562,Data Science,7,92.8,27,335.0,62.9,1,87.4,1,3.5,0
S7563,Information Technology,3,94.2,14,369.0,88.4,1,53.3,1,4.4,0
S7564,Artificial Intelligence,4,57.0,24,462.0,80.2,0,82.6,1,3.9,0
S7565,Information Technology,3,67.9,15,271.0,86.4,1,49.1,0,3.6,0
S7566,Artificial Intelligence,1,75.8,20,175.0,85.7,5,66.9,1,2.7,1
S7567,Computer Science,1,72.4,20,368.0,60.3,2,52.7,2,3.5,0
S7568,Business Administration,6,73.4,12,337.0,97.7,1,55.1,1,3.9,0
S7569,Information Technology,3,92.7,15,262.0,69.4,1,60.9,0,4.9,0
S7570,Information Technology,4,83.3,16,179.0,98.3,3,63.7,3,1.7,1
S7571,Business Administration,1,80.4,22,341.0,71.1,0,89.0,1,3.2,0
S7572,Information Technology,8,79.3,25,403.0,55.1,3,69.0,3,3.1,0
S7573,Information Technology,1,77.2,15,109.0,59.1,1,80.6,0,2.9,1
S7574,Artificial Intelligence,5,79.1,11,305.0,95.1,0,51.2,1,2.1,0
S7575,Artificial Intelligence,6,98.7,18,371.0,87.8,0,71.9,1,4.2,0
S7576,Business Administration,7,60.8,10,516.0,64.6,2,80.9,0,4.1,0
S7577,Computer Science,2,97.3,17,308.0,81.9,0,59.1,2,4.0,0
S7578,Information Technology,7,100.0,21,487.0,95.5,2,72.5,0,3.3,0
S7579,Computer Science,8,97.2,16,401.0,100.0,4,64.0,1,3.1,0
S7580,Business Administration,7,70.1,13,403.0,80.7,2,66.8,0,2.7,0
S7581,Business Administration,8,76.2,18,203.0,83.8,1,60.3,1,3.8,0
S7582,Artificial Intelligence,1,94.4,32,597.0,75.1,2,55.2,0,2.8,0
S7583,Information Technology,4,79.0,24,307.0,78.2,0,90.8,3,4.0,0
S7584,Data Science,4,75.9,20,324.0,88.3,3,63.9,0,2.6,0
S7585,Business Administration,5,80.8,31,302.0,58.5,0,100.0,1,4.7,0
S7586,Information Technology,8,68.5,17,449.0,89.7,1,71.3,0,3.4,0
S7587,Computer Science,4,80.4,17,535.0,71.0,2,70.9,0,3.2,0
S7588,Artificial Intelligence,5,67.5,15,379.0,64.7,0,76.3,1,3.1,0
S7589,Computer Science,1,90.7,11,254.0,64.8,3,62.6,2,4.5,0
S7590,Business Administration,1,71.9,18,504.0,100.0,1,88.3,0,3.8,0
S7591,Business Administration,7,82.6,18,149.0,100.0,2,69.7,0,5.0,0
S7592,Computer Science,1,76.7,17,217.0,62.5,1,75.5,1,4.4,0
S7593,Business Administration,1,86.6,16,133.0,82.9,1,66.0,1,2.8,1
S7594,Information Technology,8,91.9,19,256.0,82.1,1,70.5,1,3.4,0
S7595,Business Administration,2,85.4,19,420.0,100.0,0,52.1,0,3.6,0
S7596,Artificial Intelligence,6,73.6,25,273.0,70.1,0,100.0,1,3.7,0
S7597,Information Technology,7,75.2,12,307.0,38.0,2,69.6,1,4.6,0
S7598,Data Science,7,100.0,20,344.0,75.8,1,62.2,0,3.2,0
S7599,Business Administration,6,93.4,26,273.0,73.1,1,59.6,0,2.8,0
S7600,Business Administration,2,79.6,16,166.0,86.2,4,69.4,0,4.0,0
S7601,Artificial Intelligence,1,75.1,31,102.0,93.5,0,58.0,1,3.9,1
S7602,Artificial Intelligence,4,64.7,18,457.0,98.6,3,54.1,0,3.0,0
S7603,Computer Science,5,95.5,16,224.0,98.0,0,76.2,1,2.1,0
S7604,Computer Science,7,73.5,13,218.0,89.7,2,51.3,2,5.0,1
S7605,Computer Science,6,94.6,16,121.0,96.9,4,34.7,1,4.6,1
S7606,Artificial Intelligence,3,91.9,14,284.0,53.4,3,75.9,1,2.8,1
S7607,Computer Science,5,98.2,15,365.0,73.4,0,75.3,1,3.4,0
S7608,Computer Science,3,91.1,16,256.0,78.1,0,67.0,0,3.5,0
S7609,Data Science,3,79.5,13,342.0,86.2,3,67.0,1,4.0,0
S7610,Computer Science,8,82.2,13,63.0,66.7,2,66.7,2,3.3,1
S7611,Business Administration,7,82.3,26,320.0,65.9,4,74.2,0,3.2,0
S7612,Artificial Intelligence,1,78.8,15,251.0,71.6,2,68.5,2,3.4,1
S7613,Information Technology,8,62.5,22,127.0,85.8,3,79.4,0,2.8,1
S7614,Data Science,3,56.1,28,106.0,20.0,1,76.5,1,4.3,1
S7615,Artificial Intelligence,1,91.1,18,197.0,77.7,2,62.9,1,4.0,1
S7616,Artificial Intelligence,2,79.8,20,154.0,65.0,1,70.8,0,2.7,1
S7617,Business Administration,4,93.5,15,342.0,62.5,0,73.3,1,3.8,0
S7618,Computer Science,3,77.4,20,352.0,84.0,0,40.6,2,3.0,0
S7619,Business Administration,7,82.0,24,321.0,80.6,1,65.8,3,3.6,1
S7620,Computer Science,4,93.2,16,345.0,81.7,1,58.5,0,1.9,0
S7621,Computer Science,1,100.0,16,112.0,81.0,0,77.1,1,3.3,1
S7622,Artificial Intelligence,3,78.2,19,361.0,100.0,2,50.7,0,4.5,0
S7623,Computer Science,5,70.0,15,380.0,99.2,1,70.0,1,2.6,0
S7624,Data Science,8,96.6,20,333.0,52.9,1,65.2,0,3.2,0
S7625,Data Science,7,78.6,15,288.0,69.2,3,38.9,1,4.5,0
S7626,Data Science,2,76.2,23,211.0,71.4,1,84.2,1,4.9,0
S7627,Artificial Intelligence,6,77.2,11,341.0,50.7,0,74.1,0,4.1,0
S7628,Business Administration,2,73.4,13,254.0,100.0,2,55.1,1,4.7,0
S7629,Information Technology,8,91.3,14,411.0,79.9,2,71.7,2,4.4,0
S7630,Computer Science,3,65.9,16,333.0,56.7,1,71.6,0,2.1,0
S7631,Information Technology,8,83.2,16,280.0,97.2,1,51.2,1,4.0,0
S7632,Business Administration,7,85.0,27,259.0,80.4,0,56.4,2,3.7,0
S7633,Business Administration,2,74.8,8,281.0,64.3,3,51.7,1,2.7,1
S7634,Artificial Intelligence,6,100.0,11,282.0,90.5,0,39.3,1,2.1,0
S7635,Data Science,5,92.8,20,291.0,94.5,2,87.2,1,4.2,0
S7636,Data Science,4,76.5,14,145.0,90.5,1,100.0,2,3.4,1
S7637,Business Administration,8,80.7,12,329.0,87.9,1,60.1,0,3.6,0
S7638,Artificial Intelligence,5,92.7,20,320.0,65.3,1,56.1,2,4.0,0
S7639,Artificial Intelligence,2,83.0,23,159.0,48.4,1,55.7,0,4.9,1
S7640,Computer Science,6,98.8,18,328.0,56.4,1,78.4,3,3.0,1
S7641,Data Science,4,88.8,14,299.0,69.4,3,83.9,1,3.2,0
S7642,Business Administration,7,85.0,16,200.0,46.8,1,80.0,1,3.2,1
S7643,Information Technology,6,84.9,23,373.0,100.0,1,80.4,1,3.0,0
S7644,Data Science,5,100.0,23,461.0,60.1,1,81.0,0,5.0,0
S7645,Computer Science,1,69.8,21,231.0,74.6,0,60.3,1,4.3,0
S7646,Artificial Intelligence,1,68.9,22,313.0,80.5,0,44.5,0,4.0,0
S7647,Business Administration,4,79.1,20,450.0,97.8,1,77.8,2,4.0,0
S7648,Data Science,8,98.9,9,37.0,86.8,1,67.3,2,3.4,1
S7649,Information Technology,4,52.4,18,527.0,81.5,1,74.9,2,1.7,0
S7650,Computer Science,4,59.2,15,310.0,100.0,2,65.3,1,5.0,0
S7651,Computer Science,1,77.2,11,391.0,100.0,0,73.1,1,3.3,0
S7652,Data Science,5,100.0,14,96.0,85.1,2,75.2,1,4.2,1
S7653,Information Technology,8,82.3,22,136.0,83.2,0,67.4,0,4.3,0
S7654,Computer Science,4,68.1,20,184.0,75.6,3,97.7,0,3.4,1
S7655,Business Administration,1,91.9,27,173.0,91.1,0,67.4,1,5.0,0
S7656,Computer Science,4,100.0,18,20.0,71.3,1,52.4,2,4.4,1
S7657,Information Technology,4,74.3,19,157.0,64.7,2,67.8,1,3.0,1
S7658,Artificial Intelligence,8,87.5,22,200.0,100.0,1,61.4,0,4.2,0
S7659,Artificial Intelligence,8,83.9,19,128.0,64.2,3,49.1,2,4.5,1
S7660,Data Science,6,88.9,18,479.0,77.4,2,93.4,3,3.5,0
S7661,Information Technology,4,76.5,19,376.0,71.0,2,73.7,2,4.0,0
S7662,Computer Science,1,89.5,26,212.0,76.8,2,57.1,2,3.4,1
S7663,Computer Science,5,92.1,18,370.0,81.6,1,74.3,0,3.2,0
S7664,Artificial Intelligence,1,90.6,17,340.0,78.1,2,83.2,1,3.6,0
S7665,Artificial Intelligence,1,62.5,14,93.0,62.2,1,42.5,0,3.6,1
S7666,Business Administration,4,64.8,16,352.0,70.7,2,94.6,1,3.3,0
S7667,Artificial Intelligence,6,73.7,22,250.0,89.8,1,49.8,1,1.9,1
S7668,Business Administration,3,85.2,17,383.0,82.0,2,84.8,2,4.8,0
S7669,Computer Science,7,88.7,12,170.0,85.1,2,41.0,0,4.6,0
S7670,Business Administration,3,69.4,17,365.0,94.3,0,80.9,0,2.9,0
S7671,Business Administration,3,85.9,12,426.0,87.7,1,58.3,1,3.3,0
S7672,Data Science,1,93.3,15,348.0,67.2,0,100.0,3,2.7,0
S7673,Artificial Intelligence,4,90.0,15,85.0,83.9,1,56.7,0,2.3,1
S7674,Business Administration,8,76.5,9,595.0,83.4,0,54.6,1,2.7,0
S7675,Computer Science,7,77.6,22,371.0,49.4,3,56.4,0,3.6,0
S7676,Information Technology,3,66.4,21,271.0,47.9,2,76.0,0,3.8,0
S7677,Business Administration,2,100.0,24,375.0,86.0,0,83.3,0,2.8,0
S7678,Artificial Intelligence,2,87.7,15,553.0,67.9,1,53.6,1,3.3,0
S7679,Data Science,2,62.7,26,130.0,69.7,1,76.3,0,3.7,1
S7680,Computer Science,5,96.7,12,431.0,82.9,0,66.1,1,3.0,0
S7681,Data Science,4,89.9,22,280.0,78.3,2,54.5,1,3.9,0
S7682,Information Technology,1,96.3,23,262.0,77.0,1,70.1,2,2.8,1
S7683,Business Administration,1,75.3,17,269.0,100.0,0,100.0,2,5.0,0
S7684,Business Administration,4,77.0,13,49.0,73.5,3,71.8,0,3.0,1
S7685,Artificial Intelligence,6,72.2,13,358.0,82.7,2,51.3,0,3.3,0
S7686,Business Administration,8,100.0,20,9.0,67.4,1,79.3,2,2.7,1
S7687,Computer Science,7,76.0,13,237.0,96.6,0,78.5,1,1.9,0
S7688,Information Technology,6,70.5,23,240.0,84.1,1,61.0,4,3.8,1
S7689,Data Science,8,74.2,17,254.0,100.0,0,74.2,1,2.5,1
S7690,Information Technology,5,78.1,15,41.0,80.6,0,35.4,0,3.7,1
S7691,Business Administration,4,100.0,18,407.0,83.6,1,48.5,0,3.1,0
S7692,Data Science,6,85.3,15,79.0,77.3,1,64.7,1,4.5,1
S7693,Artificial Intelligence,7,96.8,16,189.0,100.0,0,60.2,0,3.5,0
S7694,Information Technology,5,85.4,19,235.0,84.6,0,66.4,1,2.3,1
S7695,Data Science,3,79.8,22,262.0,76.5,0,71.9,0,3.6,0
S7696,Data Science,3,69.5,14,346.0,61.9,4,63.9,0,5.0,0
S7697,Data Science,5,100.0,21,302.0,38.3,1,74.8,0,3.3,0
S7698,Computer Science,8,93.9,17,532.0,79.6,1,65.2,1,3.1,0
S7699,Information Technology,4,95.0,18,342.0,72.5,1,72.6,0,4.0,0
S7700,Data Science,3,93.1,21,333.0,21.2,0,60.4,0,3.0,0
S7701,Information Technology,4,73.5,15,231.0,70.6,1,79.6,1,3.6,0
S7702,Data Science,6,85.2,17,336.0,59.3,0,73.5,1,3.7,0
S7703,Artificial Intelligence,3,95.0,27,241.0,100.0,1,42.8,0,2.7,0
S7704,Artificial Intelligence,7,93.3,14,242.0,76.9,3,72.6,0,4.2,0
S7705,Artificial Intelligence,7,83.9,21,680.0,100.0,0,71.9,2,4.4,0
S7706,Business Administration,6,100.0,16,485.0,86.1,0,53.4,1,2.9,0
S7707,Data Science,7,88.4,18,196.0,96.3,1,87.9,0,4.1,0
S7708,Business Administration,4,97.9,22,378.0,100.0,0,61.6,0,4.2,0
S7709,Information Technology,8,84.4,23,332.0,92.7,2,50.7,1,3.5,0
S7710,Business Administration,4,77.5,24,220.0,100.0,2,47.4,1,4.7,0
S7711,Information Technology,8,93.6,26,550.0,89.2,3,77.1,0,4.8,0
S7712,Information Technology,7,90.8,19,276.0,100.0,2,70.4,3,3.0,1
S7713,Information Technology,2,86.2,28,466.0,72.0,2,46.6,1,3.9,0
S7714,Business Administration,5,71.8,18,221.0,52.3,3,75.2,4,3.9,1
S7715,Data Science,8,94.1,15,432.0,33.0,1,78.7,1,4.2,0
S7716,Business Administration,1,72.5,22,460.0,93.9,0,65.3,0,3.9,0
S7717,Data Science,5,91.3,23,184.0,69.3,2,77.2,1,4.3,0
S7718,Data Science,7,68.8,18,261.0,71.9,2,46.1,1,3.8,1
S7719,Information Technology,4,71.8,18,290.0,71.6,4,59.6,2,5.0,0
S7720,Business Administration,8,85.5,14,496.0,66.0,4,73.3,1,3.5,0
S7721,Data Science,4,88.9,20,486.0,100.0,2,100.0,1,2.8,0
S7722,Artificial Intelligence,5,84.6,14,253.0,62.1,1,78.0,0,4.2,0
S7723,Data Science,8,75.7,30,254.0,86.8,4,65.6,0,3.3,0
S7724,Artificial Intelligence,4,95.4,18,329.0,86.8,2,52.7,1,3.1,0
S7725,Business Administration,6,83.7,19,111.0,51.3,3,62.0,3,3.5,1
S7726,Business Administration,3,84.3,26,453.0,88.4,2,88.2,1,3.8,0
S7727,Business Administration,4,80.1,20,196.0,57.3,2,83.7,0,3.0,1
S7728,Data Science,8,73.3,15,312.0,76.4,3,87.6,3,4.1,0
S7729,Computer Science,7,95.5,28,468.0,71.1,3,64.0,0,3.1,0
S7730,Data Science,7,74.3,19,353.0,79.0,1,63.7,0,4.2,0
S7731,Data Science,5,100.0,11,252.0,88.8,3,50.1,0,3.6,0
S7732,Information Technology,5,72.1,13,177.0,62.1,2,78.9,0,3.8,0
S7733,Information Technology,5,85.9,13,293.0,67.5,1,87.3,3,2.6,1
S7734,Data Science,7,82.8,20,265.0,48.7,3,64.5,0,2.2,1
S7735,Artificial Intelligence,2,80.6,16,615.0,58.4,2,54.8,0,3.9,0
S7736,Information Technology,8,90.2,25,203.0,91.7,1,49.0,0,5.0,0
S7737,Data Science,7,91.5,18,236.0,71.3,2,84.6,3,2.9,1
S7738,Computer Science,6,88.4,13,180.0,94.4,2,55.4,0,5.0,0
S7739,Artificial Intelligence,7,69.2,17,269.0,60.9,1,52.8,0,3.9,0
S7740,Business Administration,6,67.9,11,363.0,64.1,2,44.9,2,3.2,0
S7741,Data Science,7,67.2,19,186.0,97.9,0,76.6,0,3.3,0
S7742,Data Science,7,79.1,19,342.0,82.1,2,100.0,1,3.9,0
S7743,Artificial Intelligence,2,100.0,19,155.0,51.2,1,79.0,4,4.7,1
S7744,Information Technology,6,81.4,10,412.0,67.8,1,45.5,1,3.9,0
S7745,Information Technology,2,100.0,13,245.0,93.5,0,58.9,1,3.5,0
S7746,Information Technology,6,81.6,16,261.0,75.0,2,36.5,2,3.8,1
S7747,Business Administration,2,83.9,20,469.0,99.9,1,87.1,0,2.7,0
S7748,Artificial Intelligence,2,89.1,12,248.0,54.7,1,59.8,2,3.0,1
S7749,Artificial Intelligence,6,78.5,26,348.0,99.8,0,72.4,2,3.8,0
S7750,Information Technology,2,84.7,14,385.0,56.7,2,68.4,1,3.7,0
S7751,Information Technology,7,61.6,21,456.0,82.4,3,82.9,1,3.5,0
S7752,Computer Science,6,71.3,18,339.0,95.1,2,67.8,1,3.7,0
S7753,Computer Science,2,61.8,15,262.0,80.3,0,81.9,2,3.4,1
S7754,Data Science,7,90.7,16,237.0,88.3,4,70.6,0,2.6,1
S7755,Data Science,7,65.6,17,338.0,96.4,0,56.0,0,2.8,0
S7756,Artificial Intelligence,5,98.9,24,209.0,86.5,1,73.2,1,4.0,0
S7757,Artificial Intelligence,1,86.3,15,365.0,72.4,1,70.9,1,4.8,0
S7758,Business Administration,6,93.5,24,324.0,73.9,2,63.5,1,3.9,0
S7759,Business Administration,2,74.2,18,160.0,62.8,1,60.4,1,2.8,1
S7760,Computer Science,5,68.5,14,153.0,56.1,2,96.5,1,4.3,0
S7761,Data Science,1,77.8,16,310.0,100.0,1,96.1,3,3.6,0
S7762,Computer Science,8,94.8,22,266.0,89.0,3,55.7,2,4.1,0
S7763,Computer Science,8,100.0,12,398.0,100.0,1,47.1,1,3.6,0
S7764,Data Science,2,88.1,12,190.0,89.0,1,71.9,4,4.4,1
S7765,Business Administration,8,66.2,21,388.0,71.6,0,73.7,1,4.2,0
S7766,Data Science,1,70.3,16,391.0,57.0,4,78.5,1,2.5,1
S7767,Information Technology,6,64.1,17,158.0,68.7,0,63.0,1,4.2,1
S7768,Information Technology,7,80.4,19,273.0,90.1,2,100.0,1,3.6,0
S7769,Information Technology,7,78.7,20,464.0,65.2,1,92.9,0,3.4,0
S7770,Artificial Intelligence,1,80.4,26,348.0,100.0,1,92.3,1,4.0,0
S7771,Business Administration,8,69.1,21,288.0,71.5,1,49.5,1,3.9,0
S7772,Business Administration,7,67.9,24,403.0,56.3,0,35.6,4,3.0,0
S7773,Artificial Intelligence,8,83.1,12,241.0,72.3,1,52.6,0,3.9,0
S7774,Computer Science,3,87.8,19,261.0,82.2,0,75.9,1,2.3,0
S7775,Information Technology,4,67.8,14,320.0,100.0,3,78.9,1,4.2,0
S7776,Information Technology,7,87.7,19,471.0,80.0,2,61.6,3,3.9,0
S7777,Computer Science,3,93.4,19,190.0,66.8,2,72.7,1,3.9,0
S7778,Data Science,6,54.0,20,356.0,100.0,0,88.1,1,3.1,0
S7779,Data Science,6,100.0,18,252.0,98.7,1,88.1,0,5.0,0
S7780,Business Administration,1,90.4,13,449.0,76.1,2,47.1,2,4.4,0
S7781,Artificial Intelligence,7,93.5,14,392.0,48.9,2,64.2,1,3.4,0
S7782,Business Administration,8,69.7,17,291.0,67.5,2,49.3,1,4.0,0
S7783,Data Science,7,91.4,17,372.0,91.1,2,20.1,1,4.0,0
S7784,Computer Science,8,92.8,20,231.0,100.0,0,71.7,1,3.8,0
S7785,Business Administration,8,74.2,17,224.0,80.6,3,40.3,2,1.0,1
S7786,Information Technology,7,91.4,20,603.0,76.5,2,49.9,3,3.8,0
S7787,Information Technology,8,80.3,11,255.0,68.8,2,40.1,0,4.3,1
S7788,Computer Science,5,74.6,13,321.0,91.4,3,83.3,0,3.1,0
S7789,Data Science,2,79.6,22,253.0,59.7,1,76.5,2,2.3,1
S7790,Information Technology,4,84.0,16,146.0,68.1,1,100.0,2,3.1,1
S7791,Information Technology,7,78.4,22,178.0,100.0,3,85.8,2,3.6,1
S7792,Artificial Intelligence,2,72.5,15,341.0,95.5,3,58.8,1,4.9,0
S7793,Business Administration,5,86.7,13,131.0,100.0,2,81.1,1,3.7,0
S7794,Data Science,8,88.7,15,215.0,66.3,0,67.9,1,3.1,1
S7795,Business Administration,8,83.8,19,378.0,55.5,0,70.1,4,4.4,0
S7796,Data Science,6,62.6,17,327.0,100.0,0,57.1,2,3.3,0
S7797,Information Technology,4,75.0,17,251.0,91.3,1,78.2,1,2.4,1
S7798,Artificial Intelligence,3,71.9,25,247.0,96.5,1,61.6,1,2.9,1
S7799,Business Administration,6,100.0,20,176.0,91.5,2,60.7,0,4.0,1
S7800,Information Technology,6,83.4,15,568.0,100.0,1,66.0,0,2.9,0
S7801,Data Science,8,78.6,23,182.0,90.8,2,77.8,1,4.3,0
S7802,Business Administration,1,75.3,10,421.0,81.8,1,50.0,1,5.0,0
S7803,Business Administration,5,80.5,17,35.0,83.8,2,73.4,0,4.6,1
S7804,Information Technology,1,91.0,15,405.0,82.2,1,47.5,3,3.1,0
S7805,Business Administration,1,60.0,19,417.0,100.0,1,60.2,1,2.5,0
S7806,Artificial Intelligence,2,84.8,18,188.0,100.0,2,59.5,1,1.8,1
S7807,Artificial Intelligence,6,75.9,31,226.0,100.0,1,80.1,1,3.2,0
S7808,Information Technology,8,87.2,13,428.0,42.0,3,73.7,0,1.9,0
S7809,Data Science,5,91.6,13,163.0,73.8,0,82.1,2,3.8,1
S7810,Information Technology,1,73.7,13,352.0,62.0,3,82.1,1,4.8,0
S7811,Artificial Intelligence,8,65.6,15,219.0,100.0,0,100.0,1,3.8,0
S7812,Computer Science,8,78.3,18,408.0,65.0,2,43.5,1,3.1,0
S7813,Computer Science,8,97.4,18,523.0,89.2,2,58.7,0,4.5,0
S7814,Business Administration,3,92.0,14,179.0,100.0,1,46.6,1,3.1,1
S7815,Business Administration,4,77.5,24,371.0,84.4,0,75.3,0,3.2,0
S7816,Computer Science,8,74.4,20,417.0,71.9,0,73.0,1,3.4,0
S7817,Artificial Intelligence,7,75.3,30,61.0,82.2,1,57.3,0,2.8,1
S7818,Business Administration,5,66.4,13,421.0,54.1,0,73.5,2,3.5,0
S7819,Information Technology,2,91.4,22,342.0,51.5,4,85.9,1,4.4,0
S7820,Information Technology,5,93.6,25,377.0,88.4,0,44.0,0,3.5,0
S7821,Artificial Intelligence,6,77.4,24,81.0,34.5,3,67.5,0,2.4,1
S7822,Business Administration,2,76.0,18,389.0,77.2,1,70.8,2,3.6,0
S7823,Information Technology,4,73.6,20,278.0,75.9,1,51.8,2,3.9,0
S7824,Business Administration,8,76.6,14,163.0,100.0,2,53.4,3,3.2,1
S7825,Business Administration,3,73.2,9,384.0,87.9,1,64.3,0,3.4,0
S7826,Information Technology,1,80.1,21,397.0,73.2,0,72.0,1,4.5,0
S7827,Computer Science,5,91.4,25,291.0,95.3,0,82.7,3,3.3,0
S7828,Information Technology,2,90.2,28,344.0,81.6,3,74.1,0,3.8,0
S7829,Artificial Intelligence,8,71.9,26,281.0,58.7,1,78.5,0,3.7,0
S7830,Data Science,4,83.8,18,135.0,83.6,1,82.7,5,2.2,1
S7831,Information Technology,1,89.8,24,283.0,81.1,3,91.6,0,2.6,0
S7832,Business Administration,7,70.7,17,444.0,79.8,3,69.5,0,3.4,0
S7833,Business Administration,4,83.7,22,446.0,86.4,0,40.3,0,4.0,0
S7834,Information Technology,3,96.6,21,201.0,97.5,2,90.8,2,4.9,0
S7835,Data Science,1,79.1,16,329.0,84.9,1,100.0,0,2.2,0
S7836,Information Technology,1,57.8,24,309.0,55.3,1,66.7,0,2.3,0
S7837,Data Science,7,51.8,19,359.0,51.0,2,96.7,0,3.4,0
S7838,Data Science,8,85.7,21,306.0,71.4,2,78.0,0,4.0,0
S7839,Artificial Intelligence,1,83.3,13,387.0,70.2,0,77.7,1,2.8,0
S7840,Business Administration,2,84.3,14,250.0,84.7,1,70.4,1,3.8,0
S7841,Business Administration,1,87.9,20,432.0,100.0,3,45.8,1,4.2,0
S7842,Data Science,4,64.2,19,236.0,100.0,1,70.1,0,4.2,0
S7843,Business Administration,2,72.3,14,323.0,66.6,2,92.9,2,5.0,0
S7844,Computer Science,1,87.1,20,380.0,46.3,2,78.8,0,3.0,0
S7845,Data Science,4,90.8,18,326.0,79.2,0,67.1,0,1.6,0
S7846,Business Administration,4,78.9,20,19.0,97.9,1,45.1,2,2.9,1
S7847,Computer Science,5,64.8,15,336.0,70.3,1,82.3,0,4.3,0
S7848,Artificial Intelligence,4,86.1,18,383.0,79.1,1,69.0,1,4.4,0
S7849,Business Administration,7,82.6,17,336.0,75.1,2,72.0,0,2.2,0
S7850,Computer Science,6,69.3,14,413.0,100.0,2,63.0,1,4.7,0
S7851,Information Technology,3,58.2,12,441.0,100.0,3,78.9,3,2.2,0
S7852,Information Technology,1,88.9,23,217.0,90.1,1,84.3,1,3.2,0
S7853,Computer Science,7,74.6,20,94.0,90.5,0,72.6,2,3.9,1
S7854,Data Science,1,84.2,12,156.0,53.0,3,89.7,1,3.2,1
S7855,Data Science,1,83.8,20,309.0,70.5,3,83.1,0,3.9,0
S7856,Business Administration,4,68.2,18,374.0,93.9,2,73.5,1,3.2,0
S7857,Information Technology,4,87.0,12,285.0,85.3,2,63.4,0,3.6,0
S7858,Data Science,1,71.7,27,134.0,87.2,3,62.2,0,2.5,1
S7859,Data Science,6,64.1,29,336.0,47.3,1,40.3,1,4.8,0
S7860,Information Technology,2,62.5,16,301.0,39.7,2,53.0,2,3.4,1
S7861,Artificial Intelligence,2,82.0,16,319.0,100.0,2,66.1,1,3.2,0
S7862,Data Science,3,100.0,17,517.0,75.3,3,72.8,1,3.9,0
S7863,Computer Science,5,82.5,23,398.0,48.0,0,69.1,0,2.4,0
S7864,Business Administration,8,100.0,11,284.0,75.8,1,82.1,0,3.4,0
S7865,Data Science,7,99.4,18,141.0,52.2,0,72.2,3,2.5,1
S7866,Data Science,3,88.2,12,461.0,57.3,2,58.1,1,2.9,0
S7867,Artificial Intelligence,8,100.0,13,88.0,64.6,0,57.8,3,3.4,1
S7868,Computer Science,1,99.5,23,266.0,52.2,2,75.5,1,3.9,0
S7869,Business Administration,7,96.1,20,156.0,20.0,2,51.3,3,3.1,1
S7870,Data Science,1,59.4,12,251.0,91.7,3,64.2,0,3.3,1
S7871,Business Administration,1,79.2,17,289.0,67.5,1,76.1,1,4.1,0
S7872,Information Technology,5,73.7,25,142.0,95.1,3,54.0,1,3.3,1
S7873,Data Science,4,96.1,20,6.0,78.7,4,60.3,2,2.9,1
S7874,Data Science,5,78.3,21,184.0,45.2,1,67.9,0,3.8,0
S7875,Information Technology,3,100.0,15,138.0,77.5,2,70.8,1,3.5,1
S7876,Artificial Intelligence,4,83.2,21,185.0,100.0,1,74.3,0,3.4,0
S7877,Data Science,4,81.7,19,266.0,76.2,2,68.8,1,4.4,0
S7878,Business Administration,3,77.5,12,483.0,65.0,1,66.5,2,3.1,0
S7879,Computer Science,4,79.8,15,228.0,52.0,2,63.2,1,4.0,0
S7880,Business Administration,7,85.2,10,236.0,67.6,1,85.2,1,1.7,1
S7881,Artificial Intelligence,2,81.2,12,287.0,57.1,2,55.7,2,3.3,1
S7882,Computer Science,3,76.4,22,379.0,69.4,0,82.9,0,3.5,0
S7883,Business Administration,8,77.1,19,367.0,38.7,2,68.1,2,3.4,0
S7884,Business Administration,3,100.0,22,70.0,56.1,2,65.4,0,2.9,1
S7885,Information Technology,2,100.0,19,175.0,88.7,0,71.1,2,2.3,1
S7886,Artificial Intelligence,5,76.4,15,433.0,80.6,1,55.3,2,3.0,0
S7887,Information Technology,5,92.2,19,237.0,72.0,1,81.6,3,3.1,1
S7888,Computer Science,5,72.1,24,416.0,55.2,2,77.0,3,3.7,0
S7889,Information Technology,4,78.1,16,386.0,100.0,2,60.0,0,4.3,0
S7890,Artificial Intelligence,2,68.9,22,31.0,100.0,2,75.2,1,2.6,1
S7891,Data Science,7,94.2,15,101.0,55.7,0,59.6,1,3.8,1
S7892,Data Science,3,87.8,17,260.0,93.5,0,53.4,2,3.0,1
S7893,Computer Science,3,90.1,18,348.0,56.7,2,72.3,0,4.0,0
S7894,Data Science,3,92.7,14,268.0,87.6,1,65.7,1,4.3,0
S7895,Information Technology,4,71.6,21,277.0,34.6,1,66.1,0,4.0,0
S7896,Computer Science,4,78.1,19,304.0,66.9,2,83.6,2,3.9,0
S7897,Artificial Intelligence,6,87.3,31,288.0,81.4,0,78.0,3,1.7,1
S7898,Computer Science,7,77.9,18,296.0,85.0,0,80.0,2,3.1,1
S7899,Computer Science,5,82.8,22,16.0,59.6,1,54.3,1,4.2,1
S7900,Business Administration,8,72.4,24,263.0,88.6,2,67.0,0,4.9,0
S7901,Business Administration,6,98.0,20,262.0,76.5,3,78.7,0,4.2,0
S7902,Computer Science,6,93.3,21,172.0,51.6,1,84.4,1,4.0,0
S7903,Data Science,4,96.8,19,208.0,57.7,2,67.3,1,3.6,1
S7904,Business Administration,5,89.9,23,100.0,100.0,0,49.7,1,3.1,1
S7905,Artificial Intelligence,5,68.9,18,346.0,81.3,2,77.6,3,4.7,0
S7906,Information Technology,3,76.2,22,162.0,70.1,1,78.6,1,3.9,1
S7907,Business Administration,4,73.6,19,286.0,50.6,1,67.4,0,3.3,0
S7908,Computer Science,5,78.9,14,241.0,67.7,0,75.1,0,3.7,0
S7909,Data Science,8,94.7,17,278.0,81.5,2,47.8,3,3.7,0
S7910,Information Technology,6,64.3,17,409.0,85.0,0,81.0,0,3.8,0
S7911,Business Administration,2,75.0,25,212.0,80.3,0,75.2,1,4.1,0
S7912,Data Science,2,77.3,15,288.0,65.7,1,57.6,0,2.5,0
S7913,Data Science,4,66.2,16,377.0,43.7,2,88.5,1,2.5,0
S7914,Data Science,3,84.5,15,318.0,76.3,1,44.8,1,4.5,0
S7915,Computer Science,3,77.9,24,205.0,77.3,1,70.2,2,2.9,1
S7916,Artificial Intelligence,5,95.3,12,114.0,62.2,0,87.0,2,3.3,1
S7917,Data Science,8,78.7,16,200.0,74.2,2,98.7,0,3.8,0
S7918,Information Technology,7,87.5,20,322.0,79.8,6,52.7,0,3.5,1
S7919,Business Administration,4,83.4,25,294.0,83.9,4,71.6,1,3.6,0
S7920,Information Technology,7,52.2,12,377.0,92.7,0,66.1,2,3.0,0
S7921,Computer Science,2,64.8,26,260.0,33.9,2,68.2,0,4.8,0
S7922,Computer Science,6,86.6,13,207.0,86.3,2,69.8,1,4.1,0
S7923,Information Technology,5,86.1,17,122.0,48.8,2,74.6,0,3.5,1
S7924,Artificial Intelligence,6,81.2,15,155.0,59.0,0,100.0,1,5.0,0
S7925,Computer Science,7,98.0,27,174.0,97.5,1,86.1,1,3.0,0
S7926,Computer Science,5,88.1,13,457.0,55.7,1,45.7,1,3.9,0
S7927,Information Technology,1,100.0,25,158.0,93.8,3,56.4,1,3.7,1
S7928,Computer Science,6,52.5,16,160.0,67.3,1,79.4,1,3.8,1
S7929,Artificial Intelligence,4,100.0,26,215.0,100.0,1,51.4,1,3.7,0
S7930,Artificial Intelligence,6,74.7,17,424.0,53.3,2,51.6,1,5.0,0
S7931,Artificial Intelligence,6,82.3,12,357.0,76.4,3,61.8,1,3.8,0
S7932,Business Administration,5,96.2,20,269.0,27.2,2,80.5,1,3.9,0
S7933,Artificial Intelligence,2,56.6,12,110.0,79.7,2,82.4,2,2.8,1
S7934,Artificial Intelligence,7,79.0,20,284.0,48.1,1,54.7,4,3.2,1
S7935,Business Administration,1,94.1,4,384.0,73.4,2,40.1,0,3.9,0
S7936,Data Science,6,74.6,16,448.0,62.2,2,83.6,2,3.3,0
S7937,Computer Science,8,93.0,19,19.0,100.0,0,79.8,1,4.0,1
S7938,Artificial Intelligence,7,90.1,18,187.0,69.8,2,70.1,1,3.4,1
S7939,Computer Science,8,84.0,25,291.0,100.0,2,66.0,2,3.0,1
S7940,Information Technology,7,89.2,18,429.0,59.9,0,67.8,0,2.2,0
S7941,Computer Science,8,97.5,16,121.0,20.0,3,70.1,2,4.5,1
S7942,Business Administration,2,89.2,21,147.0,91.7,1,59.7,2,3.3,1
S7943,Computer Science,3,93.1,11,223.0,56.0,1,87.2,0,3.3,0
S7944,Computer Science,1,71.4,16,111.0,98.1,1,37.8,2,4.2,1
S7945,Computer Science,1,89.0,22,43.0,75.4,2,84.1,2,3.0,1
S7946,Data Science,8,87.9,20,533.0,88.8,1,55.8,1,4.8,0
S7947,Data Science,8,95.5,23,248.0,94.1,1,38.7,1,3.8,0
S7948,Information Technology,8,68.1,11,200.0,100.0,1,74.6,1,4.5,0
S7949,Business Administration,7,94.9,17,136.0,97.2,0,76.8,1,4.2,0
S7950,Computer Science,5,71.5,19,274.0,81.4,0,64.3,0,4.1,0
S7951,Computer Science,6,100.0,22,213.0,93.6,3,76.3,0,3.1,0
S7952,Computer Science,3,71.3,19,373.0,91.7,1,39.8,2,2.7,0
S7953,Computer Science,8,68.0,23,149.0,87.0,1,86.9,3,4.3,0
S7954,Data Science,5,78.5,19,276.0,100.0,1,51.0,0,2.3,0
S7955,Information Technology,4,94.6,17,271.0,73.9,1,80.6,0,2.5,0
S7956,Artificial Intelligence,2,86.3,21,343.0,80.8,4,68.8,3,3.3,1
S7957,Business Administration,2,100.0,19,256.0,67.6,1,69.2,0,3.3,1
S7958,Computer Science,5,78.4,20,347.0,100.0,2,43.1,0,2.5,0
S7959,Information Technology,7,76.1,16,314.0,72.4,2,96.1,1,3.4,0
S7960,Artificial Intelligence,2,73.2,17,381.0,84.4,1,85.8,2,3.4,0
S7961,Information Technology,6,75.7,23,349.0,60.8,1,56.6,0,3.2,0
S7962,Data Science,2,65.2,19,256.0,70.5,3,89.8,2,3.6,1
S7963,Artificial Intelligence,6,74.2,19,477.0,96.3,1,62.7,1,1.6,0
S7964,Information Technology,4,67.5,17,217.0,75.7,1,62.2,0,4.2,0
S7965,Data Science,8,90.6,12,462.0,99.3,2,49.0,0,4.9,0
S7966,Information Technology,3,99.8,18,409.0,92.8,0,65.1,0,3.4,0
S7967,Information Technology,1,84.7,20,360.0,76.1,2,67.5,1,3.6,0
S7968,Artificial Intelligence,5,73.9,13,279.0,62.0,0,56.4,1,3.3,0
S7969,Data Science,5,90.9,17,205.0,83.4,0,79.0,1,3.9,0
S7970,Computer Science,6,81.5,12,313.0,83.4,1,91.3,2,4.2,0
S7971,Business Administration,4,94.2,23,312.0,78.3,1,78.9,0,2.6,0
S7972,Artificial Intelligence,4,70.7,26,278.0,83.4,4,43.8,0,3.1,1
S7973,Data Science,7,71.5,12,355.0,65.4,0,45.9,2,2.8,0
S7974,Information Technology,1,90.7,19,399.0,89.9,1,71.4,1,4.6,0
S7975,Data Science,8,81.8,20,190.0,85.7,2,82.8,4,3.5,1
S7976,Business Administration,3,93.1,8,211.0,64.3,3,64.4,1,3.3,1
S7977,Business Administration,5,71.7,14,138.0,69.5,1,69.5,2,4.0,0
S7978,Computer Science,6,87.2,27,335.0,77.0,0,68.9,0,3.2,0
S7979,Computer Science,4,88.6,20,478.0,69.6,3,63.7,1,3.0,0
S7980,Business Administration,8,63.6,18,132.0,64.0,4,74.7,0,2.2,1
S7981,Artificial Intelligence,5,82.0,20,199.0,96.7,0,72.8,1,4.5,0
S7982,Artificial Intelligence,6,57.8,15,126.0,94.1,0,83.0,0,3.8,0
S7983,Information Technology,2,99.6,16,227.0,88.9,2,51.9,2,3.1,1
S7984,Computer Science,8,66.2,20,43.0,56.9,1,42.8,1,5.0,1
S7985,Information Technology,5,79.7,20,431.0,100.0,2,67.7,1,4.0,0
S7986,Computer Science,3,81.9,20,381.0,83.7,0,61.5,0,2.9,0
S7987,Business Administration,8,70.5,22,322.0,75.8,6,58.4,1,5.0,0
S7988,Artificial Intelligence,6,100.0,17,408.0,93.0,1,54.7,0,3.4,0
S7989,Artificial Intelligence,3,73.7,21,402.0,75.9,0,82.9,0,3.2,0
S7990,Business Administration,5,78.8,16,292.0,26.2,3,66.2,1,3.5,1
S7991,Information Technology,2,73.7,18,138.0,82.8,4,100.0,1,3.8,1
S7992,Information Technology,3,73.6,24,209.0,97.7,2,64.1,0,3.2,0
S7993,Data Science,4,80.7,13,289.0,84.9,1,58.1,0,4.9,0
S7994,Computer Science,6,90.4,20,207.0,44.5,2,82.1,2,3.3,1
S7995,Information Technology,5,83.9,14,507.0,93.3,0,98.0,0,3.2,0
S7996,Business Administration,2,72.9,18,319.0,82.9,2,60.5,0,2.6,1
S7997,Information Technology,4,81.9,15,312.0,84.1,3,81.0,4,3.6,1
S7998,Artificial Intelligence,5,65.6,11,414.0,50.6,3,49.0,0,1.9,1
S7999,Computer Science,8,96.2,12,333.0,68.0,2,64.2,2,2.7,1
S8000,Data Science,7,75.9,16,268.0,58.2,2,51.4,1,3.8,0
S8001,Computer Science,2,76.6,18,482.0,94.3,2,74.8,1,3.6,0
S8002,Artificial Intelligence,4,58.6,17,352.0,86.5,1,64.8,1,3.7,0
S8003,Artificial Intelligence,3,75.9,21,241.0,66.6,1,58.0,1,3.4,0
S8004,Artificial Intelligence,5,100.0,17,321.0,64.5,2,83.6,1,2.9,0
S8005,Artificial Intelligence,5,89.3,13,236.0,72.3,1,50.1,0,1.0,1
S8006,Business Administration,3,95.3,19,202.0,83.2,2,99.2,0,3.5,0
S8007,Data Science,7,83.4,16,395.0,94.0,0,77.0,2,2.0,0
S8008,Artificial Intelligence,1,50.6,17,240.0,61.6,3,82.8,0,2.5,1
S8009,Artificial Intelligence,4,82.8,20,208.0,84.5,4,87.3,1,3.8,1
S8010,Information Technology,3,84.4,18,322.0,71.4,2,81.1,2,3.8,0
S8011,Data Science,8,92.7,23,426.0,25.0,0,41.3,1,3.9,0
S8012,Computer Science,5,81.6,16,48.0,68.4,3,43.6,0,3.0,1
S8013,Data Science,8,72.7,24,213.0,85.2,0,53.0,0,3.3,0
S8014,Data Science,4,80.8,13,32.0,63.3,1,61.4,2,3.6,1
S8015,Data Science,7,77.9,15,0.0,84.3,2,88.4,0,3.6,1
S8016,Artificial Intelligence,4,88.3,22,306.0,90.6,1,46.7,0,3.5,0
S8017,Artificial Intelligence,8,80.8,20,142.0,98.8,2,53.2,2,2.7,1
S8018,Business Administration,8,70.1,17,392.0,58.9,2,59.0,2,3.0,0
S8019,Computer Science,1,88.8,19,156.0,99.2,1,69.4,0,3.8,1
S8020,Information Technology,5,73.1,17,370.0,78.6,3,76.0,3,4.0,0
S8021,Data Science,2,78.2,20,335.0,49.7,1,52.9,1,3.7,0
S8022,Computer Science,1,76.4,9,188.0,73.7,4,91.8,0,3.7,1
S8023,Computer Science,1,84.8,21,240.0,72.7,1,75.9,0,5.0,0
S8024,Business Administration,2,65.5,10,321.0,68.3,3,71.8,1,4.6,0
S8025,Information Technology,2,82.4,16,364.0,55.7,3,70.2,0,3.1,0
S8026,Data Science,7,95.0,18,464.0,82.3,1,45.7,0,5.0,0
S8027,Information Technology,7,83.1,14,326.0,76.9,2,66.2,2,4.2,0
S8028,Business Administration,1,74.0,12,295.0,68.1,2,69.2,1,4.8,0
S8029,Artificial Intelligence,4,77.6,20,303.0,60.8,1,80.2,1,4.0,0
S8030,Computer Science,3,85.5,16,269.0,45.0,1,79.6,0,2.9,0
S8031,Data Science,3,88.7,25,244.0,100.0,3,89.8,2,4.0,0
S8032,Artificial Intelligence,1,100.0,20,188.0,73.2,3,72.0,2,3.2,1
S8033,Business Administration,4,62.5,15,346.0,92.3,3,49.8,0,4.2,0
S8034,Information Technology,2,85.2,21,199.0,98.1,2,85.7,0,2.3,0
S8035,Computer Science,6,84.2,19,321.0,96.7,2,93.2,3,3.8,0
S8036,Data Science,1,81.2,22,296.0,90.1,2,77.0,2,3.8,0
S8037,Artificial Intelligence,5,86.3,20,377.0,82.0,1,92.9,2,4.4,0
S8038,Artificial Intelligence,4,79.2,19,328.0,47.4,0,72.2,0,4.3,0
S8039,Computer Science,5,70.0,13,207.0,100.0,3,61.6,1,3.2,1
S8040,Information Technology,5,84.6,20,167.0,57.5,1,60.0,2,3.1,1
S8041,Business Administration,1,89.8,19,425.0,100.0,2,47.6,1,3.0,0
S8042,Information Technology,4,81.4,27,249.0,72.7,3,65.1,2,3.3,0
S8043,Information Technology,5,94.7,21,468.0,95.8,1,49.8,4,3.3,0
S8044,Information Technology,7,79.2,21,0.0,93.3,2,100.0,1,4.3,1
S8045,Computer Science,8,87.5,20,322.0,84.5,1,54.8,1,2.0,0
S8046,Computer Science,7,63.0,17,403.0,84.4,2,84.4,1,2.3,0
S8047,Business Administration,4,100.0,13,310.0,74.8,1,45.9,1,2.4,1
S8048,Information Technology,3,79.3,23,325.0,78.8,0,61.5,2,3.4,0
S8049,Computer Science,8,76.1,21,369.0,78.7,5,64.8,3,4.0,0
S8050,Business Administration,6,78.8,11,399.0,80.9,1,63.3,1,3.8,0
S8051,Business Administration,5,70.6,16,372.0,75.6,3,67.4,0,2.7,1
S8052,Information Technology,5,68.0,17,447.0,54.0,5,82.3,3,4.3,0
S8053,Data Science,4,82.5,20,243.0,70.5,5,93.1,0,4.4,1
S8054,Information Technology,7,83.4,16,500.0,85.7,0,71.9,2,4.1,0
S8055,Data Science,6,84.7,13,176.0,75.6,1,65.1,1,3.1,1
S8056,Business Administration,3,81.6,11,415.0,78.2,3,52.7,0,3.5,0
S8057,Computer Science,5,81.0,20,347.0,67.1,1,66.2,1,4.3,0
S8058,Artificial Intelligence,1,67.6,20,569.0,88.3,2,46.7,0,3.5,0
S8059,Business Administration,7,76.2,26,336.0,89.2,0,64.9,0,3.6,0
S8060,Computer Science,4,83.9,17,382.0,36.1,4,100.0,1,3.8,0
S8061,Business Administration,4,75.5,15,102.0,49.9,2,94.4,2,3.4,1
S8062,Information Technology,7,85.5,13,403.0,74.7,1,73.0,2,3.1,0
S8063,Data Science,5,80.4,13,334.0,87.0,3,83.5,0,3.8,0
S8064,Business Administration,3,80.3,12,388.0,83.4,1,59.4,1,4.1,0
S8065,Computer Science,5,84.5,16,186.0,75.5,0,55.5,0,2.5,1
S8066,Information Technology,7,87.8,14,240.0,93.0,1,55.7,1,3.5,0
S8067,Artificial Intelligence,8,90.5,21,322.0,88.9,2,65.0,2,2.8,0
S8068,Information Technology,2,100.0,17,291.0,74.4,2,83.6,0,3.5,0
S8069,Data Science,5,92.4,19,333.0,75.5,3,51.1,3,4.6,0
S8070,Information Technology,6,64.2,20,320.0,54.4,5,77.1,0,3.9,1
S8071,Artificial Intelligence,8,69.0,18,240.0,79.8,4,81.1,2,3.4,1
S8072,Computer Science,7,78.7,15,271.0,88.1,0,71.4,1,5.0,0
S8073,Business Administration,8,72.8,10,210.0,65.0,4,58.1,4,2.2,1
S8074,Data Science,6,86.7,12,631.0,78.7,2,74.4,0,3.1,0
S8075,Artificial Intelligence,8,88.0,14,341.0,84.1,1,70.9,0,3.6,0
S8076,Data Science,8,76.2,17,511.0,93.7,0,79.0,0,2.7,0
S8077,Information Technology,7,96.3,20,175.0,72.5,2,85.9,1,2.4,1
S8078,Data Science,2,99.5,20,289.0,62.5,3,50.3,1,4.3,0
S8079,Artificial Intelligence,6,60.3,8,246.0,71.9,1,74.6,1,4.8,0
S8080,Business Administration,6,64.9,23,348.0,83.3,3,77.2,0,3.0,0
S8081,Business Administration,1,95.2,17,324.0,82.3,3,75.2,2,5.0,0
S8082,Data Science,4,92.4,18,164.0,50.3,1,75.6,1,1.6,1
S8083,Computer Science,6,88.0,24,357.0,71.9,1,62.9,0,3.6,0
S8084,Data Science,4,82.1,18,332.0,59.6,2,52.2,0,2.6,0
S8085,Information Technology,7,80.8,26,335.0,78.6,1,44.9,0,3.5,0
S8086,Business Administration,3,88.4,13,438.0,84.4,1,83.8,1,3.6,0
S8087,Business Administration,5,84.1,17,414.0,96.4,1,68.3,1,3.4,0
S8088,Business Administration,1,97.7,17,495.0,100.0,1,73.5,1,2.5,0
S8089,Computer Science,7,73.8,19,341.0,86.9,2,70.5,1,3.6,0
S8090,Computer Science,2,82.2,7,410.0,70.6,1,65.5,0,3.5,0
S8091,Artificial Intelligence,3,92.7,15,277.0,68.8,1,84.2,1,3.7,0
S8092,Data Science,8,84.0,23,323.0,86.3,1,63.5,0,2.3,0
S8093,Data Science,1,90.1,24,370.0,91.8,3,78.9,0,4.6,0
S8094,Information Technology,1,89.9,15,241.0,56.1,0,66.6,3,2.9,1
S8095,Business Administration,7,76.9,23,307.0,100.0,1,35.0,1,3.8,0
S8096,Computer Science,2,69.8,15,146.0,85.7,1,58.9,1,3.9,1
S8097,Information Technology,2,73.0,16,448.0,93.1,1,84.8,1,3.9,0
S8098,Information Technology,4,69.0,21,452.0,86.3,0,54.2,1,2.6,0
S8099,Computer Science,5,59.7,17,154.0,59.1,1,78.1,1,1.9,1
S8100,Data Science,7,95.1,25,439.0,70.1,1,73.2,0,4.9,0
S8101,Business Administration,3,59.4,21,416.0,64.0,1,69.4,2,4.4,0
S8102,Data Science,5,100.0,12,338.0,47.6,5,70.7,0,4.8,0
S8103,Information Technology,3,75.7,23,339.0,56.0,3,77.5,1,3.5,0
S8104,Business Administration,1,78.7,17,369.0,100.0,2,72.5,0,4.2,0
S8105,Artificial Intelligence,6,63.8,22,142.0,74.1,0,52.6,0,2.7,1
S8106,Information Technology,6,86.6,11,576.0,93.6,1,84.8,1,3.8,0
S8107,Data Science,7,78.9,12,40.0,67.8,0,96.3,2,3.5,1
S8108,Data Science,2,82.7,22,125.0,65.1,1,48.1,2,3.7,1
S8109,Data Science,2,72.6,31,427.0,100.0,3,60.8,0,3.5,0
S8110,Computer Science,8,87.8,16,410.0,74.7,2,92.4,3,4.3,0
S8111,Information Technology,1,72.1,15,504.0,74.0,2,59.7,2,2.7,0
S8112,Business Administration,1,82.9,17,313.0,82.7,4,75.6,1,3.2,0
S8113,Data Science,3,87.5,22,189.0,89.4,1,66.3,1,3.5,1
S8114,Data Science,1,99.4,23,308.0,68.4,0,88.8,0,4.1,0
S8115,Computer Science,8,91.7,18,402.0,38.7,2,64.1,2,3.9,0
S8116,Business Administration,7,83.1,19,217.0,98.8,2,42.7,0,4.5,0
S8117,Information Technology,3,81.9,19,172.0,85.7,2,77.3,2,4.9,0
S8118,Artificial Intelligence,5,85.8,17,304.0,62.1,1,85.1,0,4.1,0
S8119,Computer Science,2,91.2,14,213.0,75.1,1,74.2,1,3.7,0
S8120,Information Technology,2,73.1,19,279.0,100.0,1,56.2,0,2.6,0
S8121,Artificial Intelligence,6,92.8,17,226.0,100.0,4,63.9,2,2.3,1
S8122,Data Science,6,70.8,16,370.0,72.0,3,71.9,0,2.3,1
S8123,Data Science,8,87.5,20,246.0,100.0,1,77.3,1,2.7,0
S8124,Business Administration,7,88.5,23,238.0,78.0,2,79.9,1,4.0,1
S8125,Artificial Intelligence,2,73.9,26,385.0,64.8,1,65.5,0,2.4,0
S8126,Data Science,8,63.5,21,167.0,68.5,3,75.7,0,4.6,1
S8127,Data Science,7,78.8,19,191.0,100.0,0,57.5,1,3.5,0
S8128,Business Administration,5,50.4,14,341.0,88.4,1,92.5,2,2.6,1
S8129,Information Technology,5,79.9,15,195.0,60.9,2,39.7,1,4.8,0
S8130,Data Science,4,67.0,18,456.0,96.6,0,96.0,0,4.5,0
S8131,Computer Science,3,100.0,15,174.0,97.3,2,45.5,0,4.3,0
S8132,Computer Science,6,94.7,12,286.0,70.5,3,60.5,1,3.6,0
S8133,Information Technology,3,82.9,23,196.0,86.4,2,44.5,1,4.0,0
S8134,Artificial Intelligence,6,98.0,16,476.0,100.0,4,76.0,1,2.1,0
S8135,Business Administration,4,90.5,22,173.0,57.1,2,74.2,2,3.0,1
S8136,Computer Science,2,68.0,20,530.0,45.4,2,59.0,1,3.0,0
S8137,Computer Science,8,74.5,19,310.0,65.9,2,47.8,1,2.1,1
S8138,Information Technology,7,94.4,15,278.0,46.3,0,82.3,0,3.4,0
S8139,Artificial Intelligence,3,70.5,16,50.0,55.6,3,64.1,1,3.7,1
S8140,Artificial Intelligence,6,86.7,19,500.0,98.6,2,69.1,0,2.8,0
S8141,Information Technology,3,90.1,22,361.0,62.8,0,53.5,3,3.3,0
S8142,Computer Science,2,78.9,20,154.0,76.8,3,78.9,0,3.1,1
S8143,Business Administration,7,83.8,22,237.0,91.1,3,63.5,0,2.5,0
S8144,Computer Science,1,92.0,23,101.0,99.3,2,72.2,0,3.9,1
S8145,Artificial Intelligence,6,91.4,16,207.0,84.3,4,57.4,1,4.3,0
S8146,Computer Science,8,87.4,14,286.0,39.5,1,74.7,2,4.1,1
S8147,Business Administration,1,81.8,24,496.0,77.1,2,65.2,1,3.5,0
S8148,Data Science,4,89.0,16,599.0,91.8,3,41.8,1,2.7,0
S8149,Computer Science,7,57.7,19,364.0,81.0,1,73.2,0,3.2,0
S8150,Information Technology,5,99.7,19,113.0,87.9,2,77.5,0,4.2,0
S8151,Data Science,3,80.4,16,580.0,65.9,0,53.0,0,3.8,0
S8152,Information Technology,6,73.2,20,87.0,79.7,2,88.9,0,2.6,1
S8153,Information Technology,8,89.2,16,403.0,89.9,0,52.6,0,3.6,0
S8154,Information Technology,3,88.9,18,308.0,100.0,2,75.3,1,3.5,0
S8155,Computer Science,4,70.3,20,448.0,66.5,1,93.6,1,3.2,0
S8156,Artificial Intelligence,4,82.8,15,209.0,66.1,1,97.5,1,3.5,1
S8157,Data Science,3,82.4,10,424.0,100.0,1,51.7,0,2.8,0
S8158,Business Administration,6,81.7,14,474.0,71.9,0,79.9,0,4.3,0
S8159,Artificial Intelligence,8,100.0,19,349.0,82.0,3,61.4,2,3.7,0
S8160,Computer Science,7,81.8,19,302.0,82.7,2,54.0,1,4.3,0
S8161,Information Technology,2,80.4,15,422.0,77.9,1,71.8,2,2.4,0
S8162,Business Administration,7,73.8,17,461.0,100.0,4,83.0,0,3.6,0
S8163,Data Science,2,72.1,24,244.0,73.9,1,66.4,1,4.9,0
S8164,Artificial Intelligence,8,86.7,19,224.0,92.2,2,45.6,1,3.0,0
S8165,Artificial Intelligence,5,76.4,19,223.0,70.5,4,48.5,0,4.3,1
S8166,Business Administration,7,79.7,15,30.0,100.0,0,79.3,1,3.6,1
S8167,Computer Science,8,84.4,17,412.0,63.2,1,75.6,0,4.4,0
S8168,Data Science,3,82.8,14,299.0,89.1,1,75.7,1,3.1,0
S8169,Business Administration,3,83.6,14,266.0,35.8,2,48.8,2,4.6,0
S8170,Information Technology,6,83.6,18,247.0,72.7,1,58.3,1,3.9,0
S8171,Data Science,3,89.5,21,353.0,88.0,3,59.2,2,2.7,1
S8172,Artificial Intelligence,6,100.0,22,220.0,51.9,0,49.5,1,4.2,0
S8173,Business Administration,8,96.8,19,408.0,71.3,1,69.8,0,4.4,0
S8174,Artificial Intelligence,3,77.7,13,255.0,100.0,1,57.0,0,4.5,0
S8175,Artificial Intelligence,4,96.6,15,162.0,58.8,2,64.6,1,2.5,1
S8176,Artificial Intelligence,1,69.4,18,373.0,82.9,0,55.8,3,3.7,0
S8177,Computer Science,8,75.2,17,196.0,51.6,0,50.4,3,5.0,1
S8178,Artificial Intelligence,3,90.5,24,292.0,58.5,2,49.7,1,3.8,0
S8179,Information Technology,1,90.1,13,412.0,85.7,2,54.8,0,1.9,0
S8180,Information Technology,2,89.2,18,306.0,74.0,2,72.7,0,4.0,0
S8181,Data Science,5,74.9,15,313.0,63.4,2,54.6,1,4.3,0
S8182,Artificial Intelligence,7,75.0,20,247.0,69.6,0,70.3,0,4.6,0
S8183,Artificial Intelligence,7,83.6,22,320.0,98.0,0,85.3,1,3.0,0
S8184,Business Administration,8,79.0,11,225.0,73.9,1,68.6,2,2.4,1
S8185,Computer Science,2,92.7,19,363.0,88.4,5,48.4,0,4.4,0
S8186,Data Science,3,78.7,26,260.0,46.6,1,60.1,0,3.4,0
S8187,Artificial Intelligence,7,78.3,18,277.0,68.2,2,84.5,0,3.3,0
S8188,Business Administration,6,62.5,27,179.0,70.3,0,68.1,0,2.8,1
S8189,Computer Science,2,92.5,15,362.0,64.7,1,56.4,0,3.7,0
S8190,Data Science,4,85.9,24,235.0,75.7,2,59.9,0,3.0,0
S8191,Data Science,1,54.6,18,169.0,72.5,2,88.9,4,2.2,1
S8192,Artificial Intelligence,6,87.3,20,238.0,91.1,3,83.2,0,2.9,0
S8193,Data Science,7,77.2,21,398.0,97.9,2,66.4,0,2.9,0
S8194,Business Administration,6,91.3,15,370.0,66.8,0,65.2,3,2.2,1
S8195,Data Science,3,80.7,10,32.0,99.6,0,73.4,0,3.3,1
S8196,Information Technology,4,72.3,18,217.0,64.9,1,58.2,2,2.6,1
S8197,Business Administration,1,100.0,17,473.0,80.2,3,82.4,0,3.3,0
S8198,Computer Science,4,100.0,14,451.0,54.1,2,69.0,3,3.9,0
S8199,Computer Science,2,79.8,20,150.0,72.9,0,50.4,1,4.0,1
S8200,Artificial Intelligence,3,86.5,21,408.0,100.0,1,81.7,0,2.3,0
S8201,Artificial Intelligence,6,76.5,13,127.0,80.6,1,54.5,1,4.3,1
S8202,Information Technology,6,61.5,21,200.0,73.4,1,40.9,0,4.9,0
S8203,Computer Science,2,97.8,17,171.0,42.0,0,84.0,1,3.9,0
S8204,Computer Science,6,72.4,15,389.0,76.8,1,82.2,1,4.8,0
S8205,Computer Science,5,97.3,18,304.0,79.7,1,57.5,1,3.8,0
S8206,Computer Science,3,90.4,16,361.0,69.5,3,97.4,2,3.5,0
S8207,Data Science,2,85.4,21,65.0,72.0,1,81.3,1,3.1,1
S8208,Business Administration,3,81.5,21,406.0,76.1,0,35.9,0,4.1,0
S8209,Business Administration,1,90.4,18,496.0,78.6,5,56.1,2,2.4,0
S8210,Information Technology,3,70.8,29,329.0,74.8,1,87.7,1,4.0,0
S8211,Data Science,3,98.0,20,538.0,99.1,1,100.0,1,4.8,0
S8212,Computer Science,1,83.7,25,404.0,59.4,1,66.5,1,3.9,0
S8213,Computer Science,2,99.9,18,517.0,100.0,5,79.7,0,2.0,0
S8214,Artificial Intelligence,3,80.5,8,272.0,73.2,3,60.2,0,3.2,1
S8215,Artificial Intelligence,4,83.7,14,338.0,87.6,6,74.6,0,4.2,0
S8216,Information Technology,3,85.2,17,219.0,97.2,3,62.8,0,3.2,1
S8217,Computer Science,2,88.9,20,126.0,81.4,1,43.5,4,4.0,1
S8218,Information Technology,8,100.0,25,202.0,77.4,2,65.4,0,2.4,1
S8219,Data Science,6,76.7,19,334.0,80.6,4,100.0,2,1.9,1
S8220,Business Administration,7,80.5,20,149.0,43.1,0,61.7,1,3.5,1
S8221,Computer Science,1,81.8,23,314.0,30.2,2,69.9,0,1.8,1
S8222,Data Science,6,54.2,23,39.0,91.6,3,74.4,2,4.5,1
S8223,Computer Science,2,75.3,17,260.0,72.1,0,65.9,2,2.9,0
S8224,Artificial Intelligence,5,76.1,16,331.0,62.7,1,57.1,1,3.8,0
S8225,Information Technology,7,100.0,27,215.0,82.0,1,73.7,1,4.5,0
S8226,Artificial Intelligence,6,85.1,20,262.0,75.2,0,76.0,2,3.5,0
S8227,Business Administration,3,87.9,16,298.0,54.7,1,69.7,1,2.8,0
S8228,Artificial Intelligence,7,64.4,15,253.0,95.0,3,59.1,1,3.0,1
S8229,Computer Science,3,81.2,19,334.0,98.3,0,63.3,0,3.7,0
S8230,Artificial Intelligence,1,93.2,24,97.0,81.8,4,56.7,1,2.8,1
S8231,Computer Science,3,100.0,18,158.0,81.0,3,77.5,1,3.4,1
S8232,Business Administration,7,73.8,19,177.0,77.8,1,72.2,0,3.6,1
S8233,Artificial Intelligence,4,60.2,16,275.0,80.2,1,69.7,3,3.2,1
S8234,Information Technology,4,72.7,19,517.0,84.3,2,53.2,1,1.9,0
S8235,Information Technology,8,72.7,25,369.0,69.5,1,49.3,2,3.7,0
S8236,Information Technology,6,72.9,21,94.0,92.4,3,66.0,0,3.9,1
S8237,Artificial Intelligence,2,92.9,14,325.0,81.1,4,36.9,1,2.8,1
S8238,Artificial Intelligence,8,86.1,14,234.0,91.9,5,75.1,2,3.8,1
S8239,Artificial Intelligence,1,68.5,21,245.0,100.0,1,64.5,0,3.1,0
S8240,Computer Science,5,99.0,22,213.0,78.7,1,55.6,1,2.1,1
S8241,Business Administration,8,100.0,17,266.0,84.0,1,44.9,0,3.0,0
S8242,Information Technology,6,61.5,12,85.0,89.6,2,69.2,0,2.1,1
S8243,Computer Science,2,96.1,11,285.0,79.3,2,73.4,1,3.6,0
S8244,Information Technology,1,80.0,18,338.0,71.8,0,89.5,0,4.1,0
S8245,Computer Science,7,70.7,12,204.0,81.3,2,60.1,0,5.0,0
S8246,Artificial Intelligence,1,64.5,19,236.0,100.0,4,88.8,0,4.6,0
S8247,Information Technology,7,76.6,14,157.0,34.4,2,70.2,1,4.5,1
S8248,Artificial Intelligence,6,75.7,18,251.0,91.4,1,70.9,1,2.1,1
S8249,Information Technology,2,83.8,26,311.0,80.8,0,96.3,2,3.7,0
S8250,Data Science,8,100.0,20,277.0,68.6,0,76.2,3,3.9,0
S8251,Computer Science,2,75.9,23,378.0,93.6,1,74.2,1,3.1,0
S8252,Data Science,3,65.1,15,415.0,56.3,0,59.9,0,2.3,0
S8253,Computer Science,5,78.0,9,229.0,70.8,3,49.1,1,3.8,1
S8254,Business Administration,4,94.5,20,272.0,100.0,0,74.7,0,2.0,0
S8255,Information Technology,3,79.0,25,168.0,43.9,0,74.1,1,3.2,1
S8256,Business Administration,1,89.8,16,242.0,87.0,3,64.7,1,3.9,0
S8257,Business Administration,5,84.0,16,306.0,100.0,3,63.7,3,3.8,1
S8258,Computer Science,5,82.7,22,390.0,97.9,0,47.8,1,3.7,0
S8259,Data Science,2,100.0,23,288.0,85.2,0,60.8,0,3.3,0
S8260,Artificial Intelligence,5,70.4,13,337.0,60.7,0,81.3,1,2.9,0
S8261,Computer Science,6,69.5,25,139.0,94.1,0,67.7,0,3.1,1
S8262,Artificial Intelligence,5,71.1,15,329.0,66.7,0,49.1,1,1.4,1
S8263,Business Administration,1,86.1,11,196.0,75.2,0,69.2,0,2.6,1
S8264,Artificial Intelligence,6,82.6,12,488.0,77.1,0,100.0,2,4.1,0
S8265,Data Science,6,90.5,13,518.0,55.8,1,98.6,3,3.4,0
S8266,Computer Science,3,81.1,14,485.0,100.0,3,52.0,2,4.5,0
S8267,Data Science,5,79.7,11,189.0,76.3,0,49.9,0,3.2,1
S8268,Data Science,2,85.9,13,379.0,76.7,1,58.9,2,5.0,0
S8269,Computer Science,7,100.0,16,1.0,67.0,0,60.6,0,3.4,1
S8270,Data Science,3,68.1,17,428.0,65.2,0,63.4,2,4.5,0
S8271,Information Technology,2,71.0,18,296.0,89.1,2,44.5,0,4.2,0
S8272,Information Technology,5,82.5,23,81.0,89.6,3,72.6,2,3.9,1
S8273,Information Technology,3,100.0,16,372.0,100.0,1,55.7,0,4.6,0
S8274,Artificial Intelligence,5,69.1,18,258.0,72.4,0,68.2,1,4.5,0
S8275,Data Science,1,81.9,14,258.0,70.4,2,62.3,1,3.3,0
S8276,Computer Science,3,71.5,15,363.0,97.9,4,60.6,3,3.4,1
S8277,Computer Science,2,86.8,19,420.0,93.1,3,46.0,1,3.9,0
S8278,Artificial Intelligence,1,57.2,14,332.0,72.8,0,60.3,3,4.8,0
S8279,Computer Science,4,69.6,16,24.0,84.4,3,50.4,2,4.0,1
S8280,Information Technology,2,97.3,23,332.0,100.0,2,49.6,4,4.8,0
S8281,Data Science,7,82.1,19,175.0,56.6,1,49.2,1,3.8,0
S8282,Computer Science,8,73.1,22,357.0,64.6,2,71.0,2,3.0,0
S8283,Computer Science,5,81.5,22,339.0,85.7,0,39.8,3,2.4,0
S8284,Business Administration,2,81.2,21,261.0,65.8,1,84.8,0,4.0,0
S8285,Business Administration,4,88.7,17,282.0,66.7,1,83.7,3,3.1,1
S8286,Business Administration,2,57.1,16,77.0,100.0,0,97.9,1,4.1,1
S8287,Data Science,1,69.6,13,486.0,85.4,3,52.6,0,3.7,0
S8288,Information Technology,6,70.5,14,330.0,77.0,1,66.4,2,3.1,0
S8289,Information Technology,8,89.6,17,321.0,64.0,2,61.4,1,2.8,0
S8290,Information Technology,2,81.9,20,327.0,84.6,3,53.4,1,3.1,1
S8291,Data Science,3,99.3,18,74.0,99.1,4,55.5,1,2.6,1
S8292,Data Science,7,91.9,15,408.0,54.8,3,86.2,1,2.7,0
S8293,Business Administration,4,77.8,15,241.0,56.0,1,81.3,4,1.5,1
S8294,Computer Science,2,81.4,8,303.0,90.2,5,58.0,1,1.7,1
S8295,Artificial Intelligence,4,97.5,16,217.0,67.9,1,73.8,0,3.6,0
S8296,Artificial Intelligence,6,99.2,21,142.0,63.4,0,77.6,1,5.0,0
S8297,Computer Science,1,80.9,20,224.0,65.7,0,46.4,1,3.7,1
S8298,Business Administration,3,70.2,16,266.0,91.6,6,64.1,0,3.7,1
S8299,Computer Science,5,56.8,22,287.0,91.1,1,81.1,0,4.4,0
S8300,Computer Science,2,56.8,17,228.0,85.1,1,28.2,0,3.6,1
S8301,Artificial Intelligence,1,87.7,18,276.0,70.3,2,62.6,1,3.6,1
S8302,Business Administration,8,87.4,15,252.0,63.3,2,68.7,1,2.4,1
S8303,Data Science,4,73.9,27,124.0,67.1,0,60.9,1,3.5,1
S8304,Artificial Intelligence,6,97.6,13,285.0,62.0,1,58.6,0,3.0,0
S8305,Data Science,7,79.5,14,285.0,70.9,3,74.5,1,3.4,1
S8306,Business Administration,4,74.9,14,205.0,78.6,1,68.3,2,3.1,1
S8307,Computer Science,7,96.1,21,400.0,91.3,1,32.2,1,3.1,0
S8308,Information Technology,6,94.5,21,288.0,78.7,0,62.2,1,3.3,0
S8309,Information Technology,7,81.4,11,335.0,75.0,1,44.3,1,3.6,0
S8310,Business Administration,6,88.2,21,185.0,100.0,4,69.6,1,2.7,1
S8311,Information Technology,1,89.7,23,208.0,20.0,1,54.5,1,3.3,1
S8312,Data Science,2,100.0,26,256.0,89.6,2,74.9,2,3.4,1
S8313,Information Technology,5,80.4,19,144.0,87.4,1,32.3,1,3.6,1
S8314,Business Administration,2,67.8,23,68.0,87.6,1,63.6,0,4.4,0
S8315,Business Administration,8,89.5,14,453.0,94.7,1,67.1,1,4.3,0
S8316,Data Science,8,82.7,14,221.0,56.6,0,42.4,0,4.4,0
S8317,Information Technology,3,83.3,13,273.0,95.2,1,76.3,0,4.1,0
S8318,Information Technology,2,81.6,12,326.0,84.9,3,79.7,0,5.0,0
S8319,Computer Science,6,62.9,19,266.0,70.9,1,71.0,3,3.6,0
S8320,Artificial Intelligence,6,85.1,16,156.0,89.3,1,54.7,2,2.7,1
S8321,Business Administration,3,77.7,19,416.0,81.2,0,39.9,0,5.0,0
S8322,Computer Science,4,78.3,20,234.0,61.0,0,56.8,1,3.6,0
S8323,Business Administration,6,77.2,18,368.0,41.6,3,72.0,0,4.9,0
S8324,Computer Science,3,81.5,8,467.0,54.4,0,90.5,0,3.4,0
S8325,Artificial Intelligence,6,85.1,16,142.0,65.1,1,74.2,3,4.8,0
S8326,Computer Science,5,81.6,14,397.0,85.1,1,38.5,0,5.0,0
S8327,Business Administration,6,95.9,18,312.0,52.1,1,66.4,0,2.4,0
S8328,Information Technology,1,91.1,21,191.0,85.4,3,70.9,2,2.8,1
S8329,Business Administration,3,81.1,20,351.0,83.6,0,41.3,1,4.1,0
S8330,Data Science,7,69.6,19,312.0,100.0,2,62.0,0,4.3,0
S8331,Data Science,8,89.0,26,227.0,84.5,1,81.2,1,3.6,0
S8332,Data Science,2,78.2,22,528.0,40.7,5,70.5,0,3.7,0
S8333,Data Science,3,80.0,19,346.0,98.6,1,51.4,3,2.9,0
S8334,Artificial Intelligence,4,66.2,13,169.0,61.6,1,76.3,0,4.5,0
S8335,Information Technology,6,87.0,13,340.0,60.6,0,66.5,1,4.5,0
S8336,Information Technology,3,100.0,12,278.0,74.5,0,86.4,2,4.0,0
S8337,Business Administration,5,75.9,22,164.0,87.9,2,44.1,0,2.4,1
S8338,Computer Science,3,89.5,21,272.0,73.1,3,60.2,0,3.7,0
S8339,Business Administration,5,97.0,15,346.0,78.2,1,39.3,1,3.4,0
S8340,Business Administration,8,75.7,15,189.0,61.6,2,54.4,0,3.4,1
S8341,Business Administration,8,52.9,16,132.0,57.0,0,81.0,1,2.2,1
S8342,Business Administration,6,90.3,21,135.0,81.6,3,83.3,1,3.1,1
S8343,Information Technology,2,83.0,27,141.0,50.6,1,98.0,2,3.6,1
S8344,Computer Science,6,85.7,20,364.0,65.2,0,57.5,0,3.6,0
S8345,Business Administration,4,82.7,15,349.0,72.0,1,94.5,1,3.5,0
S8346,Information Technology,1,95.9,22,189.0,82.2,0,84.8,1,3.1,0
S8347,Business Administration,2,80.8,11,274.0,73.3,1,63.4,0,3.6,0
S8348,Data Science,2,100.0,21,143.0,72.3,2,70.9,0,2.8,1
S8349,Business Administration,8,90.4,22,222.0,55.9,1,60.1,1,3.9,1
S8350,Business Administration,1,94.1,16,220.0,70.5,1,80.1,2,3.9,0
S8351,Artificial Intelligence,3,82.1,18,336.0,73.5,0,46.1,1,2.9,0
S8352,Data Science,6,85.7,14,441.0,85.5,1,56.4,1,4.2,0
S8353,Computer Science,3,61.7,18,169.0,63.6,0,70.6,2,2.9,1
S8354,Business Administration,3,75.1,15,201.0,61.9,1,70.3,0,3.7,0
S8355,Computer Science,6,94.9,18,333.0,56.2,1,69.0,1,4.2,0
S8356,Data Science,4,81.2,18,127.0,80.7,3,50.9,0,3.5,1
S8357,Business Administration,2,68.5,15,190.0,71.7,2,50.5,1,3.1,1
S8358,Artificial Intelligence,5,73.8,20,403.0,75.6,0,61.5,1,3.5,0
S8359,Information Technology,1,73.7,24,447.0,69.5,1,37.3,0,4.1,0
S8360,Artificial Intelligence,2,81.5,16,188.0,70.2,0,80.9,0,3.8,0
S8361,Artificial Intelligence,3,72.0,17,201.0,67.1,1,80.0,0,3.1,0
S8362,Information Technology,1,99.1,20,380.0,87.0,1,75.7,2,3.2,0
S8363,Information Technology,5,84.5,15,415.0,78.7,1,68.4,2,3.5,0
S8364,Information Technology,2,65.3,18,263.0,100.0,1,63.5,1,4.2,0
S8365,Business Administration,2,100.0,14,215.0,72.5,1,41.7,0,3.8,0
S8366,Computer Science,4,81.5,26,360.0,100.0,2,79.7,1,3.3,0
S8367,Computer Science,2,88.1,20,338.0,72.9,1,70.5,0,3.2,0
S8368,Information Technology,2,85.7,25,291.0,87.2,0,91.7,1,2.4,0
S8369,Artificial Intelligence,5,87.0,20,516.0,67.0,1,67.5,1,5.0,0
S8370,Data Science,5,77.9,15,325.0,86.7,1,65.0,0,3.3,0
S8371,Information Technology,1,86.0,18,159.0,36.5,0,55.1,2,3.0,1
S8372,Artificial Intelligence,3,80.2,11,346.0,55.5,1,75.3,1,4.6,0
S8373,Artificial Intelligence,5,86.3,15,213.0,60.4,3,76.2,0,3.1,0
S8374,Business Administration,1,79.8,25,275.0,100.0,1,87.9,3,3.7,0
S8375,Business Administration,2,78.5,20,387.0,97.0,0,81.7,1,3.4,0
S8376,Computer Science,8,64.5,13,399.0,82.7,1,61.4,2,3.3,0
S8377,Computer Science,1,81.9,22,0.0,70.5,0,47.4,0,3.9,1
S8378,Data Science,8,84.7,13,227.0,67.5,0,83.0,2,3.8,0
S8379,Data Science,1,100.0,16,235.0,67.1,1,61.3,0,2.7,0
S8380,Data Science,1,87.8,22,295.0,90.2,2,62.1,0,3.3,0
S8381,Data Science,8,73.3,20,190.0,79.6,1,63.4,1,4.0,1
S8382,Artificial Intelligence,6,69.8,17,261.0,94.2,0,97.1,2,3.9,0
S8383,Artificial Intelligence,1,85.2,13,286.0,88.1,1,75.0,1,3.4,0
S8384,Computer Science,8,73.1,22,94.0,85.4,2,80.0,1,2.7,1
S8385,Business Administration,5,75.2,24,275.0,63.9,2,90.0,0,4.5,0
S8386,Business Administration,7,73.0,19,412.0,63.8,3,72.5,2,4.1,0
S8387,Information Technology,7,78.1,9,147.0,80.4,2,60.1,1,5.0,0
S8388,Artificial Intelligence,7,90.8,19,313.0,84.8,0,48.2,1,3.6,0
S8389,Data Science,7,58.1,12,306.0,74.5,1,61.4,0,4.0,0
S8390,Data Science,6,97.5,14,80.0,55.6,3,72.5,2,3.7,1
S8391,Information Technology,3,79.6,16,255.0,82.0,1,75.8,0,2.3,0
S8392,Business Administration,8,74.4,23,287.0,91.6,1,63.2,0,3.7,0
S8393,Data Science,1,92.7,14,447.0,58.1,2,57.8,2,2.0,1
S8394,Business Administration,4,79.5,15,254.0,72.7,4,63.5,1,2.9,1
S8395,Information Technology,7,69.4,22,343.0,61.0,2,61.7,0,3.7,0
S8396,Business Administration,2,63.7,22,213.0,95.2,2,85.5,0,3.5,0
S8397,Business Administration,7,90.3,15,334.0,100.0,3,85.2,0,1.2,1
S8398,Business Administration,7,91.1,21,403.0,100.0,2,74.4,2,3.7,0
S8399,Data Science,2,77.0,16,99.0,49.5,2,59.8,4,2.6,1
S8400,Computer Science,6,97.9,23,315.0,84.2,2,70.8,2,4.0,0
S8401,Artificial Intelligence,2,82.4,15,362.0,87.9,1,84.1,2,3.4,0
S8402,Business Administration,2,97.9,16,282.0,100.0,0,69.8,1,4.5,0
S8403,Business Administration,6,70.5,12,327.0,67.6,0,72.0,0,2.2,0
S8404,Business Administration,2,69.0,19,389.0,75.8,0,74.5,1,2.0,0
S8405,Computer Science,1,75.8,16,135.0,56.8,2,68.0,0,4.4,0
S8406,Information Technology,7,77.2,15,345.0,53.7,0,75.2,0,4.5,0
S8407,Data Science,3,95.8,16,441.0,79.2,0,47.4,2,5.0,0
S8408,Computer Science,6,85.5,18,247.0,100.0,2,60.9,1,3.8,0
S8409,Business Administration,4,72.9,18,223.0,78.5,1,85.1,0,3.7,0
S8410,Computer Science,6,82.1,15,223.0,78.9,2,66.0,1,3.8,1
S8411,Computer Science,5,76.9,14,335.0,55.2,2,79.6,3,4.1,0
S8412,Computer Science,4,72.4,16,470.0,80.6,1,60.4,3,3.5,0
S8413,Information Technology,5,81.0,21,549.0,68.0,3,74.3,0,2.0,0
S8414,Artificial Intelligence,8,79.7,11,488.0,69.8,1,54.7,2,3.2,0
S8415,Data Science,8,72.8,18,258.0,100.0,1,70.2,2,3.1,0
S8416,Information Technology,6,72.7,22,197.0,70.1,4,46.8,0,3.1,1
S8417,Information Technology,5,91.8,25,115.0,71.9,2,88.6,2,4.1,0
S8418,Artificial Intelligence,4,87.1,17,354.0,81.9,3,79.6,1,4.9,0
S8419,Information Technology,1,93.3,21,653.0,20.0,0,80.3,0,3.4,0
S8420,Computer Science,6,78.6,19,325.0,64.0,1,60.7,2,2.6,1
S8421,Computer Science,6,68.9,18,341.0,45.8,4,69.1,0,3.3,0
S8422,Business Administration,2,75.1,18,295.0,68.1,0,66.0,3,2.6,1
S8423,Information Technology,6,94.3,18,367.0,100.0,2,26.3,1,3.4,0
S8424,Business Administration,7,62.8,16,225.0,28.0,0,56.5,2,2.2,1
S8425,Data Science,8,99.3,20,339.0,48.0,1,62.9,0,3.2,0
S8426,Computer Science,7,68.7,20,264.0,100.0,2,70.3,1,4.1,0
S8427,Data Science,6,91.4,13,357.0,75.1,0,62.4,3,3.5,0
S8428,Artificial Intelligence,8,69.8,19,299.0,85.9,0,76.7,1,3.9,0
S8429,Computer Science,8,74.9,14,362.0,79.7,2,59.6,1,3.9,0
S8430,Data Science,1,57.3,16,191.0,80.3,2,82.9,1,2.7,1
S8431,Artificial Intelligence,2,100.0,15,431.0,71.8,4,73.3,1,3.4,0
S8432,Data Science,3,88.9,17,417.0,20.0,5,70.9,1,4.4,0
S8433,Artificial Intelligence,5,89.6,15,264.0,77.6,1,52.1,1,3.7,0
S8434,Artificial Intelligence,4,76.1,23,232.0,97.8,3,79.4,1,3.8,1
S8435,Computer Science,3,70.8,14,148.0,96.0,4,84.0,2,3.3,1
S8436,Business Administration,2,91.3,18,160.0,88.5,2,84.0,1,2.8,1
S8437,Artificial Intelligence,7,67.6,22,253.0,76.1,0,65.8,1,3.4,0
S8438,Artificial Intelligence,7,80.0,26,318.0,80.7,0,71.8,0,3.7,0
S8439,Computer Science,7,67.0,21,324.0,93.4,2,69.6,0,3.5,0
S8440,Business Administration,1,83.5,26,509.0,50.5,3,37.9,2,3.4,0
S8441,Information Technology,8,59.0,8,239.0,100.0,3,79.5,2,3.4,1
S8442,Information Technology,7,64.2,12,227.0,96.1,3,63.1,0,4.0,0
S8443,Business Administration,4,71.7,22,289.0,100.0,1,69.0,0,3.3,0
S8444,Data Science,5,89.4,21,190.0,83.6,2,53.4,1,2.8,1
S8445,Computer Science,6,75.6,25,484.0,68.6,2,42.8,0,3.1,0
S8446,Business Administration,6,93.8,12,515.0,86.3,1,76.9,1,4.3,0
S8447,Information Technology,3,100.0,16,395.0,91.6,2,80.1,1,3.6,0
S8448,Artificial Intelligence,5,78.3,17,412.0,100.0,3,65.2,1,2.6,0
S8449,Information Technology,2,64.3,20,281.0,72.7,3,72.7,1,3.8,0
S8450,Artificial Intelligence,5,93.6,16,381.0,70.6,0,49.7,1,2.9,0
S8451,Computer Science,1,63.5,19,450.0,97.1,2,67.5,1,3.5,0
S8452,Artificial Intelligence,3,71.2,22,261.0,73.8,1,72.8,1,4.3,0
S8453,Business Administration,3,61.6,21,472.0,67.2,2,87.5,1,2.9,0
S8454,Artificial Intelligence,1,93.6,23,297.0,68.3,0,69.3,1,2.6,0
S8455,Data Science,5,88.9,16,288.0,41.6,1,48.3,2,3.9,0
S8456,Business Administration,7,100.0,19,195.0,65.2,2,95.7,1,3.4,1
S8457,Computer Science,1,76.7,17,326.0,85.6,0,75.4,1,3.6,0
S8458,Business Administration,7,72.1,17,434.0,77.9,4,75.2,1,4.4,0
S8459,Data Science,4,75.7,20,29.0,86.4,1,65.3,1,3.0,1
S8460,Computer Science,1,66.0,18,341.0,100.0,0,47.3,0,3.7,0
S8461,Information Technology,7,99.1,18,387.0,100.0,0,68.5,1,3.7,0
S8462,Data Science,5,100.0,17,314.0,73.1,4,61.7,0,2.4,1
S8463,Computer Science,7,73.3,20,64.0,57.5,3,80.6,0,4.0,1
S8464,Artificial Intelligence,1,89.1,12,137.0,70.1,2,59.3,0,3.9,1
S8465,Business Administration,2,80.1,24,290.0,91.9,0,53.8,2,3.4,0
S8466,Computer Science,6,87.3,17,99.0,100.0,1,70.4,1,4.3,1
S8467,Business Administration,1,94.7,28,622.0,80.9,2,62.2,0,2.0,0
S8468,Artificial Intelligence,6,68.3,11,456.0,86.6,3,61.9,0,3.1,0
S8469,Computer Science,1,76.3,21,176.0,73.9,6,62.5,1,4.0,1
S8470,Information Technology,5,96.4,14,405.0,80.8,5,81.2,0,3.0,0
S8471,Data Science,4,88.1,18,380.0,100.0,0,50.0,0,2.7,0
S8472,Computer Science,4,85.9,13,256.0,92.5,2,66.7,0,3.8,0
S8473,Artificial Intelligence,6,88.1,12,418.0,77.0,2,57.4,2,2.8,0
S8474,Computer Science,8,89.3,15,50.0,82.5,1,57.2,2,4.0,1
S8475,Business Administration,8,95.9,12,259.0,71.4,1,54.4,0,4.2,0
S8476,Computer Science,5,91.0,23,237.0,99.4,1,90.0,1,3.3,0
S8477,Information Technology,7,81.4,21,516.0,100.0,1,58.6,0,3.4,0
S8478,Computer Science,5,86.2,11,185.0,62.3,3,69.5,1,3.0,1
S8479,Data Science,8,81.2,13,382.0,63.8,1,90.4,0,3.5,0
S8480,Computer Science,5,73.0,18,218.0,71.5,2,72.1,1,3.2,1
S8481,Business Administration,2,81.4,19,428.0,93.4,1,39.7,1,4.5,0
S8482,Computer Science,3,80.6,17,248.0,70.3,0,78.8,1,4.6,0
S8483,Information Technology,8,61.6,10,154.0,94.9,0,53.5,1,3.4,1
S8484,Artificial Intelligence,8,91.3,23,296.0,49.8,1,39.0,1,4.2,0
S8485,Computer Science,1,93.3,20,401.0,76.7,5,73.5,1,3.9,0
S8486,Computer Science,5,88.5,22,363.0,80.4,2,66.3,1,2.8,0
S8487,Data Science,5,92.6,23,121.0,61.2,1,65.4,1,2.6,1
S8488,Information Technology,5,79.9,24,108.0,75.5,1,70.4,1,3.2,1
S8489,Artificial Intelligence,4,75.8,25,223.0,98.0,2,60.3,1,2.8,0
S8490,Business Administration,5,93.4,21,182.0,75.5,0,72.4,1,3.7,1
S8491,Computer Science,8,69.3,20,192.0,85.5,2,80.1,0,3.9,0
S8492,Artificial Intelligence,1,68.9,21,245.0,100.0,0,64.6,1,2.9,1
S8493,Business Administration,7,87.4,17,371.0,61.6,2,62.0,4,4.2,0
S8494,Information Technology,7,87.0,20,267.0,82.7,1,55.4,2,4.8,0
S8495,Information Technology,5,93.2,16,158.0,26.8,0,75.1,3,3.1,1
S8496,Artificial Intelligence,1,61.5,21,190.0,53.0,0,85.0,2,3.8,1
S8497,Business Administration,2,80.8,12,353.0,91.5,3,64.3,2,3.9,0
S8498,Information Technology,7,68.4,15,287.0,68.4,1,75.2,0,3.5,0
S8499,Artificial Intelligence,8,92.3,22,215.0,83.2,2,60.2,0,4.8,0
S8500,Information Technology,3,98.0,29,376.0,50.8,2,64.2,0,4.1,0
S8501,Information Technology,4,88.1,21,397.0,29.2,3,87.4,2,4.1,0
S8502,Information Technology,1,75.3,23,392.0,65.3,2,59.2,2,3.2,0
S8503,Data Science,7,73.0,17,288.0,67.6,1,78.9,1,4.2,0
S8504,Business Administration,7,77.1,17,192.0,71.6,1,59.9,0,3.3,0
S8505,Artificial Intelligence,6,71.9,21,273.0,100.0,0,39.5,0,4.0,0
S8506,Artificial Intelligence,2,80.1,17,215.0,41.1,4,82.9,1,2.2,1
S8507,Business Administration,3,73.0,16,0.0,64.8,1,89.7,1,4.0,1
S8508,Business Administration,3,65.4,21,272.0,71.4,2,61.5,0,4.0,0
S8509,Business Administration,3,86.6,15,42.0,75.4,3,85.2,3,3.7,1
S8510,Business Administration,8,87.5,21,213.0,95.9,1,53.4,2,1.7,1
S8511,Computer Science,1,100.0,18,230.0,76.9,0,86.9,1,4.2,0
S8512,Artificial Intelligence,2,76.8,18,485.0,92.3,3,63.0,4,4.4,0
S8513,Computer Science,5,59.3,21,158.0,99.4,0,57.9,0,2.5,1
S8514,Information Technology,6,91.8,22,328.0,53.0,1,52.8,1,4.3,0
S8515,Information Technology,2,93.1,18,262.0,98.3,2,93.1,1,2.6,1
S8516,Artificial Intelligence,2,95.7,13,355.0,74.5,1,67.7,0,3.0,0
S8517,Information Technology,7,99.7,25,220.0,78.9,2,86.9,4,3.3,1
S8518,Business Administration,2,99.8,16,111.0,80.6,2,65.1,3,4.3,1
S8519,Computer Science,1,70.3,21,313.0,85.5,4,67.3,0,4.0,0
S8520,Business Administration,6,100.0,22,302.0,51.4,1,51.4,2,3.5,0
S8521,Information Technology,1,78.1,19,323.0,49.8,1,91.6,1,3.3,0
S8522,Computer Science,6,91.6,20,264.0,68.8,3,61.1,1,3.8,1
S8523,Business Administration,6,85.1,20,257.0,88.9,0,74.7,0,3.6,0
S8524,Artificial Intelligence,7,70.3,23,397.0,100.0,1,47.7,0,4.3,0
S8525,Business Administration,1,95.9,18,386.0,65.7,2,64.6,1,2.8,0
S8526,Information Technology,6,76.5,22,203.0,93.4,3,72.6,1,5.0,0
S8527,Computer Science,2,100.0,17,282.0,74.2,1,64.3,0,4.2,0
S8528,Artificial Intelligence,1,72.8,12,156.0,83.9,0,59.5,0,2.0,1
S8529,Computer Science,6,69.9,22,368.0,67.2,3,34.5,1,3.6,0
S8530,Artificial Intelligence,8,74.0,17,355.0,80.5,2,70.4,2,2.5,1
S8531,Computer Science,3,99.9,17,470.0,61.4,0,66.9,4,3.4,0
S8532,Information Technology,1,63.2,11,388.0,79.7,1,51.4,1,1.6,1
S8533,Artificial Intelligence,7,93.0,26,321.0,93.6,1,71.8,0,2.4,0
S8534,Data Science,8,100.0,17,610.0,70.7,1,86.4,1,3.4,0
S8535,Computer Science,8,80.0,18,342.0,82.5,0,49.8,0,3.1,0
S8536,Computer Science,4,77.3,23,367.0,84.6,0,42.4,1,4.3,0
S8537,Business Administration,1,83.0,16,83.0,98.0,0,44.6,1,3.2,1
S8538,Artificial Intelligence,8,68.5,20,397.0,44.4,0,64.1,2,3.9,0
S8539,Data Science,1,100.0,12,590.0,90.7,1,54.0,1,4.5,0
S8540,Information Technology,1,90.0,22,334.0,58.4,0,84.5,0,2.4,0
S8541,Business Administration,6,67.4,11,394.0,56.8,0,52.1,0,2.6,0
S8542,Data Science,1,72.3,16,433.0,66.4,0,71.3,2,3.0,0
S8543,Artificial Intelligence,4,84.1,18,516.0,61.1,2,54.2,1,3.4,0
S8544,Data Science,5,66.5,20,373.0,81.7,1,62.3,1,4.0,0
S8545,Computer Science,1,63.9,25,110.0,60.6,0,53.3,0,2.4,1
S8546,Computer Science,3,85.5,21,327.0,88.4,1,74.9,1,2.5,1
S8547,Business Administration,4,94.1,25,393.0,39.5,2,76.0,0,3.5,0
S8548,Artificial Intelligence,5,93.0,15,384.0,97.1,0,76.4,1,2.3,0
S8549,Artificial Intelligence,6,81.3,14,282.0,50.0,3,63.7,2,2.9,1
S8550,Data Science,1,78.7,18,256.0,85.3,1,41.1,0,2.9,0
S8551,Business Administration,5,82.6,14,257.0,63.5,1,57.0,0,3.2,0
S8552,Artificial Intelligence,3,93.9,23,282.0,70.4,1,94.7,1,4.7,0
S8553,Computer Science,4,66.9,29,316.0,62.2,0,65.0,1,2.9,0
S8554,Data Science,4,72.7,17,365.0,39.8,1,62.2,1,2.7,0
S8555,Information Technology,6,77.5,22,345.0,69.7,2,88.3,0,3.0,0
S8556,Computer Science,6,79.1,17,248.0,56.0,3,68.9,1,2.9,1
S8557,Business Administration,6,81.3,19,157.0,52.3,5,65.0,2,4.0,1
S8558,Artificial Intelligence,5,81.7,18,345.0,70.4,0,75.1,0,3.9,0
S8559,Computer Science,1,90.1,13,265.0,72.9,3,90.7,0,3.0,0
S8560,Information Technology,2,60.8,28,493.0,79.5,2,51.2,2,3.4,0
S8561,Information Technology,8,62.8,20,409.0,86.9,0,48.7,1,3.0,0
S8562,Business Administration,4,74.0,19,341.0,56.3,4,58.6,1,3.6,1
S8563,Computer Science,2,92.4,23,209.0,53.0,2,68.3,0,4.4,0
S8564,Data Science,7,74.2,18,138.0,91.6,1,75.6,1,4.3,0
S8565,Computer Science,4,81.5,27,300.0,72.2,2,87.8,1,3.8,0
S8566,Information Technology,8,83.5,21,318.0,100.0,0,58.3,1,3.0,0
S8567,Business Administration,6,85.8,26,92.0,41.1,2,61.0,1,2.9,1
S8568,Business Administration,8,100.0,18,357.0,84.0,0,85.6,1,2.4,0
S8569,Data Science,1,90.3,14,306.0,63.3,2,72.9,1,3.4,0
S8570,Business Administration,1,94.0,20,0.0,64.0,0,63.7,2,3.0,1
S8571,Business Administration,4,80.5,28,197.0,68.1,0,65.2,2,4.3,0
S8572,Business Administration,5,99.7,14,205.0,100.0,2,88.6,1,2.4,1
S8573,Business Administration,7,82.9,13,154.0,47.8,2,100.0,3,4.1,1
S8574,Business Administration,8,58.5,16,346.0,47.6,2,92.5,0,2.3,0
S8575,Information Technology,6,100.0,21,515.0,89.1,1,69.6,0,2.7,0
S8576,Computer Science,1,82.6,18,356.0,100.0,3,73.7,2,2.9,0
S8577,Artificial Intelligence,7,88.4,20,376.0,64.8,0,81.6,0,2.8,0
S8578,Business Administration,7,69.2,11,207.0,97.5,4,46.2,2,4.4,1
S8579,Artificial Intelligence,1,100.0,29,361.0,93.7,4,64.0,0,3.4,0
S8580,Artificial Intelligence,3,72.5,15,278.0,83.1,2,58.4,0,4.4,0
S8581,Information Technology,8,77.4,15,300.0,81.3,3,73.7,1,3.5,1
S8582,Business Administration,7,63.7,14,228.0,71.2,0,50.5,2,2.9,1
S8583,Artificial Intelligence,1,86.4,14,111.0,94.3,0,94.4,0,2.4,1
S8584,Business Administration,3,78.6,11,410.0,90.0,1,71.7,2,3.2,0
S8585,Data Science,1,63.5,23,319.0,67.7,2,62.8,1,3.0,0
S8586,Data Science,1,81.2,20,273.0,49.5,1,65.9,0,3.9,0
S8587,Data Science,7,83.1,14,519.0,63.9,3,79.5,0,4.3,0
S8588,Artificial Intelligence,5,79.0,13,180.0,58.8,0,46.7,0,4.6,0
S8589,Data Science,5,60.1,19,377.0,77.0,0,56.2,1,3.9,0
S8590,Information Technology,6,85.5,20,546.0,86.6,1,79.9,1,2.7,0
S8591,Information Technology,8,66.8,15,350.0,85.0,0,58.0,2,4.0,0
S8592,Artificial Intelligence,1,92.7,22,161.0,86.3,0,85.0,2,4.1,0
S8593,Business Administration,8,75.3,16,417.0,81.5,0,65.2,0,2.8,0
S8594,Computer Science,6,93.1,19,235.0,77.6,2,65.4,1,3.7,0
S8595,Business Administration,6,82.2,26,226.0,76.9,0,59.6,2,3.1,0
S8596,Business Administration,6,82.8,25,192.0,100.0,0,78.1,1,2.8,0
S8597,Business Administration,6,97.3,14,495.0,69.2,3,73.6,1,4.3,0
S8598,Business Administration,4,72.2,23,251.0,74.1,1,63.9,0,3.6,0
S8599,Computer Science,7,68.9,18,190.0,39.1,2,81.0,3,4.3,1
S8600,Data Science,7,88.7,18,450.0,68.2,0,49.3,1,3.4,0
S8601,Business Administration,4,66.2,12,109.0,72.6,1,60.0,1,3.0,1
S8602,Information Technology,1,72.4,16,308.0,99.5,1,60.0,1,2.0,0
S8603,Artificial Intelligence,4,63.1,22,218.0,53.9,1,53.8,2,4.9,0
S8604,Artificial Intelligence,1,95.8,20,373.0,75.7,1,71.1,1,4.4,0
S8605,Information Technology,5,70.0,21,249.0,75.3,2,49.2,1,2.8,0
S8606,Business Administration,7,74.1,22,131.0,89.5,2,54.1,1,1.7,1
S8607,Computer Science,2,66.5,18,317.0,69.6,2,66.4,0,4.3,0
S8608,Data Science,3,77.4,24,245.0,88.9,0,50.3,2,3.8,0
S8609,Artificial Intelligence,7,80.3,15,401.0,82.6,1,77.6,2,4.2,0
S8610,Data Science,4,91.9,28,308.0,64.3,1,89.6,0,1.9,0
S8611,Computer Science,4,66.1,20,557.0,58.0,4,76.3,0,2.5,0
S8612,Artificial Intelligence,5,74.8,14,233.0,100.0,3,65.4,3,3.6,1
S8613,Data Science,4,99.1,8,441.0,68.3,1,52.3,0,3.0,0
S8614,Computer Science,1,94.5,18,258.0,47.5,0,59.7,1,3.1,1
S8615,Data Science,1,73.9,17,285.0,69.8,1,54.3,2,1.9,1
S8616,Business Administration,2,81.4,10,391.0,65.9,1,86.3,2,3.2,0
S8617,Computer Science,2,100.0,24,187.0,57.0,2,73.3,2,3.7,1
S8618,Data Science,7,67.7,11,443.0,77.3,2,65.4,0,4.0,0
S8619,Business Administration,2,58.9,24,383.0,81.4,1,78.2,0,3.8,0
S8620,Business Administration,1,75.6,23,395.0,41.7,0,41.7,1,3.2,0
S8621,Computer Science,8,81.0,19,412.0,80.3,1,64.9,1,4.1,0
S8622,Information Technology,6,72.4,18,369.0,91.2,0,100.0,0,3.2,0
S8623,Artificial Intelligence,6,93.7,16,382.0,60.6,2,74.4,1,5.0,0
S8624,Computer Science,2,84.5,18,458.0,53.9,2,39.5,5,3.8,0
S8625,Business Administration,2,74.7,13,301.0,59.4,1,61.4,0,3.5,0
S8626,Business Administration,1,75.5,11,279.0,68.6,3,66.6,1,3.5,0
S8627,Computer Science,5,73.0,11,358.0,76.9,1,79.5,0,2.8,0
S8628,Information Technology,7,92.0,20,312.0,57.0,2,42.5,1,4.1,0
S8629,Artificial Intelligence,4,76.3,18,412.0,70.0,1,68.9,1,2.9,0
S8630,Data Science,7,67.7,14,524.0,73.5,2,61.0,2,4.3,0
S8631,Computer Science,3,93.5,6,187.0,80.0,1,71.2,0,3.7,1
S8632,Artificial Intelligence,6,78.7,14,312.0,51.0,2,79.6,0,2.9,1
S8633,Artificial Intelligence,8,65.7,11,172.0,62.7,1,77.0,1,3.8,1
S8634,Business Administration,6,100.0,23,275.0,63.8,1,73.4,1,3.0,1
S8635,Data Science,1,89.3,19,282.0,100.0,3,31.9,1,2.9,0
S8636,Computer Science,7,82.6,19,253.0,95.3,2,51.3,0,3.6,0
S8637,Business Administration,8,79.5,16,409.0,74.9,2,51.7,1,3.7,0
S8638,Business Administration,1,78.6,24,343.0,49.1,1,100.0,1,3.1,0
S8639,Information Technology,3,78.4,21,228.0,91.7,1,73.9,0,3.1,0
S8640,Artificial Intelligence,8,78.7,17,409.0,97.1,1,62.1,2,3.2,0
S8641,Computer Science,7,74.9,16,286.0,74.5,0,77.0,1,4.0,0
S8642,Computer Science,8,80.8,12,236.0,67.2,1,56.6,2,4.0,0
S8643,Computer Science,3,74.7,18,178.0,63.3,2,69.1,1,3.9,0
S8644,Business Administration,2,84.7,12,124.0,88.2,1,82.8,1,3.0,1
S8645,Information Technology,7,81.7,18,244.0,87.1,1,78.3,1,5.0,0
S8646,Data Science,3,73.6,12,307.0,56.7,1,98.0,0,1.7,0
S8647,Business Administration,4,81.0,18,411.0,60.6,0,71.9,0,2.8,0
S8648,Data Science,4,88.5,17,55.0,56.7,2,69.6,5,3.9,1
S8649,Information Technology,6,54.9,13,524.0,100.0,2,97.2,0,4.7,0
S8650,Artificial Intelligence,4,88.9,25,208.0,80.7,1,59.8,1,3.8,1
S8651,Computer Science,7,67.3,18,254.0,95.6,1,100.0,0,3.2,0
S8652,Data Science,4,76.5,14,258.0,77.9,3,65.0,1,4.4,0
S8653,Business Administration,4,48.0,20,224.0,83.0,2,68.6,2,3.1,1
S8654,Data Science,8,88.8,10,263.0,70.3,0,72.3,1,2.8,0
S8655,Artificial Intelligence,2,73.1,21,271.0,100.0,1,45.7,0,4.1,0
S8656,Computer Science,6,76.0,24,282.0,81.3,3,64.4,2,4.7,0
S8657,Data Science,1,83.1,16,490.0,74.5,1,54.6,1,2.2,0
S8658,Artificial Intelligence,6,58.4,13,212.0,42.2,2,77.5,0,4.8,1
S8659,Business Administration,6,82.7,16,520.0,85.1,3,61.4,0,4.2,0
S8660,Information Technology,6,89.8,8,365.0,84.9,1,67.6,1,4.2,0
S8661,Business Administration,3,84.1,17,114.0,98.4,2,64.9,2,4.2,0
S8662,Computer Science,1,77.3,22,200.0,70.1,1,56.2,0,4.0,0
S8663,Business Administration,3,82.5,13,186.0,62.8,4,81.4,0,3.9,1
S8664,Business Administration,2,81.1,22,297.0,100.0,0,85.8,1,3.3,0
S8665,Business Administration,2,91.1,14,458.0,50.6,0,48.3,3,2.5,0
S8666,Business Administration,5,97.1,13,398.0,61.3,1,63.4,1,2.8,0
S8667,Computer Science,5,77.1,19,178.0,100.0,1,67.1,1,3.7,0
S8668,Artificial Intelligence,8,84.8,13,446.0,93.2,3,38.8,1,3.6,0
S8669,Data Science,2,74.0,20,175.0,71.5,2,70.2,2,2.9,1
S8670,Information Technology,2,87.0,16,193.0,72.2,1,75.1,2,3.0,1
S8671,Data Science,3,87.5,25,426.0,73.3,1,71.7,1,3.5,0
S8672,Data Science,8,80.0,16,423.0,91.9,1,63.4,2,3.0,0
S8673,Information Technology,2,88.2,20,398.0,92.2,1,76.7,0,2.9,0
S8674,Computer Science,7,82.0,18,302.0,87.8,0,73.0,2,4.2,0
S8675,Information Technology,1,81.4,24,291.0,90.9,4,44.6,0,2.7,1
S8676,Computer Science,3,71.4,23,159.0,87.3,0,81.7,1,3.5,1
S8677,Data Science,2,84.1,18,299.0,33.8,3,71.8,2,3.9,1
S8678,Computer Science,3,75.1,15,219.0,83.8,3,85.1,2,3.6,1
S8679,Artificial Intelligence,3,92.4,19,279.0,71.1,1,63.8,0,3.2,0
S8680,Information Technology,4,71.9,13,575.0,100.0,1,96.0,2,4.8,0
S8681,Artificial Intelligence,8,85.2,24,339.0,51.3,5,75.4,2,4.2,0
S8682,Data Science,5,78.9,22,167.0,55.9,1,85.9,0,5.0,0
S8683,Information Technology,8,85.2,15,449.0,79.9,0,63.5,2,3.1,0
S8684,Data Science,3,81.3,11,461.0,56.0,2,79.8,2,3.6,0
S8685,Artificial Intelligence,8,72.2,13,472.0,100.0,1,74.1,1,4.3,0
S8686,Data Science,6,95.1,14,243.0,88.0,0,75.4,1,5.0,0
S8687,Information Technology,7,71.4,28,287.0,67.4,1,81.6,0,4.3,0
S8688,Information Technology,7,89.7,18,149.0,85.0,2,63.3,1,3.2,1
S8689,Data Science,3,61.6,11,487.0,82.0,0,42.0,2,3.5,0
S8690,Information Technology,6,78.5,20,315.0,66.3,0,86.9,1,3.5,0
S8691,Information Technology,7,100.0,15,136.0,54.8,1,61.4,1,3.6,1
S8692,Data Science,4,78.7,21,498.0,57.7,1,64.4,0,3.3,0
S8693,Artificial Intelligence,2,83.2,13,219.0,69.9,1,69.4,0,3.6,1
S8694,Information Technology,3,100.0,14,253.0,95.7,1,66.0,2,1.1,1
S8695,Information Technology,4,80.3,21,174.0,89.1,1,75.2,0,2.7,1
S8696,Information Technology,8,85.1,15,155.0,100.0,1,32.6,1,4.1,1
S8697,Information Technology,1,89.3,15,347.0,62.6,2,74.9,2,5.0,0
S8698,Data Science,8,65.4,19,216.0,56.4,2,83.0,1,3.7,1
S8699,Artificial Intelligence,4,76.2,15,117.0,75.1,1,68.5,1,3.2,1
S8700,Artificial Intelligence,5,83.6,22,419.0,85.7,3,78.4,0,2.6,0
S8701,Computer Science,5,62.8,23,360.0,86.2,3,63.4,4,2.9,1
S8702,Information Technology,2,98.4,18,515.0,84.5,2,56.2,2,3.5,0
S8703,Information Technology,8,91.1,17,255.0,81.7,3,74.1,0,3.7,0
S8704,Computer Science,6,89.3,16,305.0,68.1,1,59.0,0,2.9,0
S8705,Artificial Intelligence,2,97.8,22,325.0,70.5,2,57.7,0,3.5,0
S8706,Business Administration,7,90.7,28,317.0,100.0,2,67.2,1,3.9,0
S8707,Business Administration,6,79.2,13,330.0,56.5,0,52.2,1,4.3,0
S8708,Artificial Intelligence,6,62.4,17,261.0,82.4,1,77.1,1,3.7,0
S8709,Information Technology,6,73.8,16,84.0,98.9,2,69.1,2,3.2,1
S8710,Business Administration,6,74.2,22,335.0,59.7,1,91.0,0,2.3,0
S8711,Data Science,5,89.4,14,369.0,59.7,1,49.9,0,3.3,0
S8712,Data Science,8,83.0,11,260.0,83.2,2,72.4,1,4.2,0
S8713,Computer Science,7,63.2,20,598.0,85.7,0,66.8,2,3.7,0
S8714,Artificial Intelligence,5,92.4,21,243.0,72.3,1,83.8,1,3.9,0
S8715,Artificial Intelligence,3,98.0,20,225.0,86.1,0,88.0,0,4.1,0
S8716,Business Administration,7,99.7,13,353.0,48.4,2,62.1,3,4.5,0
S8717,Information Technology,5,68.4,16,328.0,66.5,0,68.3,1,4.0,0
S8718,Artificial Intelligence,2,85.9,19,111.0,98.9,1,60.3,0,3.8,1
S8719,Business Administration,5,69.9,23,396.0,44.7,0,81.3,0,1.5,1
S8720,Business Administration,7,100.0,16,245.0,100.0,0,77.9,0,4.0,0
S8721,Artificial Intelligence,7,82.4,19,449.0,75.6,1,62.8,1,5.0,0
S8722,Business Administration,2,77.6,15,348.0,100.0,0,51.7,2,2.4,1
S8723,Computer Science,1,75.3,17,272.0,98.9,1,60.4,1,4.3,0
S8724,Computer Science,8,86.0,18,453.0,82.1,2,92.0,2,4.4,0
S8725,Artificial Intelligence,7,88.2,18,234.0,82.7,4,59.4,2,3.7,1
S8726,Information Technology,5,62.2,16,140.0,100.0,2,60.5,0,2.3,1
S8727,Computer Science,2,98.8,26,136.0,58.8,0,56.8,0,2.4,1
S8728,Computer Science,6,87.7,19,329.0,76.0,1,75.3,1,3.6,0
S8729,Artificial Intelligence,8,98.7,17,518.0,67.3,2,55.6,0,4.7,0
S8730,Data Science,7,100.0,19,283.0,63.0,3,79.9,1,2.2,1
S8731,Business Administration,8,80.8,17,391.0,98.7,1,71.6,0,3.3,0
S8732,Computer Science,8,92.3,15,337.0,85.0,4,70.3,0,4.1,0
S8733,Data Science,4,75.1,19,250.0,84.4,1,80.2,3,3.2,1
S8734,Information Technology,8,76.4,22,101.0,84.5,2,64.6,2,3.3,1
S8735,Data Science,6,100.0,18,320.0,92.0,2,88.5,1,4.7,0
S8736,Artificial Intelligence,3,73.1,17,397.0,74.6,1,65.6,1,4.0,0
S8737,Information Technology,8,84.4,23,355.0,97.4,0,50.9,0,3.9,0
S8738,Information Technology,7,71.1,18,259.0,76.3,1,65.8,0,2.5,1
S8739,Data Science,2,74.1,22,237.0,78.1,4,49.7,0,3.0,1
S8740,Artificial Intelligence,6,75.9,20,224.0,71.2,1,85.8,3,3.6,1
S8741,Computer Science,5,99.4,23,221.0,74.9,0,71.3,1,3.5,0
S8742,Data Science,5,88.2,16,305.0,83.4,2,58.9,1,3.8,0
S8743,Computer Science,7,92.1,13,281.0,77.2,2,78.8,2,4.7,0
S8744,Data Science,1,60.3,19,361.0,63.2,1,70.0,0,3.5,0
S8745,Computer Science,4,82.4,22,184.0,73.8,1,65.9,2,3.9,1
S8746,Data Science,7,77.4,16,297.0,72.0,1,55.5,1,1.0,1
S8747,Information Technology,2,87.9,12,296.0,74.9,1,66.6,3,3.1,1
S8748,Business Administration,6,100.0,17,239.0,44.0,3,44.4,2,4.0,1
S8749,Information Technology,4,53.3,26,337.0,90.9,0,90.1,0,3.0,0
S8750,Computer Science,1,86.8,21,193.0,74.7,3,45.8,1,2.7,1
S8751,Artificial Intelligence,7,100.0,23,443.0,83.7,2,79.5,2,5.0,0
S8752,Information Technology,3,75.9,14,351.0,86.9,3,56.4,2,4.1,0
S8753,Business Administration,4,83.8,18,365.0,58.0,1,67.2,2,3.1,0
S8754,Computer Science,1,90.1,15,291.0,88.8,4,81.6,0,4.4,0
S8755,Information Technology,7,56.1,9,261.0,58.8,0,85.3,4,3.2,1
S8756,Data Science,8,85.2,16,213.0,83.5,2,98.9,2,2.4,1
S8757,Artificial Intelligence,7,72.5,25,200.0,45.0,3,87.2,0,3.1,1
S8758,Computer Science,2,100.0,21,117.0,37.5,1,60.1,2,2.9,1
S8759,Information Technology,7,79.5,13,311.0,94.0,2,58.8,1,3.0,0
S8760,Computer Science,3,73.5,16,384.0,87.1,2,75.9,2,2.6,0
S8761,Data Science,7,92.2,20,153.0,73.9,1,70.4,0,3.5,0
S8762,Business Administration,5,87.9,12,459.0,76.4,2,64.9,2,4.1,0
S8763,Information Technology,1,92.8,15,111.0,48.3,0,50.8,0,3.3,1
S8764,Computer Science,8,100.0,31,403.0,76.4,4,71.7,4,3.3,0
S8765,Computer Science,5,75.0,25,199.0,78.6,3,63.5,0,3.8,0
S8766,Computer Science,7,100.0,20,429.0,68.8,2,84.8,0,3.3,0
S8767,Business Administration,3,100.0,19,392.0,73.6,6,90.1,0,4.0,0
S8768,Computer Science,1,72.8,13,618.0,58.9,0,49.5,0,3.4,0
S8769,Artificial Intelligence,1,73.9,14,225.0,49.9,2,66.7,0,4.3,1
S8770,Artificial Intelligence,7,82.6,17,32.0,79.7,1,64.2,0,3.4,1
S8771,Computer Science,3,79.6,22,73.0,54.2,2,70.7,1,2.8,1
S8772,Artificial Intelligence,2,100.0,20,275.0,84.8,1,63.1,2,4.2,0
S8773,Information Technology,8,71.6,14,320.0,82.7,2,79.4,7,4.7,1
S8774,Artificial Intelligence,1,84.9,22,214.0,95.1,0,60.3,0,2.9,0
S8775,Computer Science,8,72.8,31,344.0,82.4,0,82.3,3,4.1,0
S8776,Data Science,3,83.3,23,407.0,100.0,1,65.0,2,2.6,0
S8777,Information Technology,4,100.0,18,370.0,70.8,2,77.7,3,2.0,1
S8778,Business Administration,5,100.0,21,295.0,83.2,1,50.3,0,4.1,0
S8779,Computer Science,1,86.5,16,198.0,65.1,0,65.9,3,3.9,1
S8780,Business Administration,4,89.6,26,400.0,94.9,1,76.7,0,3.7,0
S8781,Data Science,1,87.7,16,466.0,79.1,0,70.8,0,3.6,0
S8782,Business Administration,2,78.4,20,228.0,44.6,3,50.0,0,4.2,1
S8783,Computer Science,7,100.0,16,159.0,61.4,1,71.8,2,2.9,1
S8784,Computer Science,3,97.8,19,439.0,73.3,0,25.8,0,4.7,0
S8785,Data Science,1,84.8,16,339.0,53.6,3,42.1,0,4.1,0
S8786,Computer Science,3,79.4,21,336.0,85.9,1,65.3,1,2.5,0
S8787,Data Science,6,80.2,11,506.0,50.7,2,50.3,0,2.7,0
S8788,Data Science,1,86.1,28,85.0,72.4,0,68.7,0,2.7,1
S8789,Computer Science,2,81.6,15,275.0,70.7,1,45.3,0,4.0,0
S8790,Artificial Intelligence,2,95.7,14,345.0,94.1,1,98.0,2,3.8,0
S8791,Data Science,7,87.7,15,542.0,72.0,1,56.8,3,3.0,0
S8792,Computer Science,7,70.6,19,294.0,91.3,2,86.8,1,3.5,0
S8793,Artificial Intelligence,4,68.2,22,242.0,83.4,1,69.6,0,4.3,0
S8794,Data Science,2,93.9,12,326.0,55.4,1,68.7,2,4.2,0
S8795,Artificial Intelligence,3,68.1,17,388.0,100.0,1,63.9,0,3.6,0
S8796,Information Technology,6,77.8,13,443.0,95.5,0,82.2,0,4.1,0
S8797,Information Technology,8,76.7,23,476.0,58.8,1,78.1,1,4.8,0
S8798,Artificial Intelligence,2,67.1,14,70.0,56.9,1,67.3,0,4.0,1
S8799,Data Science,1,85.7,15,208.0,97.9,2,70.1,1,2.3,1
S8800,Computer Science,8,80.5,19,404.0,92.2,2,88.5,0,3.5,0
S8801,Business Administration,8,74.3,14,331.0,88.2,3,68.4,2,3.9,0
S8802,Computer Science,2,100.0,19,352.0,58.7,1,67.3,1,4.4,0
S8803,Business Administration,6,52.8,21,225.0,65.0,0,52.5,2,3.1,1
S8804,Business Administration,3,71.6,19,329.0,99.6,1,69.8,0,4.3,0
S8805,Data Science,1,75.1,19,272.0,86.7,2,68.8,2,3.3,1
S8806,Artificial Intelligence,4,65.7,17,357.0,62.8,0,85.0,2,2.9,0
S8807,Computer Science,4,100.0,19,361.0,100.0,2,75.0,1,2.5,0
S8808,Artificial Intelligence,4,100.0,5,339.0,100.0,2,76.5,0,2.8,0
S8809,Information Technology,7,73.8,10,333.0,67.6,0,86.6,1,3.6,0
S8810,Data Science,1,97.2,14,280.0,64.1,1,52.7,1,3.5,0
S8811,Data Science,8,89.2,14,491.0,100.0,1,77.0,1,3.1,0
S8812,Information Technology,4,100.0,16,434.0,100.0,0,44.9,2,3.5,0
S8813,Computer Science,7,80.7,14,307.0,100.0,1,41.6,0,4.1,0
S8814,Information Technology,2,87.2,17,403.0,83.6,1,59.1,1,5.0,0
S8815,Computer Science,8,98.8,21,543.0,67.4,1,63.1,0,3.4,0
S8816,Business Administration,1,97.0,21,192.0,92.9,1,41.2,1,4.9,0
S8817,Data Science,1,83.8,19,216.0,70.7,1,55.5,1,3.5,1
S8818,Computer Science,1,70.7,20,310.0,69.6,1,61.3,2,3.0,1
S8819,Artificial Intelligence,5,72.8,15,338.0,79.9,2,55.9,1,4.7,0
S8820,Artificial Intelligence,7,59.8,19,236.0,77.1,1,83.1,0,3.0,0
S8821,Data Science,8,91.4,18,385.0,67.6,4,79.7,0,3.4,0
S8822,Information Technology,3,84.5,16,290.0,57.6,0,64.3,0,3.2,0
S8823,Information Technology,5,85.5,17,431.0,73.1,1,76.3,1,5.0,0
S8824,Computer Science,5,81.7,19,220.0,65.4,2,71.1,0,3.0,0
S8825,Information Technology,5,68.3,15,197.0,52.4,2,42.9,1,2.8,1
S8826,Data Science,3,85.8,14,277.0,80.0,1,85.6,0,4.7,0
S8827,Computer Science,5,89.3,25,282.0,80.5,4,77.0,0,3.2,0
S8828,Business Administration,4,71.6,16,193.0,90.5,2,60.3,0,2.4,1
S8829,Information Technology,1,81.7,15,313.0,79.8,1,98.4,1,4.3,0
S8830,Information Technology,8,74.2,13,221.0,76.1,1,57.7,0,2.7,1
S8831,Computer Science,8,79.4,28,528.0,90.3,2,55.1,2,3.2,0
S8832,Artificial Intelligence,1,68.4,18,293.0,79.9,0,80.3,1,4.1,0
S8833,Information Technology,7,78.8,13,344.0,82.4,1,58.9,1,3.7,0
S8834,Data Science,2,100.0,16,150.0,87.2,0,74.7,2,2.9,1
S8835,Information Technology,6,76.0,24,366.0,67.0,3,33.6,0,3.4,1
S8836,Business Administration,4,73.8,21,203.0,94.5,1,72.0,1,2.8,1
S8837,Information Technology,3,74.6,26,410.0,77.9,0,68.8,2,4.4,0
S8838,Artificial Intelligence,6,79.7,13,115.0,75.3,1,81.8,0,3.8,1
S8839,Information Technology,1,100.0,20,296.0,94.3,0,51.5,0,1.9,0
S8840,Computer Science,5,98.9,19,424.0,68.7,2,78.1,2,1.6,0
S8841,Information Technology,8,80.3,17,321.0,70.1,2,65.6,1,4.0,0
S8842,Artificial Intelligence,7,74.3,18,283.0,86.2,2,75.2,1,3.6,0
S8843,Computer Science,7,60.9,13,460.0,81.2,2,65.5,3,4.2,0
S8844,Data Science,2,71.1,21,201.0,100.0,1,64.4,0,2.4,1
S8845,Computer Science,2,58.3,13,160.0,96.0,0,66.2,0,3.5,0
S8846,Business Administration,1,90.9,17,175.0,34.9,1,66.6,0,3.9,1
S8847,Computer Science,4,98.0,16,179.0,83.1,1,38.4,3,2.5,1
S8848,Data Science,7,77.5,20,350.0,44.8,1,66.6,1,2.7,0
S8849,Information Technology,6,86.6,16,264.0,70.5,2,55.5,1,3.2,1
S8850,Computer Science,2,68.9,14,418.0,81.2,0,67.8,1,5.0,0
S8851,Computer Science,8,58.7,13,355.0,69.7,0,94.6,0,3.1,0
S8852,Computer Science,8,82.7,11,344.0,38.6,0,86.0,1,4.0,0
S8853,Computer Science,1,86.6,18,92.0,79.1,2,74.7,0,4.3,1
S8854,Data Science,4,100.0,21,369.0,67.9,2,44.3,2,3.2,0
S8855,Artificial Intelligence,1,100.0,12,450.0,89.6,3,55.4,2,3.7,0
S8856,Artificial Intelligence,1,78.7,16,312.0,43.9,2,60.8,0,1.9,1
S8857,Computer Science,4,92.9,27,184.0,64.9,2,81.8,0,5.0,0
S8858,Data Science,4,85.8,16,114.0,92.7,1,75.4,1,3.6,1
S8859,Data Science,4,82.0,26,420.0,37.9,3,88.8,1,3.4,0
S8860,Computer Science,8,81.6,14,312.0,86.6,0,75.5,1,2.4,0
S8861,Business Administration,8,80.3,25,137.0,64.0,2,78.5,0,3.0,1
S8862,Computer Science,1,80.8,19,346.0,73.8,2,73.3,3,5.0,0
S8863,Business Administration,2,100.0,22,297.0,57.4,2,71.5,0,3.3,0
S8864,Computer Science,3,84.6,23,491.0,72.3,1,43.3,1,3.0,0
S8865,Business Administration,3,100.0,16,203.0,59.2,1,61.5,3,3.1,1
S8866,Business Administration,1,71.2,15,345.0,55.9,1,80.3,0,1.2,1
S8867,Computer Science,1,48.0,16,442.0,92.6,1,90.9,1,3.5,0
S8868,Business Administration,2,76.4,14,355.0,75.6,1,62.2,1,3.8,0
S8869,Information Technology,4,72.0,10,281.0,82.3,1,82.9,0,2.8,1
S8870,Artificial Intelligence,1,64.1,17,260.0,79.2,1,59.9,0,3.7,0
S8871,Data Science,7,97.6,13,263.0,100.0,0,62.4,0,3.7,0
S8872,Business Administration,8,66.0,16,239.0,84.9,0,34.7,2,1.0,1
S8873,Business Administration,5,89.0,22,216.0,87.3,2,87.1,1,3.7,0
S8874,Data Science,4,100.0,21,436.0,91.0,3,73.0,0,3.9,0
S8875,Business Administration,7,68.2,18,426.0,62.5,2,57.8,0,2.7,0
S8876,Data Science,8,79.2,8,387.0,100.0,3,94.4,1,4.1,0
S8877,Computer Science,1,98.2,16,327.0,54.0,3,66.5,1,2.6,1
S8878,Information Technology,5,77.0,17,323.0,83.3,1,89.2,0,3.6,0
S8879,Information Technology,7,86.0,13,112.0,83.2,2,47.5,4,3.6,1
S8880,Artificial Intelligence,6,89.7,25,384.0,100.0,0,86.0,1,4.3,0
S8881,Business Administration,2,84.1,12,302.0,85.2,2,82.5,0,3.9,0
S8882,Artificial Intelligence,8,76.6,17,156.0,64.1,3,66.8,1,3.3,1
S8883,Computer Science,5,72.6,12,426.0,66.6,4,62.1,0,5.0,0
S8884,Information Technology,1,68.9,25,281.0,70.0,3,56.1,1,4.7,0
S8885,Computer Science,3,89.2,22,390.0,80.0,4,84.7,1,2.7,0
S8886,Computer Science,7,74.1,10,353.0,81.4,0,57.8,0,3.3,0
S8887,Business Administration,1,96.4,19,191.0,85.2,1,33.7,1,3.4,1
S8888,Computer Science,3,100.0,12,390.0,78.5,3,85.9,1,2.3,0
S8889,Information Technology,2,68.1,15,220.0,87.5,0,72.5,1,2.8,1
S8890,Artificial Intelligence,2,90.9,19,100.0,57.4,2,64.5,0,4.0,1
S8891,Information Technology,4,100.0,19,389.0,49.1,1,63.3,0,3.6,0
S8892,Business Administration,7,71.7,15,324.0,97.8,0,100.0,0,2.5,0
S8893,Information Technology,4,96.4,18,313.0,49.4,1,64.0,1,3.4,0
S8894,Data Science,3,88.7,21,391.0,76.4,0,62.7,2,2.7,0
S8895,Artificial Intelligence,3,93.5,18,162.0,63.4,0,63.4,1,3.1,1
S8896,Data Science,2,72.9,17,186.0,100.0,2,57.8,2,5.0,0
S8897,Data Science,5,100.0,16,167.0,100.0,1,62.6,1,3.7,1
S8898,Business Administration,3,74.0,15,243.0,78.2,0,72.8,2,4.1,0
S8899,Computer Science,3,89.7,14,340.0,72.4,0,61.2,2,4.3,0
S8900,Data Science,7,81.2,15,545.0,73.5,2,40.7,0,3.7,0
S8901,Information Technology,5,88.4,13,271.0,81.5,0,47.4,1,3.6,0
S8902,Computer Science,4,70.2,15,320.0,93.4,2,76.9,1,4.0,0
S8903,Information Technology,4,67.3,16,129.0,100.0,1,50.2,1,3.6,1
S8904,Information Technology,3,85.4,15,234.0,58.9,1,74.4,0,3.7,0
S8905,Computer Science,7,77.6,19,53.0,82.4,1,86.6,1,3.4,1
S8906,Computer Science,4,77.2,16,573.0,75.2,3,76.2,0,3.1,0
S8907,Information Technology,4,88.5,28,73.0,68.6,1,69.9,4,2.2,1
S8908,Business Administration,6,64.1,23,238.0,70.2,2,68.9,3,2.8,1
S8909,Artificial Intelligence,7,96.5,14,283.0,76.0,0,69.9,0,3.2,0
S8910,Artificial Intelligence,4,83.4,13,512.0,81.5,2,67.0,1,3.3,0
S8911,Business Administration,2,91.2,16,327.0,84.8,2,50.3,1,4.5,0
S8912,Computer Science,1,88.3,22,131.0,87.0,3,65.6,4,3.7,1
S8913,Information Technology,3,89.0,16,264.0,52.7,0,81.3,0,3.8,0
S8914,Artificial Intelligence,8,67.6,20,307.0,65.9,1,84.2,0,2.3,0
S8915,Information Technology,3,96.0,12,223.0,87.8,2,64.6,0,3.3,0
S8916,Business Administration,2,85.3,19,211.0,100.0,0,75.3,1,2.7,1
S8917,Information Technology,8,76.3,17,202.0,86.6,0,74.1,0,4.9,0
S8918,Business Administration,1,80.5,14,206.0,72.6,1,69.7,1,2.7,1
S8919,Computer Science,1,86.3,20,188.0,86.5,1,70.4,1,3.8,0
S8920,Business Administration,2,84.2,23,192.0,82.6,1,70.8,1,5.0,0
S8921,Business Administration,5,89.2,24,259.0,59.1,2,66.9,1,3.9,0
S8922,Artificial Intelligence,5,100.0,15,388.0,74.8,3,67.7,0,1.0,0
S8923,Information Technology,1,69.6,18,145.0,81.1,4,79.1,1,4.3,1
S8924,Artificial Intelligence,5,91.0,21,201.0,91.0,3,55.8,1,3.4,1
S8925,Data Science,5,80.7,20,305.0,100.0,0,48.3,2,2.3,1
S8926,Business Administration,5,95.7,23,361.0,100.0,3,57.5,1,3.6,0
S8927,Data Science,1,100.0,14,476.0,47.9,2,64.7,1,4.0,0
S8928,Artificial Intelligence,8,84.4,14,382.0,74.6,3,68.4,2,2.5,1
S8929,Information Technology,5,89.4,15,316.0,100.0,0,71.2,0,3.9,0
S8930,Artificial Intelligence,8,96.6,19,294.0,91.9,1,58.8,1,3.8,0
S8931,Information Technology,3,94.0,18,283.0,92.8,0,94.7,0,4.6,0
S8932,Information Technology,6,97.1,18,158.0,64.9,3,76.5,0,3.5,0
S8933,Computer Science,1,78.4,19,345.0,65.6,1,62.6,0,3.9,0
S8934,Business Administration,2,75.8,16,245.0,89.9,1,62.4,1,2.2,1
S8935,Artificial Intelligence,5,68.4,17,316.0,69.4,1,65.7,1,3.8,0
S8936,Information Technology,4,79.7,20,185.0,57.6,2,78.2,1,3.8,1
S8937,Artificial Intelligence,1,81.0,17,286.0,79.8,0,89.1,1,3.2,0
S8938,Artificial Intelligence,7,80.3,13,186.0,74.5,0,92.1,4,3.9,1
S8939,Information Technology,2,87.9,15,361.0,93.6,3,79.1,1,4.3,0
S8940,Data Science,6,88.2,15,267.0,85.4,2,55.5,1,3.0,0
S8941,Business Administration,3,81.2,18,319.0,100.0,1,89.1,1,3.2,0
S8942,Business Administration,8,86.2,27,245.0,60.2,2,65.3,1,5.0,0
S8943,Computer Science,8,91.9,12,380.0,78.8,4,67.3,0,2.1,0
S8944,Computer Science,7,72.4,15,340.0,88.2,0,69.1,2,4.4,0
S8945,Computer Science,2,93.2,22,197.0,87.5,0,58.3,2,5.0,0
S8946,Business Administration,5,74.7,18,187.0,82.6,1,66.9,3,2.3,1
S8947,Data Science,4,99.3,24,402.0,46.6,1,56.7,2,4.8,0
S8948,Business Administration,5,84.0,16,22.0,42.7,1,84.8,1,4.2,1
S8949,Business Administration,2,82.8,14,463.0,58.7,2,49.9,0,4.3,0
S8950,Business Administration,1,60.5,19,210.0,86.9,2,91.1,2,3.7,0
S8951,Business Administration,7,89.9,18,375.0,43.8,0,76.6,1,3.0,0
S8952,Data Science,4,83.1,18,342.0,89.9,1,70.8,1,2.8,0
S8953,Computer Science,8,84.1,15,254.0,72.5,1,57.9,0,3.3,0
S8954,Artificial Intelligence,7,80.9,21,334.0,72.0,2,94.8,2,4.4,0
S8955,Computer Science,7,89.5,16,304.0,100.0,1,94.4,2,4.8,0
S8956,Computer Science,4,91.9,16,389.0,100.0,2,71.1,0,4.8,0
S8957,Artificial Intelligence,8,87.8,16,205.0,65.9,2,54.1,0,3.3,1
S8958,Business Administration,8,97.8,16,377.0,91.9,3,58.9,3,2.7,0
S8959,Data Science,2,73.4,18,65.0,78.7,0,67.4,1,3.5,1
S8960,Data Science,6,74.9,13,368.0,93.4,0,56.6,0,5.0,0
S8961,Computer Science,6,86.9,8,297.0,71.0,2,66.7,2,3.5,1
S8962,Artificial Intelligence,5,89.9,18,354.0,54.0,1,54.7,2,3.1,0
S8963,Information Technology,2,88.2,17,369.0,77.2,0,62.2,0,4.8,0
S8964,Business Administration,4,66.5,14,472.0,92.6,0,73.2,1,2.5,0
S8965,Computer Science,2,67.6,19,311.0,75.5,1,63.0,2,3.1,1
S8966,Data Science,4,79.8,14,192.0,92.9,2,60.5,1,2.6,1
S8967,Artificial Intelligence,7,60.5,20,514.0,100.0,1,64.6,2,4.7,0
S8968,Artificial Intelligence,5,85.1,13,340.0,99.2,2,57.6,1,3.9,0
S8969,Computer Science,1,81.1,26,400.0,86.5,5,58.9,4,4.3,0
S8970,Information Technology,7,71.0,15,250.0,54.3,0,100.0,1,2.7,1
S8971,Data Science,8,75.4,18,249.0,42.5,1,58.6,2,4.6,0
S8972,Computer Science,1,83.3,17,313.0,88.6,0,73.4,1,1.2,1
S8973,Information Technology,2,64.1,18,365.0,92.1,6,54.0,1,2.5,1
S8974,Artificial Intelligence,4,74.8,15,333.0,78.2,2,41.1,0,3.6,0
S8975,Business Administration,1,78.8,13,180.0,82.7,2,56.7,0,4.2,0
S8976,Data Science,7,78.4,14,482.0,76.3,1,66.9,0,3.0,0
S8977,Data Science,4,78.7,17,157.0,79.2,1,56.8,0,1.9,1
S8978,Information Technology,5,98.3,21,340.0,84.9,0,43.0,2,2.8,0
S8979,Computer Science,7,93.4,15,303.0,94.3,3,61.3,0,2.6,0
S8980,Artificial Intelligence,8,74.3,15,603.0,80.0,3,68.7,3,5.0,0
S8981,Information Technology,2,69.6,21,248.0,78.3,2,78.5,1,4.1,0
S8982,Business Administration,4,77.0,17,153.0,75.4,4,66.7,3,2.7,1
S8983,Business Administration,2,96.7,14,378.0,82.2,1,55.9,0,2.2,0
S8984,Business Administration,4,56.5,16,240.0,42.0,2,85.0,1,2.8,1
S8985,Information Technology,7,83.0,18,428.0,94.4,1,96.4,1,3.6,0
S8986,Artificial Intelligence,6,78.3,26,405.0,74.6,0,71.8,2,3.1,0
S8987,Data Science,6,96.4,15,385.0,63.9,1,89.4,2,5.0,0
S8988,Computer Science,4,93.8,12,207.0,100.0,0,78.7,0,2.9,0
S8989,Data Science,5,64.4,19,404.0,73.1,3,97.0,1,4.0,0
S8990,Artificial Intelligence,2,96.4,21,577.0,59.2,4,70.1,1,2.9,0
S8991,Data Science,8,54.0,17,254.0,91.4,0,81.2,0,4.2,0
S8992,Information Technology,3,89.3,16,276.0,69.4,3,88.1,0,3.1,0
S8993,Business Administration,4,90.4,15,283.0,71.2,2,68.9,0,4.3,0
S8994,Artificial Intelligence,4,100.0,23,264.0,93.4,1,78.9,3,3.8,0
S8995,Artificial Intelligence,6,84.7,23,316.0,95.7,0,69.4,3,5.0,0
S8996,Data Science,1,74.0,26,302.0,53.8,1,58.1,3,3.7,1
S8997,Information Technology,7,69.9,23,293.0,76.6,1,47.1,0,4.0,0
S8998,Data Science,6,99.5,17,193.0,51.9,1,86.3,0,2.5,0
S8999,Data Science,2,100.0,16,443.0,70.3,2,91.3,0,2.3,0
S9000,Artificial Intelligence,6,76.6,13,345.0,63.8,2,65.7,0,4.1,0
S9001,Data Science,3,82.3,19,416.0,96.9,0,55.6,2,3.4,0
S9002,Business Administration,5,98.4,21,372.0,58.3,3,76.4,0,4.1,0
S9003,Data Science,7,91.2,27,0.0,87.8,3,74.1,3,3.1,1
S9004,Business Administration,3,79.8,16,409.0,72.6,1,45.4,1,3.7,0
S9005,Artificial Intelligence,5,72.9,15,397.0,49.3,2,89.4,2,2.9,0
S9006,Information Technology,3,71.9,17,329.0,63.2,0,58.7,0,3.9,0
S9007,Business Administration,8,93.4,15,560.0,54.6,2,63.5,2,2.8,0
S9008,Information Technology,7,77.6,13,425.0,63.3,2,57.8,2,3.6,0
S9009,Information Technology,6,77.1,15,421.0,59.8,0,52.7,1,3.0,0
S9010,Business Administration,3,89.3,30,96.0,72.1,1,38.8,2,4.5,1
S9011,Artificial Intelligence,6,83.0,16,461.0,95.3,2,70.5,3,2.9,0
S9012,Computer Science,7,86.7,10,381.0,62.7,3,50.9,2,3.0,1
S9013,Information Technology,6,78.1,16,139.0,57.6,2,77.6,1,3.3,1
S9014,Information Technology,2,77.6,18,338.0,67.1,3,67.7,0,4.2,0
S9015,Artificial Intelligence,6,73.2,14,97.0,72.6,2,66.1,0,3.5,1
S9016,Artificial Intelligence,1,90.5,25,382.0,64.0,2,63.8,1,3.4,0
S9017,Data Science,3,83.0,14,322.0,54.7,0,75.6,1,3.2,0
S9018,Artificial Intelligence,7,85.5,18,228.0,91.6,3,69.6,0,3.7,0
S9019,Information Technology,4,69.8,17,385.0,88.4,2,87.7,2,3.0,0
S9020,Business Administration,4,90.3,19,209.0,76.2,3,55.7,4,2.9,1
S9021,Computer Science,4,85.7,14,314.0,100.0,2,98.4,1,3.3,0
S9022,Data Science,7,90.8,21,433.0,100.0,2,91.6,2,3.0,0
S9023,Business Administration,1,86.1,23,259.0,100.0,3,85.5,0,3.1,0
S9024,Computer Science,6,85.4,22,186.0,40.1,2,64.5,2,1.8,1
S9025,Computer Science,3,60.2,21,431.0,83.6,1,81.4,1,4.6,0
S9026,Computer Science,5,95.7,16,313.0,63.9,0,76.5,1,3.5,0
S9027,Business Administration,5,66.2,12,541.0,71.6,1,57.2,2,3.5,0
S9028,Data Science,7,94.4,20,362.0,49.2,1,55.5,2,2.8,1
S9029,Data Science,2,81.1,12,392.0,82.7,1,65.7,0,3.1,0
S9030,Computer Science,1,62.7,15,344.0,100.0,1,43.3,0,2.6,0
S9031,Business Administration,3,81.0,17,367.0,76.8,1,57.3,1,2.8,0
S9032,Computer Science,6,64.0,23,373.0,96.3,1,61.6,1,3.3,0
S9033,Artificial Intelligence,4,95.3,21,381.0,84.2,1,73.6,0,3.6,0
S9034,Data Science,1,75.8,20,166.0,91.7,0,73.2,0,3.9,0
S9035,Information Technology,1,69.5,12,197.0,37.1,0,42.4,1,4.1,1
S9036,Computer Science,3,89.9,13,379.0,85.8,3,90.4,0,4.5,0
S9037,Artificial Intelligence,7,81.5,21,311.0,93.3,1,48.1,2,4.0,0
S9038,Data Science,6,88.2,20,208.0,100.0,1,43.3,4,3.4,1
S9039,Business Administration,8,80.6,13,336.0,52.1,1,78.0,0,3.8,0
S9040,Data Science,8,95.9,21,494.0,100.0,2,85.5,0,3.4,0
S9041,Business Administration,7,77.2,13,323.0,72.1,2,69.4,3,2.7,1
S9042,Business Administration,7,63.1,26,351.0,81.4,2,75.4,1,5.0,0
S9043,Computer Science,2,68.9,12,354.0,95.0,1,78.8,2,4.3,0
S9044,Computer Science,7,87.2,13,227.0,94.7,1,68.5,1,3.9,0
S9045,Data Science,6,74.1,18,294.0,47.0,0,73.4,0,3.6,0
S9046,Artificial Intelligence,2,97.4,18,49.0,80.1,0,61.0,1,4.0,1
S9047,Data Science,8,68.0,17,187.0,58.9,2,64.7,2,3.7,1
S9048,Information Technology,2,94.2,13,291.0,79.0,0,78.9,0,3.6,0
S9049,Business Administration,4,76.8,13,157.0,67.1,1,86.6,3,4.3,1
S9050,Business Administration,4,97.7,21,298.0,48.1,2,64.8,0,3.5,0
S9051,Computer Science,8,88.1,20,264.0,59.8,1,55.0,1,4.5,0
S9052,Artificial Intelligence,3,84.3,12,459.0,88.1,2,100.0,2,3.6,0
S9053,Computer Science,8,90.0,20,543.0,84.2,0,72.2,1,2.3,0
S9054,Information Technology,6,96.7,25,293.0,58.2,1,41.8,1,3.9,0
S9055,Data Science,7,81.4,22,345.0,67.7,1,60.1,2,3.0,0
S9056,Data Science,2,59.5,19,445.0,82.5,1,33.8,2,2.7,0
S9057,Artificial Intelligence,3,96.4,13,299.0,83.2,3,70.7,1,3.0,0
S9058,Computer Science,2,78.7,26,350.0,90.2,0,70.7,0,2.3,0
S9059,Computer Science,1,100.0,17,133.0,82.2,1,68.6,0,4.1,1
S9060,Information Technology,5,74.8,20,362.0,88.6,0,62.2,1,3.8,0
S9061,Data Science,5,77.4,12,453.0,76.8,4,66.9,0,3.7,0
S9062,Computer Science,2,90.9,20,166.0,87.0,2,77.3,3,2.5,1
S9063,Artificial Intelligence,3,91.1,17,101.0,100.0,1,82.7,1,3.9,1
S9064,Data Science,8,87.1,18,455.0,100.0,0,64.4,2,5.0,0
S9065,Information Technology,4,75.3,16,262.0,78.7,0,72.6,2,3.6,0
S9066,Artificial Intelligence,6,68.1,22,206.0,56.9,0,79.2,2,3.0,1
S9067,Business Administration,2,73.9,24,312.0,100.0,2,86.3,0,2.6,0
S9068,Information Technology,2,63.8,13,234.0,35.7,1,59.9,0,2.9,1
S9069,Artificial Intelligence,6,100.0,16,176.0,87.4,1,94.3,1,4.9,0
S9070,Computer Science,8,69.7,19,117.0,86.7,2,81.8,1,3.1,1
S9071,Business Administration,7,78.5,13,517.0,78.9,3,67.8,1,2.2,0
S9072,Information Technology,4,90.3,15,500.0,85.1,1,67.2,1,3.8,0
S9073,Computer Science,2,82.1,18,270.0,54.2,1,71.0,1,3.1,0
S9074,Business Administration,1,74.9,18,614.0,59.1,1,52.5,1,2.7,0
S9075,Data Science,4,80.2,14,459.0,55.0,3,56.3,1,4.0,0
S9076,Computer Science,1,74.7,14,294.0,57.2,2,49.9,1,3.2,1
S9077,Artificial Intelligence,5,78.9,23,572.0,65.3,1,76.3,2,3.6,0
S9078,Information Technology,6,86.7,14,55.0,74.8,0,65.0,0,3.6,1
S9079,Business Administration,4,69.6,13,275.0,96.0,1,73.7,1,4.7,0
S9080,Computer Science,7,95.0,20,511.0,100.0,2,81.8,0,3.9,0
S9081,Data Science,4,82.9,13,259.0,63.1,1,82.1,1,3.9,0
S9082,Information Technology,3,75.0,10,441.0,76.6,1,39.3,0,2.7,0
S9083,Information Technology,3,78.2,23,182.0,79.8,1,63.9,1,2.2,1
S9084,Computer Science,6,96.0,15,221.0,62.0,1,47.8,2,5.0,0
S9085,Data Science,7,91.8,18,347.0,69.7,1,58.5,1,4.1,0
S9086,Business Administration,4,84.9,18,379.0,100.0,1,36.1,1,2.7,0
S9087,Computer Science,8,74.8,18,325.0,99.5,0,81.3,2,4.4,0
S9088,Business Administration,5,88.8,19,250.0,100.0,3,42.0,1,3.5,1
S9089,Information Technology,7,82.2,15,188.0,88.0,0,52.6,1,3.3,1
S9090,Business Administration,2,100.0,15,584.0,93.3,1,54.3,2,3.0,0
S9091,Data Science,6,81.5,13,342.0,84.5,2,82.5,1,3.7,0
S9092,Artificial Intelligence,8,100.0,17,433.0,100.0,1,69.6,1,4.6,0
S9093,Data Science,7,84.3,20,419.0,25.5,1,58.7,0,4.3,0
S9094,Business Administration,6,69.6,12,243.0,58.3,1,50.8,2,5.0,0
S9095,Computer Science,7,100.0,6,306.0,51.4,2,73.3,1,3.3,0
S9096,Information Technology,3,64.6,28,208.0,65.7,3,42.0,0,3.5,0
S9097,Artificial Intelligence,5,58.3,16,392.0,79.0,2,55.0,0,4.3,0
S9098,Computer Science,6,57.1,23,281.0,75.4,3,94.4,2,4.0,0
S9099,Computer Science,5,100.0,18,495.0,62.6,1,82.8,1,5.0,0
S9100,Data Science,6,100.0,14,107.0,81.0,0,46.4,3,5.0,1
S9101,Business Administration,3,83.7,23,360.0,84.2,0,87.4,2,3.2,0
S9102,Data Science,2,87.2,18,606.0,87.5,2,67.9,0,1.9,0
S9103,Business Administration,8,85.0,22,212.0,91.7,1,79.5,0,1.3,1
S9104,Data Science,3,60.8,14,319.0,66.8,2,74.1,1,3.9,0
S9105,Computer Science,6,99.5,13,258.0,96.0,3,65.2,4,3.2,1
S9106,Information Technology,5,97.9,11,408.0,76.7,1,70.8,1,4.1,0
S9107,Business Administration,1,67.2,21,60.0,91.6,4,86.2,1,3.0,1
S9108,Artificial Intelligence,3,85.9,20,156.0,66.6,3,92.7,2,4.8,0
S9109,Artificial Intelligence,5,81.1,20,181.0,100.0,2,72.2,0,2.5,1
S9110,Computer Science,7,79.5,16,406.0,87.1,1,55.4,0,3.1,0
S9111,Data Science,7,73.9,17,278.0,80.0,0,67.4,2,3.1,0
S9112,Data Science,3,80.7,11,224.0,56.2,0,100.0,2,3.9,0
S9113,Computer Science,6,75.7,17,349.0,97.6,0,79.1,1,3.1,0
S9114,Artificial Intelligence,7,94.8,20,327.0,58.5,0,79.8,2,3.2,0
S9115,Artificial Intelligence,5,81.7,16,277.0,100.0,1,72.0,1,4.5,0
S9116,Data Science,8,73.7,24,240.0,91.2,3,80.0,1,4.4,0
S9117,Business Administration,2,81.7,19,192.0,54.5,2,63.4,2,3.8,1
S9118,Information Technology,5,80.3,16,471.0,81.8,0,73.8,1,2.7,0
S9119,Business Administration,7,79.8,23,480.0,100.0,3,54.1,1,3.8,0
S9120,Artificial Intelligence,7,90.1,19,143.0,77.8,0,48.6,4,4.2,1
S9121,Business Administration,4,78.7,19,253.0,71.6,4,53.4,1,3.4,1
S9122,Information Technology,1,75.1,19,354.0,83.6,2,86.8,0,2.9,0
S9123,Business Administration,6,65.7,19,192.0,64.4,2,49.2,0,3.1,1
S9124,Business Administration,5,81.9,16,389.0,100.0,0,98.9,3,3.7,0
S9125,Business Administration,7,96.9,17,326.0,62.6,1,81.8,0,4.6,0
S9126,Business Administration,6,80.5,21,400.0,85.8,0,82.8,3,2.8,0
S9127,Computer Science,3,76.0,16,578.0,100.0,0,48.5,0,3.8,0
S9128,Artificial Intelligence,3,72.9,24,100.0,79.0,1,60.4,1,4.3,1
S9129,Information Technology,5,61.3,16,476.0,100.0,0,72.8,0,3.9,0
S9130,Artificial Intelligence,4,96.1,24,237.0,74.6,0,68.8,0,4.3,0
S9131,Computer Science,7,87.8,19,385.0,57.7,1,88.3,2,3.1,0
S9132,Computer Science,5,91.2,23,367.0,91.4,1,61.9,0,3.4,0
S9133,Computer Science,2,85.0,15,470.0,84.1,0,82.3,0,2.4,0
S9134,Computer Science,4,72.3,15,313.0,60.7,1,83.8,1,3.0,0
S9135,Business Administration,7,78.2,17,207.0,76.4,2,71.3,0,2.8,1
S9136,Artificial Intelligence,7,76.0,14,335.0,60.5,0,67.2,0,2.7,0
S9137,Data Science,6,77.0,16,508.0,77.9,0,45.7,0,4.0,0
S9138,Information Technology,5,77.1,15,348.0,100.0,3,72.0,1,2.2,0
S9139,Computer Science,7,95.3,28,237.0,95.3,3,81.4,2,2.5,1
S9140,Artificial Intelligence,6,100.0,17,287.0,89.3,0,57.9,1,4.1,0
S9141,Computer Science,7,71.5,21,336.0,81.0,1,49.8,1,3.3,0
S9142,Computer Science,1,80.0,18,320.0,96.9,1,59.2,1,2.6,0
S9143,Computer Science,4,84.6,20,303.0,79.4,6,64.6,1,3.9,0
S9144,Computer Science,5,70.2,21,424.0,45.7,0,77.0,0,3.3,0
S9145,Computer Science,1,82.6,17,549.0,53.9,1,69.9,1,3.7,0
S9146,Information Technology,5,86.2,13,420.0,68.1,3,55.9,0,3.7,0
S9147,Artificial Intelligence,2,81.1,16,381.0,70.4,2,35.3,0,3.3,0
S9148,Computer Science,3,89.5,20,430.0,78.5,0,89.2,0,2.8,0
S9149,Computer Science,8,82.0,18,384.0,99.4,3,45.9,0,3.3,0
S9150,Computer Science,6,47.6,18,323.0,85.0,2,63.8,0,3.8,0
S9151,Computer Science,5,70.5,17,236.0,81.2,0,66.1,1,3.8,0
S9152,Business Administration,4,99.2,18,236.0,58.2,2,39.7,1,3.8,0
S9153,Business Administration,5,88.2,19,305.0,75.2,0,44.5,0,3.2,0
S9154,Data Science,5,47.8,14,341.0,66.8,0,33.6,1,3.8,0
S9155,Computer Science,5,63.9,17,443.0,59.6,5,80.9,0,2.3,0
S9156,Data Science,8,90.7,14,293.0,22.8,1,63.2,0,3.8,0
S9157,Information Technology,7,75.1,16,264.0,56.7,2,65.4,2,4.1,1
S9158,Data Science,5,49.6,20,339.0,100.0,1,67.8,0,1.0,1
S9159,Artificial Intelligence,7,94.7,25,357.0,99.0,2,41.3,1,4.3,0
S9160,Business Administration,4,90.7,10,236.0,62.6,3,39.7,0,4.8,0
S9161,Business Administration,4,72.0,14,220.0,69.3,2,71.6,1,3.9,0
S9162,Computer Science,5,96.9,19,383.0,100.0,4,63.4,0,1.8,0
S9163,Computer Science,7,72.5,16,291.0,100.0,1,40.2,2,3.6,0
S9164,Information Technology,3,74.5,16,448.0,81.9,4,70.0,4,2.9,0
S9165,Information Technology,5,76.2,15,339.0,91.5,1,71.2,1,3.5,0
S9166,Artificial Intelligence,6,59.3,20,298.0,83.4,2,77.3,1,3.8,0
S9167,Computer Science,6,87.0,10,165.0,72.3,2,74.1,3,4.0,1
S9168,Computer Science,4,88.2,19,307.0,83.0,0,73.4,0,3.7,0
S9169,Information Technology,8,76.5,17,188.0,89.3,2,65.4,1,3.3,0
S9170,Information Technology,6,90.5,16,152.0,96.9,3,81.7,0,4.6,0
S9171,Information Technology,6,62.9,21,487.0,83.9,3,78.1,1,2.8,0
S9172,Business Administration,2,90.2,16,248.0,83.6,2,61.7,2,2.5,1
S9173,Data Science,5,85.9,24,413.0,55.2,0,32.8,0,3.3,0
S9174,Data Science,5,73.7,19,173.0,63.1,1,57.5,0,3.2,1
S9175,Computer Science,5,87.0,11,221.0,45.4,0,50.4,1,2.8,1
S9176,Business Administration,5,71.4,19,210.0,86.5,0,100.0,0,3.9,0
S9177,Information Technology,1,95.3,22,388.0,67.7,3,50.9,4,3.1,1
S9178,Computer Science,5,88.3,20,360.0,74.4,2,82.0,0,4.1,0
S9179,Business Administration,8,86.4,16,147.0,79.5,1,43.8,1,2.2,1
S9180,Artificial Intelligence,7,76.5,21,136.0,83.4,0,43.9,1,2.9,1
S9181,Business Administration,4,91.3,12,364.0,43.7,0,83.4,0,4.3,0
S9182,Computer Science,7,96.4,14,463.0,84.9,2,58.7,1,3.0,0
S9183,Data Science,8,100.0,15,457.0,70.9,0,100.0,1,2.9,0
S9184,Information Technology,4,75.5,15,213.0,93.9,3,91.3,3,4.7,0
S9185,Artificial Intelligence,1,91.8,16,254.0,72.2,3,61.4,4,4.6,1
S9186,Business Administration,5,98.7,22,363.0,67.0,2,45.4,3,2.6,1
S9187,Computer Science,3,79.1,15,371.0,98.5,2,78.3,0,3.3,0
S9188,Computer Science,7,98.9,18,330.0,60.6,0,64.1,1,3.6,0
S9189,Information Technology,5,83.9,24,256.0,68.8,2,84.1,2,3.8,0
S9190,Computer Science,4,69.8,18,357.0,61.3,1,92.6,1,2.4,0
S9191,Computer Science,7,73.5,16,320.0,69.6,1,59.2,0,2.5,0
S9192,Information Technology,2,64.7,25,324.0,100.0,0,75.6,0,3.8,0
S9193,Artificial Intelligence,6,81.5,16,407.0,56.2,2,58.1,1,4.3,0
S9194,Data Science,2,80.1,17,433.0,73.4,1,83.6,1,3.2,0
S9195,Data Science,3,84.3,15,342.0,92.2,1,53.3,1,3.1,0
S9196,Business Administration,5,98.3,21,336.0,74.0,1,80.9,0,3.6,0
S9197,Artificial Intelligence,1,81.8,16,281.0,85.0,1,72.9,0,3.6,0
S9198,Business Administration,5,78.8,20,316.0,68.4,1,46.0,2,3.7,0
S9199,Data Science,3,79.6,12,391.0,76.1,1,47.7,1,5.0,0
S9200,Information Technology,3,59.8,18,359.0,73.4,1,65.3,0,2.8,0
S9201,Computer Science,6,90.2,15,235.0,74.6,1,58.3,1,2.8,1
S9202,Data Science,3,80.2,17,229.0,99.1,0,30.9,0,3.2,0
S9203,Artificial Intelligence,2,83.0,21,225.0,67.1,4,41.9,5,3.6,1
S9204,Data Science,6,79.6,16,438.0,83.6,3,48.0,0,3.0,0
S9205,Artificial Intelligence,5,83.5,15,101.0,95.3,2,77.0,1,3.1,1
S9206,Artificial Intelligence,7,66.3,19,137.0,87.9,3,65.8,0,2.6,1
S9207,Artificial Intelligence,5,82.0,19,226.0,73.1,2,52.7,0,2.8,1
S9208,Business Administration,1,74.8,9,390.0,100.0,2,59.8,0,2.3,0
S9209,Information Technology,3,82.4,12,268.0,80.9,2,81.5,0,3.9,0
S9210,Data Science,3,69.8,22,201.0,93.7,2,89.8,2,3.0,0
S9211,Information Technology,4,87.7,17,343.0,68.5,1,45.5,2,4.1,0
S9212,Computer Science,6,82.3,13,349.0,88.5,2,57.8,0,4.0,0
S9213,Data Science,4,66.5,13,394.0,90.1,2,73.9,2,5.0,0
S9214,Information Technology,6,93.4,19,464.0,64.2,1,62.4,1,3.4,0
S9215,Information Technology,2,75.8,13,448.0,100.0,0,86.0,1,3.7,0
S9216,Computer Science,6,77.7,14,367.0,98.3,2,51.0,0,2.7,0
S9217,Artificial Intelligence,5,91.6,24,290.0,68.3,2,60.3,1,3.4,0
S9218,Data Science,1,94.9,28,352.0,52.5,3,70.6,2,3.8,0
S9219,Data Science,7,76.4,19,251.0,74.8,3,67.3,1,2.4,1
S9220,Computer Science,6,83.3,23,407.0,76.2,3,62.1,1,3.9,0
S9221,Artificial Intelligence,6,90.2,13,240.0,67.2,2,71.1,1,3.6,0
S9222,Data Science,6,97.2,16,209.0,69.5,1,77.4,2,3.4,1
S9223,Data Science,1,83.1,19,414.0,92.9,2,59.4,0,3.6,0
S9224,Data Science,3,87.7,23,127.0,100.0,1,65.6,1,3.3,1
S9225,Artificial Intelligence,1,71.0,17,228.0,92.1,1,48.9,0,3.7,1
S9226,Computer Science,8,63.9,20,372.0,100.0,0,54.0,1,4.3,0
S9227,Data Science,8,88.7,14,290.0,78.1,3,54.1,0,4.6,0
S9228,Information Technology,8,72.3,23,285.0,50.3,1,68.3,3,3.1,1
S9229,Artificial Intelligence,3,70.9,14,174.0,68.1,1,65.9,0,3.7,1
S9230,Business Administration,8,89.7,19,184.0,65.0,3,84.4,0,2.7,1
S9231,Computer Science,7,80.2,17,278.0,95.7,1,54.4,2,5.0,0
S9232,Information Technology,5,84.7,17,120.0,40.2,2,58.4,2,4.2,1
S9233,Data Science,1,66.6,22,299.0,80.7,5,58.0,1,2.8,1
S9234,Business Administration,3,71.1,17,436.0,75.2,3,100.0,1,4.7,0
S9235,Computer Science,5,100.0,19,426.0,84.5,1,82.2,0,2.2,0
S9236,Artificial Intelligence,5,74.1,18,364.0,60.8,2,54.6,2,2.8,0
S9237,Business Administration,3,79.6,17,323.0,99.0,0,53.7,2,3.0,0
S9238,Business Administration,8,84.8,17,290.0,81.2,6,48.5,0,3.3,1
S9239,Information Technology,3,69.2,17,307.0,57.7,1,77.3,0,4.0,0
S9240,Computer Science,2,98.2,17,198.0,60.3,1,94.1,0,2.8,0
S9241,Information Technology,5,82.1,14,232.0,70.3,2,74.4,2,3.1,1
S9242,Information Technology,3,79.2,21,119.0,87.6,2,64.8,0,3.4,1
S9243,Data Science,5,94.8,15,401.0,64.3,1,53.4,0,4.0,0
S9244,Artificial Intelligence,8,92.9,17,288.0,88.9,3,84.2,1,3.2,0
S9245,Business Administration,1,100.0,15,517.0,77.2,1,61.8,1,3.7,0
S9246,Computer Science,7,76.8,17,236.0,100.0,1,80.0,0,3.8,0
S9247,Artificial Intelligence,4,100.0,18,299.0,67.4,1,93.2,1,3.9,0
S9248,Artificial Intelligence,8,89.8,23,376.0,77.0,1,52.7,2,1.4,0
S9249,Computer Science,4,100.0,21,345.0,93.8,2,88.0,1,3.7,0
S9250,Artificial Intelligence,6,93.8,20,291.0,62.8,3,70.2,4,2.1,1
S9251,Data Science,3,74.3,21,492.0,61.4,1,73.2,0,3.5,0
S9252,Artificial Intelligence,3,72.0,21,200.0,57.1,0,82.4,1,3.3,1
S9253,Data Science,8,60.4,17,369.0,88.6,0,38.6,0,4.0,0
S9254,Business Administration,5,57.9,18,253.0,52.0,2,78.2,3,2.0,1
S9255,Business Administration,8,74.7,25,285.0,83.2,2,71.3,0,2.6,0
S9256,Information Technology,6,97.2,17,328.0,65.4,0,80.6,1,3.2,0
S9257,Data Science,8,76.0,11,286.0,65.5,4,71.0,0,3.2,1
S9258,Business Administration,3,73.9,11,282.0,44.0,1,60.4,0,3.7,0
S9259,Artificial Intelligence,8,90.4,20,134.0,76.2,3,61.2,0,2.5,1
S9260,Computer Science,5,71.7,19,397.0,64.6,0,62.5,2,3.7,0
S9261,Computer Science,3,100.0,13,133.0,74.1,1,77.1,3,3.4,1
S9262,Data Science,5,78.9,18,454.0,74.3,3,91.7,0,4.6,0
S9263,Information Technology,8,93.2,12,289.0,100.0,1,44.7,3,2.6,1
S9264,Artificial Intelligence,3,79.6,19,400.0,61.5,1,53.4,0,4.2,0
S9265,Data Science,2,82.3,31,38.0,87.1,0,59.3,3,3.3,1
S9266,Computer Science,7,95.5,23,296.0,71.8,3,38.1,0,3.0,0
S9267,Data Science,5,84.8,16,299.0,88.5,0,50.5,0,4.7,0
S9268,Artificial Intelligence,7,99.9,12,205.0,74.7,2,57.9,1,3.2,0
S9269,Business Administration,2,72.6,20,393.0,100.0,1,70.6,1,3.8,0
S9270,Artificial Intelligence,2,66.4,13,233.0,76.9,0,72.2,1,3.3,0
S9271,Business Administration,2,61.0,17,205.0,79.8,3,55.7,0,3.3,1
S9272,Business Administration,2,97.1,24,261.0,99.4,1,98.3,2,4.0,0
S9273,Business Administration,1,92.8,26,403.0,71.5,1,61.2,1,4.1,0
S9274,Data Science,7,78.8,12,329.0,96.6,0,74.1,1,2.9,0
S9275,Computer Science,8,85.6,16,342.0,99.5,2,70.5,2,3.0,0
S9276,Data Science,6,94.8,14,382.0,68.0,3,74.6,1,1.0,1
S9277,Computer Science,8,79.7,18,277.0,92.5,2,82.8,0,3.2,0
S9278,Artificial Intelligence,8,60.9,13,412.0,60.7,1,66.7,1,4.6,0
S9279,Information Technology,7,61.0,14,341.0,81.8,2,80.8,0,4.7,0
S9280,Artificial Intelligence,8,68.9,15,390.0,66.2,0,79.4,0,3.5,0
S9281,Data Science,4,83.2,16,216.0,76.8,1,77.4,0,4.7,0
S9282,Data Science,1,70.7,27,310.0,90.3,4,71.3,0,4.4,0
S9283,Computer Science,8,94.4,16,402.0,98.3,2,51.4,0,4.0,0
S9284,Data Science,3,66.7,19,497.0,36.0,2,54.5,2,2.5,1
S9285,Business Administration,8,73.7,17,413.0,62.3,1,41.4,1,3.3,0
S9286,Data Science,3,60.1,17,418.0,100.0,1,83.7,0,2.7,0
S9287,Computer Science,6,76.7,14,132.0,78.0,3,68.8,0,2.6,1
S9288,Computer Science,4,82.1,19,268.0,77.4,0,84.5,2,3.8,0
S9289,Business Administration,4,94.9,15,367.0,95.9,2,48.9,0,4.0,0
S9290,Computer Science,4,83.4,11,152.0,33.9,1,68.3,1,1.7,1
S9291,Information Technology,2,90.9,17,348.0,60.1,3,58.5,1,3.1,0
S9292,Artificial Intelligence,1,94.1,13,261.0,95.8,1,54.9,3,2.6,1
S9293,Data Science,8,86.7,14,266.0,47.7,4,55.1,2,3.5,1
S9294,Information Technology,3,71.2,12,308.0,78.6,3,100.0,2,2.9,0
S9295,Data Science,1,86.9,21,342.0,40.9,3,80.7,1,3.7,1
S9296,Information Technology,1,99.9,22,388.0,68.3,0,58.7,0,4.4,0
S9297,Data Science,1,78.2,19,171.0,98.3,4,51.1,1,3.6,1
S9298,Business Administration,4,88.7,26,413.0,44.5,2,59.7,1,4.1,0
S9299,Computer Science,6,88.3,18,376.0,72.2,4,92.8,0,4.5,0
S9300,Computer Science,6,77.6,10,270.0,94.0,0,57.6,1,3.6,0
S9301,Business Administration,4,93.2,12,414.0,62.5,1,50.2,1,2.4,0
S9302,Information Technology,3,77.4,22,100.0,83.9,3,50.7,1,2.5,1
S9303,Artificial Intelligence,3,87.4,20,320.0,100.0,1,83.5,0,3.4,0
S9304,Information Technology,3,79.1,18,233.0,91.1,2,53.4,0,4.9,0
S9305,Computer Science,8,82.5,17,175.0,81.8,2,87.4,0,2.1,1
S9306,Artificial Intelligence,6,93.2,19,122.0,100.0,3,70.3,0,3.8,0
S9307,Data Science,8,58.6,24,376.0,80.6,1,81.0,0,3.7,0
S9308,Artificial Intelligence,6,89.4,17,361.0,75.6,0,88.6,2,4.0,0
S9309,Information Technology,1,90.5,15,444.0,59.0,1,58.6,1,3.4,0
S9310,Business Administration,4,75.1,16,380.0,93.3,1,79.5,2,3.5,0
S9311,Data Science,2,81.6,19,265.0,100.0,0,67.5,0,3.5,0
S9312,Information Technology,1,70.3,20,626.0,39.6,1,72.6,1,2.6,0
S9313,Data Science,5,72.4,24,422.0,62.9,1,100.0,0,1.8,0
S9314,Artificial Intelligence,8,85.3,17,162.0,76.5,1,67.3,0,5.0,0
S9315,Computer Science,6,100.0,18,284.0,62.3,1,82.6,5,3.3,1
S9316,Information Technology,1,90.0,21,327.0,92.4,1,95.0,0,2.6,0
S9317,Business Administration,4,71.8,19,268.0,89.1,2,59.2,0,4.4,0
S9318,Artificial Intelligence,5,91.3,15,546.0,85.3,2,54.7,1,3.1,0
S9319,Information Technology,7,89.0,12,265.0,100.0,1,65.7,0,3.7,0
S9320,Business Administration,8,61.3,21,254.0,83.8,1,53.9,1,3.9,0
S9321,Information Technology,1,78.2,17,389.0,68.3,1,61.2,2,2.9,0
S9322,Artificial Intelligence,4,80.3,20,314.0,57.3,3,61.4,1,4.0,0
S9323,Information Technology,4,83.4,14,273.0,86.6,0,65.1,1,3.3,0
S9324,Data Science,6,81.6,16,560.0,57.8,5,53.5,2,4.2,0
S9325,Artificial Intelligence,2,83.8,22,484.0,91.4,2,71.8,0,4.3,0
S9326,Information Technology,1,70.8,17,131.0,69.4,1,61.2,0,4.1,0
S9327,Computer Science,4,78.1,12,525.0,41.2,2,63.5,3,1.3,1
S9328,Information Technology,8,78.8,17,279.0,96.3,3,77.6,0,3.8,0
S9329,Data Science,3,95.9,14,436.0,88.3,1,72.5,1,4.3,0
S9330,Business Administration,4,73.6,16,538.0,92.4,0,85.3,1,3.3,0
S9331,Business Administration,2,79.1,21,397.0,50.0,4,86.8,1,2.2,0
S9332,Business Administration,4,77.7,12,574.0,100.0,4,62.3,0,3.3,0
S9333,Computer Science,6,100.0,22,402.0,100.0,4,70.3,1,2.6,0
S9334,Data Science,7,90.0,12,375.0,60.4,1,73.1,1,3.5,0
S9335,Artificial Intelligence,1,70.8,14,421.0,85.1,1,59.1,1,3.2,0
S9336,Business Administration,6,86.8,22,151.0,71.0,1,53.8,3,3.7,1
S9337,Data Science,1,69.9,22,275.0,70.6,2,79.5,2,1.3,1
S9338,Information Technology,5,85.1,14,171.0,82.9,1,85.4,2,4.5,1
S9339,Computer Science,1,98.4,19,279.0,67.4,3,55.9,1,4.1,0
S9340,Data Science,5,58.5,13,354.0,74.9,1,71.7,1,2.6,0
S9341,Data Science,6,69.9,20,282.0,100.0,0,58.5,0,3.6,0
S9342,Artificial Intelligence,3,83.9,20,283.0,54.8,2,59.5,0,4.2,0
S9343,Data Science,8,77.2,20,137.0,84.1,2,62.4,0,3.0,1
S9344,Artificial Intelligence,2,84.6,21,237.0,100.0,3,79.3,1,3.4,1
S9345,Computer Science,3,81.0,24,500.0,78.9,1,74.7,2,1.9,0
S9346,Computer Science,8,61.8,25,233.0,90.9,2,81.7,4,1.8,1
S9347,Information Technology,5,89.5,14,259.0,64.4,3,69.3,3,2.5,1
S9348,Artificial Intelligence,4,66.0,25,328.0,62.3,0,47.4,1,3.0,0
S9349,Artificial Intelligence,4,84.5,14,345.0,53.9,1,86.8,0,4.8,0
S9350,Business Administration,3,76.5,16,284.0,79.7,3,81.6,1,3.5,0
S9351,Business Administration,4,100.0,26,132.0,100.0,0,35.0,1,1.8,1
S9352,Information Technology,5,80.5,16,365.0,89.5,1,63.9,2,3.6,0
S9353,Computer Science,6,86.2,18,530.0,81.1,1,66.4,0,3.8,0
S9354,Business Administration,2,88.6,25,520.0,70.5,2,76.9,0,2.8,0
S9355,Data Science,7,86.1,20,214.0,69.1,1,81.1,0,3.5,0
S9356,Computer Science,1,81.7,14,348.0,63.0,3,75.5,0,4.4,0
S9357,Data Science,5,70.1,8,604.0,65.1,2,67.0,0,3.2,0
S9358,Artificial Intelligence,8,80.7,15,300.0,87.1,1,48.8,2,3.1,0
S9359,Computer Science,7,59.6,20,331.0,100.0,0,99.8,0,2.9,0
S9360,Information Technology,5,87.9,10,121.0,93.5,3,91.7,1,3.8,0
S9361,Artificial Intelligence,1,100.0,19,425.0,68.7,1,84.8,0,3.1,0
S9362,Artificial Intelligence,1,84.1,20,333.0,64.2,2,90.8,1,3.5,0
S9363,Data Science,2,86.1,20,193.0,63.0,2,53.0,1,2.8,1
S9364,Artificial Intelligence,2,63.4,17,383.0,100.0,1,78.8,1,3.1,0
S9365,Business Administration,2,72.2,22,417.0,94.4,0,80.2,1,5.0,0
S9366,Computer Science,4,92.7,19,217.0,85.4,5,39.9,0,2.9,1
S9367,Business Administration,8,64.6,18,101.0,98.6,0,75.7,0,4.7,0
S9368,Data Science,8,73.3,16,317.0,90.7,1,56.3,3,2.6,0
S9369,Data Science,5,88.8,16,383.0,38.9,3,75.7,0,4.8,0
S9370,Computer Science,6,91.7,23,332.0,59.3,0,80.1,3,3.4,0
S9371,Artificial Intelligence,1,80.7,20,439.0,98.8,3,68.0,0,3.8,0
S9372,Information Technology,5,83.5,20,95.0,100.0,1,83.2,2,2.8,1
S9373,Data Science,7,83.4,20,178.0,100.0,1,83.4,1,3.7,0
S9374,Computer Science,5,67.2,21,327.0,77.3,3,53.4,0,3.8,0
S9375,Information Technology,8,81.1,15,113.0,87.4,3,42.1,1,3.5,1
S9376,Artificial Intelligence,2,84.9,17,209.0,61.0,1,48.5,1,2.4,1
S9377,Data Science,2,80.9,13,237.0,85.9,1,96.7,2,2.8,0
S9378,Computer Science,5,58.9,15,422.0,82.7,1,51.0,2,2.5,0
S9379,Computer Science,8,100.0,17,457.0,78.2,0,63.8,1,3.5,0
S9380,Computer Science,8,68.9,19,387.0,90.3,3,69.4,1,2.7,0
S9381,Data Science,8,82.9,24,525.0,81.0,1,52.9,3,2.5,0
S9382,Information Technology,2,85.9,19,468.0,27.0,0,64.2,1,2.6,0
S9383,Computer Science,8,76.5,19,395.0,67.2,2,36.7,1,2.8,0
S9384,Artificial Intelligence,4,84.9,15,391.0,65.9,1,85.5,1,5.0,0
S9385,Computer Science,1,72.7,19,230.0,75.4,0,77.6,2,3.8,0
S9386,Information Technology,7,100.0,16,133.0,83.6,3,90.4,2,3.6,1
S9387,Data Science,8,78.9,20,214.0,85.6,0,62.5,3,3.7,1
S9388,Computer Science,5,92.8,20,401.0,74.2,2,62.9,1,1.9,0
S9389,Computer Science,1,68.9,15,262.0,75.9,1,72.0,1,4.2,0
S9390,Artificial Intelligence,4,90.7,26,373.0,35.7,2,61.4,1,4.1,0
S9391,Artificial Intelligence,7,73.4,19,81.0,97.2,2,57.8,3,3.8,1
S9392,Computer Science,2,65.3,16,363.0,81.2,0,39.3,3,4.0,0
S9393,Computer Science,3,69.2,23,197.0,74.9,0,96.0,3,3.6,1
S9394,Artificial Intelligence,4,71.8,19,213.0,72.6,1,55.3,1,3.4,1
S9395,Information Technology,3,83.3,14,500.0,51.3,0,66.0,0,3.5,0
S9396,Business Administration,1,100.0,19,558.0,100.0,0,61.7,0,1.7,0
S9397,Business Administration,5,100.0,12,171.0,66.3,1,65.8,1,5.0,1
S9398,Computer Science,7,78.1,20,272.0,49.4,1,56.2,3,2.1,1
S9399,Artificial Intelligence,2,93.5,12,285.0,74.8,0,62.6,2,4.4,0
S9400,Data Science,7,67.0,15,388.0,78.6,2,96.4,0,4.2,0
S9401,Data Science,4,56.8,16,244.0,98.3,0,79.0,0,3.7,0
S9402,Business Administration,2,82.4,19,203.0,75.4,3,49.4,2,1.6,1
S9403,Information Technology,3,88.6,17,335.0,73.4,1,60.5,0,3.7,0
S9404,Business Administration,3,91.4,15,310.0,64.2,1,49.6,2,4.9,0
S9405,Computer Science,6,95.0,18,404.0,51.1,1,45.4,0,3.6,0
S9406,Information Technology,7,78.0,14,218.0,54.1,0,82.4,1,3.2,0
S9407,Data Science,8,82.9,13,275.0,88.0,2,65.1,1,3.3,0
S9408,Artificial Intelligence,5,91.9,19,393.0,86.2,0,87.9,0,3.7,0
S9409,Artificial Intelligence,8,96.3,21,293.0,95.4,2,54.7,0,1.3,1
S9410,Computer Science,3,71.1,21,99.0,74.9,0,84.7,2,4.0,1
S9411,Business Administration,5,84.5,21,495.0,100.0,3,68.4,0,2.7,0
S9412,Computer Science,6,89.8,22,290.0,61.4,2,67.4,1,3.8,0
S9413,Artificial Intelligence,4,83.8,19,292.0,70.1,3,83.1,0,4.9,0
S9414,Data Science,6,74.5,25,603.0,76.1,4,72.2,1,3.0,0
S9415,Artificial Intelligence,5,82.0,20,554.0,75.9,0,71.7,2,2.7,0
S9416,Information Technology,3,88.4,22,414.0,63.2,0,78.0,2,3.6,0
S9417,Artificial Intelligence,1,72.9,22,170.0,60.1,0,31.6,0,4.9,0
S9418,Artificial Intelligence,5,67.6,21,465.0,35.7,1,77.2,0,3.7,0
S9419,Information Technology,2,100.0,21,87.0,100.0,0,60.0,4,4.4,1
S9420,Business Administration,8,84.3,12,316.0,78.3,1,50.9,0,4.0,0
S9421,Artificial Intelligence,1,93.3,22,244.0,71.5,1,59.2,2,4.4,0
S9422,Computer Science,7,84.5,19,216.0,63.7,1,56.4,0,3.0,1
S9423,Artificial Intelligence,5,94.6,14,328.0,79.7,2,91.6,2,4.7,0
S9424,Computer Science,2,83.0,10,374.0,75.1,0,55.1,1,4.0,0
S9425,Information Technology,8,89.0,19,394.0,100.0,0,75.9,1,2.4,0
S9426,Artificial Intelligence,7,68.7,25,290.0,69.3,3,76.5,1,3.3,0
S9427,Information Technology,6,60.8,20,275.0,72.3,2,61.8,2,3.6,0
S9428,Information Technology,1,76.3,22,402.0,91.8,2,58.0,1,3.6,0
S9429,Business Administration,5,64.9,24,405.0,89.9,1,67.5,0,3.4,0
S9430,Artificial Intelligence,4,56.6,22,317.0,56.3,0,55.2,2,3.7,0
S9431,Computer Science,6,85.6,19,196.0,87.6,3,56.3,1,3.7,1
S9432,Computer Science,2,60.8,14,97.0,99.8,1,83.4,3,3.1,1
S9433,Artificial Intelligence,4,93.4,12,379.0,100.0,1,94.2,0,3.8,0
S9434,Business Administration,3,99.3,14,417.0,55.8,1,68.2,2,4.1,0
S9435,Business Administration,6,64.7,10,276.0,77.4,0,47.8,2,4.9,0
S9436,Business Administration,8,85.5,22,345.0,58.4,2,86.0,0,5.0,0
S9437,Computer Science,6,100.0,13,458.0,93.5,1,75.7,0,3.2,0
S9438,Information Technology,8,76.3,15,541.0,80.8,1,84.0,1,3.1,0
S9439,Business Administration,5,89.3,22,253.0,99.6,1,62.0,1,3.2,0
S9440,Computer Science,5,100.0,21,289.0,87.6,2,83.4,1,2.6,1
S9441,Computer Science,2,61.9,15,355.0,61.6,2,63.6,1,3.6,0
S9442,Information Technology,6,69.8,16,154.0,79.5,0,54.8,1,5.0,0
S9443,Artificial Intelligence,5,88.8,12,43.0,64.5,2,50.5,1,2.8,1
S9444,Artificial Intelligence,3,100.0,19,140.0,58.7,5,67.7,0,3.0,1
S9445,Business Administration,8,73.5,18,267.0,68.8,2,96.9,4,2.2,1
S9446,Business Administration,7,100.0,29,213.0,81.5,3,79.0,0,4.3,0
S9447,Information Technology,7,83.6,12,202.0,60.6,2,56.5,1,3.7,1
S9448,Business Administration,7,58.4,18,306.0,80.2,0,64.5,2,2.8,0
S9449,Information Technology,5,100.0,11,298.0,53.7,1,92.0,1,2.7,0
S9450,Computer Science,6,76.4,22,209.0,43.8,2,75.3,2,3.0,1
S9451,Business Administration,7,87.4,23,106.0,100.0,0,75.1,1,4.1,0
S9452,Computer Science,1,62.1,21,349.0,70.7,4,65.2,2,3.8,0
S9453,Data Science,4,73.0,19,426.0,74.4,0,55.4,2,2.8,0
S9454,Information Technology,6,64.0,23,226.0,71.4,1,100.0,4,3.0,1
S9455,Data Science,8,62.8,28,254.0,87.2,0,59.6,0,4.3,0
S9456,Business Administration,3,83.2,17,398.0,80.9,3,88.9,2,2.0,0
S9457,Computer Science,6,88.8,15,426.0,94.0,2,67.2,1,2.6,0
S9458,Business Administration,3,75.4,17,245.0,83.1,3,46.2,2,3.6,1
S9459,Data Science,6,64.8,12,288.0,77.6,1,75.1,2,3.6,0
S9460,Business Administration,7,66.7,25,477.0,96.2,2,94.3,1,4.0,0
S9461,Artificial Intelligence,4,86.5,15,405.0,71.3,4,63.7,2,4.2,0
S9462,Data Science,4,83.3,12,163.0,77.0,1,60.9,1,4.0,1
S9463,Business Administration,3,86.7,24,94.0,73.5,1,69.1,1,2.0,1
S9464,Computer Science,6,100.0,18,267.0,100.0,2,49.7,0,4.1,0
S9465,Business Administration,4,88.9,12,184.0,84.0,0,59.4,1,3.8,0
S9466,Computer Science,2,86.9,13,356.0,79.2,0,89.5,0,3.5,0
S9467,Artificial Intelligence,6,100.0,19,386.0,38.8,1,63.3,1,4.3,0
S9468,Business Administration,4,78.7,10,331.0,84.4,4,47.6,0,4.5,0
S9469,Artificial Intelligence,1,100.0,21,203.0,90.6,1,63.3,1,3.0,0
S9470,Data Science,1,99.1,14,148.0,94.5,2,66.2,0,2.0,1
S9471,Computer Science,2,78.4,26,379.0,74.4,0,67.1,1,3.1,0
S9472,Data Science,4,91.7,18,399.0,89.7,1,91.0,1,2.6,0
S9473,Computer Science,1,79.4,16,433.0,86.2,1,100.0,0,3.3,0
S9474,Artificial Intelligence,7,64.8,20,265.0,41.5,3,71.5,1,4.0,0
S9475,Information Technology,6,81.9,15,289.0,98.2,2,87.3,2,3.0,0
S9476,Business Administration,5,64.4,20,397.0,75.1,2,71.0,0,2.8,0
S9477,Artificial Intelligence,4,84.8,26,301.0,82.3,1,42.1,2,1.0,1
S9478,Computer Science,8,91.6,18,231.0,66.8,3,39.4,0,3.9,0
S9479,Computer Science,2,79.4,14,199.0,90.6,1,61.3,0,4.1,0
S9480,Computer Science,4,84.8,15,386.0,84.5,1,52.2,4,2.8,1
S9481,Computer Science,3,84.6,17,265.0,48.0,1,53.4,3,2.7,1
S9482,Business Administration,3,92.1,17,235.0,65.7,1,43.1,3,3.4,1
S9483,Data Science,1,83.1,13,354.0,100.0,1,95.2,0,2.1,0
S9484,Information Technology,8,78.2,12,215.0,92.4,0,94.1,1,4.4,0
S9485,Business Administration,3,91.6,17,231.0,72.1,2,74.5,2,2.8,1
S9486,Computer Science,2,83.9,22,305.0,72.3,2,55.2,0,4.2,0
S9487,Business Administration,8,56.4,19,244.0,62.0,0,77.5,2,3.4,1
S9488,Artificial Intelligence,1,77.8,12,470.0,63.0,2,72.3,0,2.1,0
S9489,Computer Science,2,75.8,15,364.0,81.6,1,78.2,2,2.7,1
S9490,Information Technology,6,83.8,15,315.0,100.0,1,62.0,1,1.8,0
S9491,Computer Science,2,82.5,16,469.0,72.3,1,45.7,4,3.6,0
S9492,Information Technology,3,58.6,18,310.0,78.6,2,63.4,3,2.9,1
S9493,Information Technology,6,64.1,15,430.0,64.9,1,64.9,1,3.2,0
S9494,Data Science,3,70.6,6,181.0,76.3,2,69.1,0,4.6,1
S9495,Data Science,2,82.8,13,224.0,84.2,1,52.2,0,4.2,0
S9496,Business Administration,3,94.9,19,185.0,100.0,3,63.5,1,3.2,0
S9497,Business Administration,8,62.8,14,361.0,99.1,2,76.8,1,3.4,0
S9498,Information Technology,3,73.9,16,115.0,99.1,2,67.4,4,2.8,1
S9499,Computer Science,3,81.4,14,338.0,69.8,0,79.2,0,4.0,0
S9500,Artificial Intelligence,4,70.8,22,241.0,61.5,3,45.1,2,5.0,0
S9501,Artificial Intelligence,6,83.0,10,316.0,78.0,0,83.2,1,2.8,0
S9502,Computer Science,8,89.7,14,298.0,67.1,3,53.4,2,3.8,0
S9503,Computer Science,6,72.9,17,367.0,70.0,1,74.1,1,2.8,0
S9504,Data Science,7,85.9,21,568.0,83.0,2,69.7,0,4.2,0
S9505,Artificial Intelligence,6,80.6,16,542.0,89.5,1,49.8,1,4.0,0
S9506,Information Technology,7,68.2,11,398.0,99.7,1,51.3,2,3.9,0
S9507,Business Administration,2,80.3,23,259.0,87.3,2,59.8,2,2.3,1
S9508,Data Science,7,87.5,12,323.0,80.7,2,74.7,0,1.7,1
S9509,Artificial Intelligence,7,99.0,20,252.0,63.3,1,81.5,1,3.8,0
S9510,Computer Science,5,100.0,20,212.0,99.8,2,79.3,0,2.4,1
S9511,Artificial Intelligence,2,75.2,19,66.0,92.0,0,74.4,2,3.3,1
S9512,Information Technology,6,74.5,26,273.0,70.3,5,80.1,0,3.1,1
S9513,Data Science,1,82.5,14,333.0,93.3,2,60.8,0,4.3,0
S9514,Computer Science,3,75.5,16,373.0,80.0,2,53.3,2,4.2,0
S9515,Information Technology,3,96.6,12,314.0,98.4,2,70.3,2,3.2,0
S9516,Business Administration,5,83.2,12,217.0,73.7,1,97.3,1,3.8,0
S9517,Data Science,1,82.7,18,240.0,74.4,2,65.4,1,3.8,0
S9518,Information Technology,4,89.7,14,411.0,49.4,4,70.0,0,4.2,0
S9519,Information Technology,7,83.9,21,95.0,69.7,2,74.7,0,1.9,1
S9520,Computer Science,8,85.7,18,239.0,100.0,2,66.7,2,2.8,1
S9521,Business Administration,2,85.2,16,303.0,100.0,1,83.6,1,4.2,0
S9522,Information Technology,4,80.3,26,251.0,86.0,3,57.5,0,2.4,1
S9523,Data Science,1,71.2,20,118.0,69.1,1,100.0,0,2.5,1
S9524,Information Technology,5,100.0,18,412.0,73.1,1,62.5,2,3.3,0
S9525,Artificial Intelligence,1,71.1,16,440.0,77.1,1,88.7,0,3.0,0
S9526,Data Science,5,100.0,18,182.0,72.1,2,97.1,2,3.9,1
S9527,Data Science,4,86.1,16,0.0,92.2,1,47.3,0,4.5,1
S9528,Information Technology,4,74.8,18,540.0,53.3,1,66.9,0,1.9,0
S9529,Computer Science,8,88.7,18,250.0,78.6,2,82.7,2,3.6,1
S9530,Data Science,1,91.4,20,183.0,100.0,1,79.1,0,3.4,0
S9531,Artificial Intelligence,1,100.0,11,287.0,96.8,2,63.9,0,2.5,0
S9532,Computer Science,7,66.2,26,338.0,100.0,4,74.0,1,1.5,1
S9533,Computer Science,3,80.3,23,225.0,75.7,0,43.0,1,2.8,1
S9534,Computer Science,5,98.5,22,316.0,66.5,0,72.4,1,2.2,0
S9535,Data Science,3,91.0,9,286.0,83.7,3,70.4,1,3.7,0
S9536,Computer Science,2,87.8,17,217.0,64.3,2,67.2,1,2.9,1
S9537,Information Technology,2,99.7,21,104.0,68.7,0,59.7,0,2.9,1
S9538,Computer Science,1,79.8,15,460.0,74.2,1,67.5,0,4.0,0
S9539,Artificial Intelligence,4,53.2,11,368.0,100.0,0,52.3,0,5.0,0
S9540,Business Administration,2,77.6,17,208.0,94.9,0,77.2,1,3.3,0
S9541,Artificial Intelligence,2,100.0,23,349.0,87.3,0,74.0,1,3.9,0
S9542,Data Science,8,85.6,24,196.0,79.9,0,67.3,0,4.2,0
S9543,Computer Science,3,71.9,19,295.0,100.0,1,53.0,2,2.4,1
S9544,Computer Science,8,98.0,17,371.0,85.9,4,83.2,1,2.2,0
S9545,Information Technology,3,92.1,20,356.0,61.5,0,50.8,0,3.3,0
S9546,Computer Science,7,83.8,18,251.0,81.1,0,52.9,2,3.9,0
S9547,Artificial Intelligence,8,89.0,13,398.0,61.1,2,100.0,1,2.9,0
S9548,Data Science,7,69.8,15,301.0,68.7,0,70.7,2,2.1,1
S9549,Business Administration,2,77.7,20,237.0,100.0,1,46.9,0,4.6,0
S9550,Computer Science,1,81.2,15,501.0,83.6,3,73.9,2,4.0,0
S9551,Business Administration,3,95.2,25,165.0,80.1,2,68.9,2,3.3,1
S9552,Computer Science,2,75.4,18,348.0,82.8,0,58.0,0,2.7,0
S9553,Data Science,4,81.7,18,470.0,76.7,0,75.3,1,2.3,0
S9554,Artificial Intelligence,3,99.3,22,96.0,40.0,1,69.7,1,2.7,1
S9555,Data Science,2,100.0,17,496.0,91.4,3,50.0,0,4.9,0
S9556,Business Administration,7,71.6,20,503.0,90.1,2,70.3,0,3.2,0
S9557,Computer Science,8,83.7,13,244.0,81.3,2,63.7,1,3.7,1
S9558,Business Administration,5,63.9,19,335.0,65.6,3,66.1,2,5.0,0
S9559,Artificial Intelligence,3,81.8,18,212.0,100.0,2,67.8,1,5.0,0
S9560,Data Science,5,78.5,20,201.0,69.4,2,62.8,0,3.6,1
S9561,Business Administration,3,97.0,26,164.0,63.7,2,73.8,0,4.9,0
S9562,Business Administration,3,67.9,15,503.0,79.9,1,70.1,3,3.9,0
S9563,Artificial Intelligence,8,66.3,18,272.0,90.8,1,51.2,0,5.0,0
S9564,Computer Science,7,100.0,15,134.0,87.0,2,75.0,1,3.5,1
S9565,Business Administration,6,74.4,23,425.0,88.3,0,77.1,1,4.1,0
S9566,Artificial Intelligence,6,84.4,19,381.0,99.4,2,30.4,1,4.0,0
S9567,Computer Science,5,85.5,19,345.0,83.3,0,24.3,0,2.8,0
S9568,Computer Science,1,72.6,20,221.0,100.0,2,67.5,1,4.1,0
S9569,Data Science,2,72.6,19,252.0,87.1,1,64.0,1,2.7,1
S9570,Artificial Intelligence,1,95.5,19,549.0,76.6,2,77.9,2,3.1,0
S9571,Computer Science,1,90.1,17,346.0,70.1,0,56.8,1,4.2,0
S9572,Data Science,6,81.8,10,237.0,100.0,1,71.1,0,3.8,0
S9573,Information Technology,2,80.4,9,389.0,89.9,2,78.0,0,3.5,0
S9574,Artificial Intelligence,6,85.8,16,401.0,72.2,0,75.2,0,3.8,0
S9575,Information Technology,8,86.6,17,518.0,70.2,3,56.0,1,3.5,0
S9576,Computer Science,8,97.1,20,308.0,59.7,1,67.1,1,4.3,0
S9577,Artificial Intelligence,6,81.7,25,388.0,100.0,0,58.7,1,5.0,0
S9578,Data Science,7,87.3,20,364.0,86.7,2,69.7,2,4.6,0
S9579,Computer Science,6,90.6,19,214.0,100.0,3,73.1,0,3.2,0
S9580,Artificial Intelligence,4,90.8,25,136.0,100.0,2,86.9,1,3.9,0
S9581,Artificial Intelligence,1,99.4,20,375.0,100.0,4,63.4,1,2.9,0
S9582,Information Technology,7,81.8,20,383.0,70.8,1,82.2,2,4.5,0
S9583,Computer Science,7,75.2,21,8.0,100.0,1,82.4,2,3.5,1
S9584,Data Science,1,77.7,20,364.0,91.9,2,66.3,0,4.1,0
S9585,Data Science,7,89.7,15,291.0,57.2,5,57.9,1,3.8,1
S9586,Computer Science,1,80.7,16,352.0,82.7,1,66.8,0,1.5,0
S9587,Computer Science,4,100.0,16,242.0,80.1,1,78.8,0,3.5,0
S9588,Business Administration,3,82.2,23,475.0,85.9,1,69.1,1,3.7,0
S9589,Information Technology,7,70.5,21,424.0,83.6,2,51.1,0,3.8,0
S9590,Computer Science,5,85.9,12,133.0,89.4,1,69.6,2,2.8,1
S9591,Computer Science,5,100.0,21,182.0,65.5,1,53.9,0,2.5,1
S9592,Business Administration,4,72.2,9,307.0,83.9,1,65.8,0,3.7,0
S9593,Business Administration,1,71.9,16,226.0,70.5,0,95.1,0,3.6,0
S9594,Artificial Intelligence,5,79.8,12,430.0,81.7,0,86.5,0,3.2,0
S9595,Data Science,4,74.2,17,179.0,75.2,1,61.8,2,3.1,1
S9596,Information Technology,6,65.8,23,429.0,70.8,3,70.3,3,4.5,0
S9597,Artificial Intelligence,2,63.5,25,9.0,91.8,4,82.1,2,2.9,1
S9598,Computer Science,5,84.8,19,251.0,87.3,4,57.4,0,3.0,1
S9599,Business Administration,8,90.6,18,467.0,85.8,2,100.0,0,1.7,0
S9600,Data Science,2,73.6,23,293.0,70.2,2,45.0,3,4.1,1
S9601,Artificial Intelligence,8,81.2,15,303.0,88.6,3,74.1,1,3.6,0
S9602,Data Science,1,84.2,21,393.0,77.5,1,64.0,3,4.7,0
S9603,Business Administration,5,68.7,15,363.0,70.7,0,69.7,0,2.8,0
S9604,Artificial Intelligence,4,92.3,19,287.0,96.2,1,73.2,1,2.3,1
S9605,Artificial Intelligence,3,84.5,21,458.0,92.9,1,69.8,2,2.9,0
S9606,Data Science,5,88.3,17,316.0,24.0,1,50.2,1,4.2,0
S9607,Business Administration,5,90.2,23,365.0,39.6,2,61.1,2,4.4,0
S9608,Computer Science,5,100.0,17,413.0,100.0,1,40.4,1,3.6,0
S9609,Artificial Intelligence,5,69.7,14,8.0,55.5,0,60.3,1,3.6,1
S9610,Computer Science,8,71.3,19,214.0,54.4,2,71.1,1,4.8,0
S9611,Business Administration,4,100.0,9,229.0,75.4,2,77.7,0,4.0,0
S9612,Artificial Intelligence,4,89.8,18,379.0,82.8,1,56.4,1,3.5,0
S9613,Artificial Intelligence,8,82.8,20,509.0,69.3,0,69.5,0,2.9,0
S9614,Computer Science,3,76.3,12,76.0,23.1,1,61.1,1,4.0,1
S9615,Information Technology,4,79.2,23,250.0,80.8,1,75.0,3,2.5,1
S9616,Computer Science,4,79.5,17,431.0,100.0,0,64.0,0,2.5,0
S9617,Computer Science,1,64.1,18,91.0,53.2,1,75.0,1,3.3,1
S9618,Information Technology,7,93.7,21,346.0,100.0,6,66.1,3,4.7,0
S9619,Business Administration,1,57.9,17,355.0,73.0,0,83.0,1,2.5,1
S9620,Business Administration,7,71.8,14,365.0,100.0,1,86.5,1,4.4,0
S9621,Artificial Intelligence,2,76.8,20,165.0,89.2,2,43.2,0,4.0,1
S9622,Data Science,3,100.0,21,295.0,68.2,3,67.7,0,2.6,0
S9623,Data Science,7,80.8,18,156.0,89.3,0,59.5,0,3.7,0
S9624,Artificial Intelligence,1,85.8,21,433.0,100.0,2,74.9,0,2.9,0
S9625,Data Science,3,71.5,19,172.0,51.7,4,49.5,2,2.9,1
S9626,Computer Science,3,92.4,20,304.0,80.0,1,59.6,0,4.4,0
S9627,Computer Science,5,100.0,17,551.0,96.6,0,75.5,1,3.4,0
S9628,Information Technology,6,87.9,20,435.0,71.8,1,73.5,1,3.4,0
S9629,Information Technology,6,78.0,21,88.0,54.3,0,65.1,0,3.5,1
S9630,Artificial Intelligence,6,57.6,22,264.0,100.0,2,54.4,1,4.5,0
S9631,Artificial Intelligence,3,90.3,16,308.0,45.5,1,70.7,1,3.3,0
S9632,Artificial Intelligence,5,70.2,21,277.0,72.3,1,81.0,0,4.1,0
S9633,Computer Science,2,72.9,20,347.0,76.7,1,62.7,1,4.1,0
S9634,Data Science,2,93.2,22,374.0,100.0,2,72.4,0,2.2,0
S9635,Artificial Intelligence,6,76.3,19,520.0,37.9,2,63.3,1,4.4,0
S9636,Artificial Intelligence,2,80.9,16,244.0,77.7,1,55.6,1,4.5,0
S9637,Computer Science,5,91.0,15,389.0,66.5,0,53.9,1,4.0,0
S9638,Computer Science,6,73.5,17,278.0,66.4,1,75.2,0,3.1,0
S9639,Computer Science,7,66.5,19,488.0,100.0,3,81.0,2,2.8,0
S9640,Data Science,7,87.6,17,347.0,60.5,1,46.1,1,3.4,0
S9641,Artificial Intelligence,5,91.1,21,305.0,55.4,0,63.6,1,2.1,1
S9642,Business Administration,8,75.1,22,269.0,56.8,2,69.5,1,3.8,0
S9643,Business Administration,2,74.5,19,196.0,81.0,2,47.5,2,2.5,1
S9644,Artificial Intelligence,6,68.8,17,404.0,77.5,3,72.5,1,3.8,0
S9645,Artificial Intelligence,7,90.6,22,202.0,73.2,3,65.0,1,3.2,1
S9646,Artificial Intelligence,5,100.0,20,76.0,68.4,3,56.1,3,3.8,1
S9647,Artificial Intelligence,4,93.2,23,185.0,100.0,3,83.1,1,3.1,1
S9648,Data Science,7,80.9,22,318.0,42.6,3,67.8,0,3.4,0
S9649,Business Administration,4,90.6,14,153.0,99.8,1,66.7,1,2.9,1
S9650,Information Technology,5,72.0,16,203.0,52.8,3,77.8,1,3.7,1
S9651,Business Administration,5,86.4,14,73.0,97.3,2,61.4,2,4.2,1
S9652,Business Administration,1,69.0,8,201.0,92.6,0,55.7,2,4.5,0
S9653,Computer Science,7,80.5,19,505.0,89.4,2,54.6,0,3.2,0
S9654,Artificial Intelligence,1,94.9,18,224.0,76.4,2,34.9,0,1.4,1
S9655,Artificial Intelligence,3,91.7,16,287.0,70.3,1,88.1,1,3.1,0
S9656,Artificial Intelligence,7,88.8,20,569.0,81.4,5,88.0,4,4.1,0
S9657,Computer Science,6,87.0,21,340.0,98.3,1,45.1,0,4.3,0
S9658,Data Science,3,73.2,20,335.0,72.3,2,71.6,2,5.0,0
S9659,Data Science,3,83.7,24,185.0,68.8,1,50.9,2,3.0,1
S9660,Information Technology,2,91.4,22,327.0,77.2,1,41.1,1,4.7,0
S9661,Data Science,4,79.1,18,508.0,73.3,5,54.7,2,3.3,0
S9662,Data Science,2,79.5,28,155.0,75.1,2,74.1,1,3.9,0
S9663,Artificial Intelligence,6,76.4,13,278.0,100.0,0,55.9,0,3.8,0
S9664,Business Administration,5,78.6,17,159.0,64.1,1,53.5,3,4.5,1
S9665,Data Science,1,72.7,15,494.0,100.0,1,92.3,0,2.2,0
S9666,Data Science,6,82.3,24,158.0,94.6,2,69.7,1,2.4,1
S9667,Computer Science,5,78.2,14,216.0,52.1,2,75.2,2,3.6,1
S9668,Information Technology,6,64.3,15,161.0,65.2,3,78.2,0,2.6,1
S9669,Computer Science,5,100.0,17,134.0,77.1,1,55.5,2,3.6,1
S9670,Artificial Intelligence,7,69.6,19,311.0,76.9,0,80.0,0,4.2,0
S9671,Business Administration,1,80.4,19,258.0,68.4,1,55.0,2,4.6,0
S9672,Information Technology,5,82.7,14,342.0,96.2,1,69.3,2,2.8,0
S9673,Computer Science,3,75.6,13,375.0,81.6,1,60.0,1,2.6,0
S9674,Data Science,6,80.9,18,98.0,79.3,2,69.8,0,3.9,1
S9675,Data Science,1,72.2,16,336.0,100.0,1,63.4,1,4.2,0
S9676,Information Technology,5,90.7,16,190.0,64.9,2,69.4,1,3.0,1
S9677,Data Science,3,81.7,19,317.0,67.6,1,75.6,3,2.8,1
S9678,Computer Science,3,90.6,15,340.0,71.0,2,58.0,0,4.1,0
S9679,Computer Science,7,99.6,16,269.0,52.9,0,78.2,0,4.3,0
S9680,Data Science,4,78.6,14,458.0,77.6,3,62.8,2,3.5,0
S9681,Data Science,3,91.3,27,128.0,89.2,0,69.1,0,4.0,1
S9682,Artificial Intelligence,2,100.0,14,165.0,55.2,3,54.1,0,2.9,1
S9683,Business Administration,1,80.5,21,329.0,59.1,1,65.8,1,3.1,0
S9684,Information Technology,1,90.3,29,553.0,78.7,4,79.0,0,3.3,0
S9685,Computer Science,8,76.4,14,187.0,84.2,1,70.3,1,3.0,1
S9686,Information Technology,1,96.4,14,292.0,73.5,1,67.2,2,2.2,1
S9687,Artificial Intelligence,5,76.0,14,443.0,70.9,0,93.9,0,3.0,0
S9688,Computer Science,6,90.4,16,410.0,100.0,1,58.1,1,3.8,0
S9689,Artificial Intelligence,5,93.9,19,374.0,67.5,1,93.5,2,3.2,0
S9690,Artificial Intelligence,2,67.9,19,214.0,100.0,1,76.3,2,4.2,0
S9691,Data Science,8,74.0,10,297.0,67.8,3,94.7,1,3.2,1
S9692,Information Technology,6,73.5,21,304.0,87.3,3,55.5,2,2.7,1
S9693,Information Technology,7,95.0,17,425.0,67.4,2,59.0,1,3.6,0
S9694,Data Science,3,67.9,15,284.0,70.3,0,82.9,0,4.1,0
S9695,Information Technology,8,85.9,25,463.0,66.6,1,58.9,3,2.8,0
S9696,Data Science,5,90.7,20,293.0,91.1,1,64.1,2,2.0,1
S9697,Computer Science,6,84.0,16,317.0,100.0,1,100.0,2,3.8,0
S9698,Artificial Intelligence,3,97.3,15,285.0,79.9,1,36.9,1,4.1,0
S9699,Artificial Intelligence,6,58.9,15,279.0,59.1,3,67.5,1,2.1,1
S9700,Information Technology,3,89.3,14,291.0,89.3,3,50.7,0,4.3,0
S9701,Business Administration,6,79.8,12,304.0,100.0,0,81.9,1,3.1,0
S9702,Artificial Intelligence,5,63.9,15,105.0,93.7,1,58.6,0,3.3,1
S9703,Data Science,8,69.0,19,266.0,53.1,1,64.1,0,3.2,0
S9704,Business Administration,5,100.0,11,503.0,67.0,1,86.9,0,3.2,0
S9705,Business Administration,2,89.6,23,82.0,63.3,2,56.4,0,3.3,1
S9706,Artificial Intelligence,7,91.6,14,271.0,79.1,1,66.2,3,3.7,0
S9707,Artificial Intelligence,7,93.5,23,233.0,88.3,2,50.9,0,3.2,1
S9708,Artificial Intelligence,4,65.7,14,339.0,98.1,1,42.1,0,4.7,0
S9709,Data Science,1,84.9,17,361.0,85.2,2,40.3,1,3.6,0
S9710,Business Administration,5,95.2,17,318.0,100.0,1,36.6,1,3.9,0
S9711,Information Technology,5,77.2,21,59.0,100.0,3,38.1,1,5.0,1
S9712,Data Science,3,98.3,26,57.0,100.0,5,51.8,0,4.2,1
S9713,Computer Science,4,74.6,11,0.0,65.9,3,73.8,0,5.0,1
S9714,Artificial Intelligence,7,83.5,23,284.0,90.6,2,54.0,2,3.3,0
S9715,Business Administration,5,86.8,23,103.0,87.9,2,56.9,0,4.1,1
S9716,Data Science,6,91.1,18,18.0,100.0,4,71.0,0,3.9,1
S9717,Computer Science,7,78.5,8,190.0,100.0,1,74.9,1,3.7,1
S9718,Data Science,4,94.1,25,218.0,71.2,0,76.5,1,3.9,0
S9719,Data Science,1,87.1,18,290.0,82.3,1,73.1,1,3.6,0
S9720,Information Technology,6,62.3,20,301.0,80.7,0,84.6,3,4.2,0
S9721,Information Technology,3,100.0,22,307.0,100.0,0,74.7,0,2.9,0
S9722,Data Science,2,70.5,19,398.0,76.7,1,59.5,2,2.6,0
S9723,Computer Science,6,100.0,10,265.0,91.5,1,95.9,0,3.8,0
S9724,Business Administration,8,80.1,18,390.0,79.7,4,94.8,4,4.2,0
S9725,Business Administration,7,77.9,19,258.0,51.9,4,52.1,1,4.0,1
S9726,Artificial Intelligence,8,86.8,15,252.0,78.7,1,72.9,2,2.2,1
S9727,Artificial Intelligence,1,73.6,20,231.0,83.0,0,63.0,3,4.2,1
S9728,Business Administration,6,59.4,28,296.0,84.1,0,81.3,0,3.5,0
S9729,Data Science,4,80.7,24,379.0,98.0,1,79.0,1,4.5,0
S9730,Data Science,4,86.5,14,377.0,72.0,3,38.0,0,2.4,1
S9731,Information Technology,1,100.0,22,373.0,60.6,2,86.1,1,4.4,0
S9732,Information Technology,7,67.7,20,337.0,100.0,0,75.2,1,3.5,0
S9733,Artificial Intelligence,4,89.0,14,162.0,71.4,3,81.2,1,5.0,0
S9734,Business Administration,6,80.8,26,631.0,83.1,0,84.7,2,3.8,0
S9735,Data Science,2,82.4,18,140.0,80.9,5,69.1,0,4.0,1
S9736,Business Administration,6,93.7,19,315.0,52.3,1,73.2,1,3.1,0
S9737,Computer Science,2,75.9,20,660.0,100.0,1,71.3,1,3.3,0
S9738,Business Administration,4,84.0,26,406.0,85.1,3,70.0,0,3.4,0
S9739,Computer Science,6,95.1,18,216.0,91.0,3,59.7,0,3.6,1
S9740,Information Technology,4,94.4,27,446.0,100.0,2,66.0,3,3.3,0
S9741,Information Technology,7,67.4,14,323.0,77.5,1,63.4,0,4.0,0
S9742,Artificial Intelligence,2,74.6,17,202.0,90.7,3,98.2,2,4.4,0
S9743,Business Administration,7,80.3,21,326.0,83.1,1,59.7,0,4.0,0
S9744,Business Administration,4,91.8,21,256.0,94.3,1,69.9,1,3.7,0
S9745,Computer Science,5,79.0,14,274.0,73.5,1,67.5,1,3.2,1
S9746,Information Technology,3,83.0,16,305.0,100.0,0,76.1,1,1.1,1
S9747,Computer Science,6,97.0,29,384.0,59.7,2,69.4,0,4.1,0
S9748,Information Technology,5,77.9,13,408.0,100.0,1,91.3,3,2.9,0
S9749,Computer Science,7,99.7,11,213.0,100.0,0,73.5,3,3.1,0
S9750,Information Technology,8,62.7,23,343.0,85.8,0,82.7,0,3.1,0
S9751,Computer Science,4,77.3,12,268.0,78.9,2,67.8,0,3.7,1
S9752,Information Technology,4,65.6,17,392.0,100.0,1,37.6,2,4.4,0
S9753,Computer Science,3,83.4,19,177.0,97.1,1,57.8,2,2.9,1
S9754,Business Administration,4,91.0,17,298.0,65.2,0,80.8,0,2.3,0
S9755,Artificial Intelligence,3,80.1,28,81.0,90.1,2,78.3,1,3.8,1
S9756,Computer Science,6,76.3,22,385.0,75.7,4,82.2,2,2.5,1
S9757,Artificial Intelligence,2,65.7,17,516.0,87.8,0,79.8,1,3.1,0
S9758,Business Administration,3,100.0,18,486.0,90.9,0,68.6,1,2.8,0
S9759,Business Administration,3,81.7,19,401.0,65.7,3,78.5,1,3.6,0
S9760,Information Technology,5,76.6,19,369.0,54.7,1,85.5,2,3.9,0
S9761,Artificial Intelligence,4,100.0,8,548.0,69.6,1,92.1,1,4.0,0
S9762,Data Science,6,77.8,13,233.0,100.0,2,91.8,0,3.3,0
S9763,Information Technology,2,71.1,21,270.0,82.4,1,100.0,1,4.6,0
S9764,Artificial Intelligence,1,73.5,18,470.0,100.0,1,47.7,0,2.9,0
S9765,Computer Science,7,71.7,17,283.0,100.0,1,61.9,1,2.5,0
S9766,Computer Science,3,69.2,18,189.0,82.5,1,50.1,1,2.7,1
S9767,Business Administration,1,73.7,22,118.0,88.9,0,53.8,2,5.0,1
S9768,Data Science,4,100.0,20,199.0,95.3,0,84.4,2,2.5,1
S9769,Computer Science,7,68.2,23,511.0,43.5,0,67.6,2,4.5,0
S9770,Artificial Intelligence,3,64.1,18,288.0,68.5,2,84.4,1,3.3,0
S9771,Artificial Intelligence,8,85.3,14,209.0,79.3,1,63.0,1,4.1,0
S9772,Computer Science,8,81.1,12,289.0,99.8,2,87.9,1,1.7,1
S9773,Artificial Intelligence,1,89.9,23,339.0,53.9,3,71.5,0,3.2,0
S9774,Artificial Intelligence,5,75.4,13,77.0,93.7,1,71.3,1,4.0,1
S9775,Business Administration,1,71.6,22,193.0,70.6,2,79.2,2,3.9,1
S9776,Data Science,7,100.0,12,121.0,89.9,3,67.1,0,4.7,0
S9777,Business Administration,5,62.7,27,476.0,73.3,3,54.5,2,2.3,0
S9778,Data Science,7,86.3,20,286.0,75.3,0,46.1,1,4.0,0
S9779,Artificial Intelligence,2,90.3,19,279.0,71.3,2,92.9,0,3.7,0
S9780,Data Science,4,91.9,16,278.0,73.4,2,65.7,1,3.4,0
S9781,Artificial Intelligence,8,78.4,15,166.0,100.0,3,56.5,2,3.5,1
S9782,Artificial Intelligence,6,67.0,14,362.0,61.4,2,65.2,0,3.0,0
S9783,Business Administration,1,100.0,20,520.0,55.0,0,52.1,0,2.8,0
S9784,Business Administration,3,76.7,21,226.0,58.7,1,74.8,0,3.9,0
S9785,Information Technology,7,100.0,21,407.0,70.5,0,72.2,1,4.2,0
S9786,Computer Science,7,86.4,20,287.0,77.8,2,75.6,1,3.6,0
S9787,Information Technology,4,76.2,19,208.0,83.1,2,63.6,0,3.7,1
S9788,Information Technology,1,86.7,18,409.0,77.9,1,91.1,1,3.6,0
S9789,Data Science,3,95.8,17,105.0,68.6,4,77.0,1,5.0,0
S9790,Artificial Intelligence,3,83.0,19,129.0,100.0,2,89.4,1,2.5,1
S9791,Artificial Intelligence,7,73.1,15,512.0,90.9,2,55.2,0,3.7,0
S9792,Artificial Intelligence,6,60.5,19,252.0,66.2,0,86.5,0,3.3,0
S9793,Computer Science,7,76.9,9,443.0,79.8,2,60.0,1,3.1,0
S9794,Data Science,6,91.7,17,286.0,99.4,1,68.6,2,4.4,0
S9795,Data Science,7,69.9,28,0.0,70.1,1,70.9,1,3.9,1
S9796,Artificial Intelligence,7,90.2,13,382.0,76.0,0,65.2,2,3.4,0
S9797,Information Technology,3,82.3,15,344.0,72.2,1,83.3,0,4.2,0
S9798,Computer Science,6,90.9,21,210.0,100.0,2,75.3,2,2.9,1
S9799,Information Technology,3,53.9,19,432.0,87.6,1,38.9,0,4.7,0
S9800,Business Administration,1,65.0,16,412.0,68.2,2,94.2,0,3.7,0
S9801,Data Science,7,76.4,19,209.0,100.0,1,81.9,0,4.1,0
S9802,Data Science,2,100.0,12,430.0,62.1,3,91.7,0,2.9,0
S9803,Information Technology,6,72.9,20,326.0,79.6,0,66.8,0,3.1,0
S9804,Computer Science,5,80.5,13,308.0,100.0,0,64.5,0,3.7,0
S9805,Data Science,8,100.0,13,212.0,77.9,1,60.3,1,2.4,1
S9806,Information Technology,5,87.1,20,190.0,74.1,1,68.3,1,4.7,0
S9807,Computer Science,5,92.3,17,470.0,87.9,2,77.5,1,3.2,0
S9808,Information Technology,2,74.3,22,346.0,83.0,1,67.0,0,4.2,0
S9809,Computer Science,3,96.1,17,413.0,65.1,2,58.6,2,4.1,0
S9810,Artificial Intelligence,3,98.0,20,242.0,92.8,1,80.0,4,4.8,0
S9811,Computer Science,8,88.0,19,360.0,65.2,1,65.5,0,2.7,0
S9812,Business Administration,8,81.0,19,258.0,55.1,3,73.5,0,3.8,1
S9813,Artificial Intelligence,4,88.7,20,380.0,83.8,1,48.4,0,4.1,0
S9814,Information Technology,8,62.5,12,132.0,64.7,1,52.6,0,2.5,1
S9815,Artificial Intelligence,5,95.1,17,134.0,81.0,3,56.5,0,3.2,1
S9816,Artificial Intelligence,5,71.8,15,167.0,87.4,2,66.4,0,3.7,1
S9817,Information Technology,3,78.7,23,299.0,83.9,0,56.5,0,3.1,0
S9818,Information Technology,5,97.8,14,34.0,100.0,0,67.4,1,1.7,1
S9819,Business Administration,3,95.2,22,355.0,100.0,0,58.3,3,2.1,0
S9820,Information Technology,7,62.5,15,374.0,90.8,2,98.3,2,5.0,0
S9821,Data Science,7,70.6,12,90.0,89.7,0,78.5,1,4.5,0
S9822,Data Science,3,89.7,17,251.0,95.5,3,64.5,2,4.0,0
S9823,Business Administration,6,61.1,19,523.0,80.9,2,85.7,0,3.4,0
S9824,Computer Science,3,99.0,19,247.0,79.3,1,73.4,0,3.0,0
S9825,Computer Science,1,83.4,21,179.0,80.0,1,67.4,3,3.8,0
S9826,Data Science,1,99.0,15,255.0,72.5,1,53.9,4,2.7,1
S9827,Information Technology,1,73.1,19,441.0,100.0,2,69.3,0,4.3,0
S9828,Business Administration,1,74.1,23,162.0,62.9,1,65.8,0,3.9,0
S9829,Computer Science,2,94.4,17,366.0,98.4,0,90.3,2,3.6,0
S9830,Computer Science,4,78.4,17,351.0,95.7,0,45.0,0,3.3,0
S9831,Artificial Intelligence,4,67.1,26,299.0,93.6,3,66.2,0,3.3,0
S9832,Data Science,3,88.7,24,255.0,82.2,2,56.8,1,3.8,1
S9833,Information Technology,7,62.9,20,411.0,65.2,0,62.1,2,2.5,0
S9834,Business Administration,5,99.3,15,163.0,89.4,1,55.7,2,5.0,0
S9835,Computer Science,1,84.2,22,348.0,89.4,2,66.8,1,3.2,0
S9836,Artificial Intelligence,4,71.3,17,114.0,100.0,2,47.4,2,2.5,1
S9837,Data Science,4,95.7,17,416.0,93.2,2,64.6,1,4.2,0
S9838,Data Science,1,96.0,27,391.0,86.7,1,81.2,1,3.1,0
S9839,Business Administration,7,82.0,18,250.0,81.8,0,70.6,0,3.1,0
S9840,Computer Science,2,100.0,24,272.0,74.4,2,71.8,2,3.5,0
S9841,Business Administration,2,100.0,19,357.0,86.2,2,80.1,1,3.1,0
S9842,Business Administration,8,85.9,19,137.0,92.7,1,78.7,4,3.1,1
S9843,Artificial Intelligence,4,94.8,19,264.0,67.9,2,54.2,2,3.4,1
S9844,Data Science,8,97.7,14,300.0,73.0,3,77.8,0,4.6,0
S9845,Information Technology,2,68.4,17,95.0,65.6,0,62.1,1,3.3,1
S9846,Data Science,6,85.4,17,408.0,90.2,0,84.1,0,3.4,0
S9847,Data Science,1,73.8,25,550.0,100.0,0,79.3,1,4.4,0
S9848,Artificial Intelligence,7,72.1,20,589.0,32.7,1,60.2,1,1.9,0
S9849,Information Technology,4,83.5,16,66.0,75.6,2,46.9,1,4.0,1
S9850,Computer Science,1,84.4,20,439.0,100.0,1,78.0,1,4.0,0
S9851,Information Technology,2,62.7,12,224.0,94.8,2,69.5,4,3.6,1
S9852,Computer Science,1,86.1,19,287.0,88.4,3,82.9,2,3.2,0
S9853,Information Technology,2,79.0,11,182.0,59.9,2,68.4,0,3.5,1
S9854,Business Administration,7,98.8,20,373.0,97.2,3,61.5,1,3.3,0
S9855,Information Technology,2,96.0,13,0.0,80.2,2,52.8,1,3.7,1
S9856,Artificial Intelligence,1,71.7,18,156.0,95.1,1,56.8,0,3.3,1
S9857,Computer Science,7,97.8,25,29.0,100.0,1,87.9,1,4.4,0
S9858,Data Science,2,88.4,20,231.0,57.8,1,65.9,1,3.2,1
S9859,Artificial Intelligence,8,79.4,21,262.0,100.0,3,80.0,1,3.4,0
S9860,Computer Science,6,75.9,14,111.0,76.1,4,53.3,0,4.1,1
S9861,Computer Science,3,68.2,14,363.0,100.0,2,47.0,0,4.1,0
S9862,Data Science,1,67.4,20,352.0,70.6,5,73.3,1,3.6,0
S9863,Business Administration,3,60.1,7,404.0,63.6,1,80.8,1,3.2,0
S9864,Artificial Intelligence,1,82.3,16,469.0,94.8,1,100.0,1,3.3,0
S9865,Data Science,2,57.3,18,268.0,51.3,1,42.6,0,5.0,0
S9866,Data Science,2,71.6,16,327.0,67.4,1,54.6,0,4.3,0
S9867,Business Administration,7,89.9,22,177.0,67.4,1,82.7,2,3.9,1
S9868,Artificial Intelligence,4,99.9,26,308.0,69.0,1,51.9,1,3.4,0
S9869,Data Science,6,68.2,25,314.0,92.3,1,74.1,1,4.7,0
S9870,Business Administration,8,89.3,19,483.0,90.6,2,71.0,1,1.8,0
S9871,Artificial Intelligence,4,78.3,20,364.0,79.1,2,85.5,0,4.1,0
S9872,Information Technology,3,75.8,9,367.0,67.1,3,87.2,1,3.6,0
S9873,Computer Science,2,83.9,23,264.0,78.0,1,74.0,1,3.7,0
S9874,Business Administration,4,74.1,23,0.0,57.8,0,87.3,1,4.5,1
S9875,Computer Science,2,81.0,14,303.0,57.7,1,75.1,0,4.8,0
S9876,Information Technology,1,82.9,16,243.0,67.6,3,59.1,2,3.5,1
S9877,Data Science,4,95.9,19,167.0,54.3,3,48.5,2,3.5,1
S9878,Data Science,3,98.5,16,389.0,82.9,1,56.8,2,2.8,0
S9879,Artificial Intelligence,7,74.8,20,418.0,91.0,2,56.4,1,3.4,0
S9880,Business Administration,4,78.8,20,179.0,80.5,1,100.0,0,4.7,0
S9881,Business Administration,2,91.7,14,305.0,60.3,0,75.3,0,3.2,0
S9882,Artificial Intelligence,5,79.8,16,287.0,72.0,2,57.2,0,2.0,1
S9883,Computer Science,5,90.6,16,436.0,96.9,2,66.7,1,2.7,0
S9884,Data Science,7,92.8,14,352.0,100.0,3,38.4,0,3.1,0
S9885,Data Science,7,94.2,13,386.0,58.5,0,60.6,0,2.9,0
S9886,Business Administration,6,83.1,12,256.0,88.3,0,41.8,1,4.0,0
S9887,Business Administration,7,68.0,22,350.0,65.5,2,66.1,1,3.9,0
S9888,Artificial Intelligence,2,80.0,9,405.0,100.0,4,43.2,0,4.3,0
S9889,Information Technology,8,75.9,23,578.0,100.0,0,60.5,0,3.3,0
S9890,Computer Science,1,91.3,9,235.0,35.5,0,56.3,0,3.7,0
S9891,Information Technology,4,100.0,19,256.0,63.3,3,59.2,4,2.7,1
S9892,Information Technology,7,100.0,20,211.0,87.8,1,49.9,0,3.3,0
S9893,Business Administration,5,92.6,14,246.0,40.2,2,67.7,3,3.5,1
S9894,Business Administration,1,70.8,22,466.0,100.0,1,87.3,6,3.6,0
S9895,Business Administration,8,98.8,15,201.0,87.3,2,93.8,2,4.2,0
S9896,Information Technology,2,87.1,17,347.0,52.2,1,40.9,4,3.8,0
S9897,Computer Science,1,72.1,23,420.0,98.0,0,57.6,0,3.4,0
S9898,Business Administration,2,92.3,24,444.0,98.1,4,82.6,1,5.0,0
S9899,Data Science,8,79.3,18,475.0,90.4,3,58.8,0,2.7,0
S9900,Computer Science,8,58.6,19,356.0,87.8,1,79.2,0,4.2,0
S9901,Data Science,6,70.2,19,345.0,95.2,2,72.0,0,3.5,0
S9902,Computer Science,4,81.2,20,232.0,59.8,0,72.1,0,3.9,0
S9903,Business Administration,1,80.7,18,64.0,82.9,3,41.7,4,2.6,1
S9904,Artificial Intelligence,8,69.2,17,229.0,64.9,1,84.7,0,2.6,1
S9905,Business Administration,4,91.0,20,319.0,99.5,1,87.0,1,3.3,0
S9906,Information Technology,1,88.2,16,422.0,78.6,3,62.8,0,3.5,0
S9907,Information Technology,2,64.8,15,480.0,38.3,1,71.6,0,2.6,0
S9908,Computer Science,8,100.0,22,301.0,51.5,0,63.9,2,3.1,1
S9909,Information Technology,2,67.4,19,435.0,77.7,0,68.5,0,3.8,0
S9910,Business Administration,1,76.5,24,320.0,68.2,3,82.0,2,3.0,1
S9911,Data Science,6,86.5,21,325.0,69.0,4,56.6,0,4.8,0
S9912,Business Administration,2,76.5,10,264.0,64.5,0,77.7,0,3.0,0
S9913,Computer Science,3,99.5,14,243.0,63.0,0,79.2,0,3.4,0
S9914,Information Technology,3,79.9,23,230.0,84.7,1,83.0,0,3.3,0
S9915,Data Science,4,70.9,21,234.0,91.5,2,68.2,2,2.5,1
S9916,Artificial Intelligence,7,89.4,19,219.0,82.7,0,52.7,0,3.5,0
S9917,Data Science,3,47.2,21,402.0,90.0,3,63.9,0,2.8,0
S9918,Data Science,3,88.4,18,452.0,79.1,0,70.7,3,4.4,0
S9919,Business Administration,6,97.5,22,209.0,50.2,1,84.4,1,3.6,1
S9920,Artificial Intelligence,6,54.3,23,193.0,100.0,2,76.7,0,3.4,0
S9921,Computer Science,7,77.2,18,278.0,100.0,3,50.0,2,3.2,1
S9922,Computer Science,5,62.2,20,195.0,89.2,4,44.9,1,4.4,1
S9923,Data Science,7,82.2,12,178.0,55.8,4,55.6,1,3.6,1
S9924,Data Science,5,100.0,15,258.0,51.5,4,59.1,2,2.6,1
S9925,Information Technology,6,84.8,22,329.0,64.8,1,55.1,5,4.1,1
S9926,Artificial Intelligence,5,79.4,23,328.0,100.0,0,24.4,0,4.1,0
S9927,Data Science,6,48.1,21,262.0,84.7,1,54.6,0,2.8,1
S9928,Information Technology,5,68.7,26,237.0,78.4,1,69.3,2,3.2,1
S9929,Artificial Intelligence,2,80.4,21,373.0,80.3,0,86.3,1,5.0,0
S9930,Computer Science,6,83.1,15,347.0,71.0,2,87.5,0,3.7,0
S9931,Information Technology,7,86.1,15,321.0,76.9,2,82.2,0,5.0,0
S9932,Artificial Intelligence,4,91.2,14,232.0,79.7,3,70.9,0,4.6,0
S9933,Information Technology,4,71.1,14,460.0,67.6,1,95.7,1,5.0,0
S9934,Data Science,6,82.5,18,143.0,56.2,1,65.2,0,2.9,1
S9935,Business Administration,3,76.0,23,233.0,80.0,1,76.7,1,5.0,0
S9936,Computer Science,8,70.7,17,182.0,64.2,0,64.7,1,2.5,1
S9937,Data Science,4,71.5,12,300.0,97.5,1,67.5,1,3.4,0
S9938,Data Science,7,88.5,16,220.0,86.8,0,79.4,0,2.9,0
S9939,Artificial Intelligence,3,51.2,13,311.0,76.1,2,54.9,0,3.5,1
S9940,Information Technology,4,59.7,13,363.0,65.1,1,79.6,3,4.0,0
S9941,Computer Science,8,100.0,20,452.0,90.3,1,57.8,1,3.4,0
S9942,Data Science,1,74.0,20,326.0,91.0,0,71.5,2,3.7,0
S9943,Artificial Intelligence,1,99.6,26,324.0,69.8,4,74.3,0,3.3,0
S9944,Computer Science,6,81.2,15,352.0,84.4,1,78.3,0,3.9,0
S9945,Information Technology,8,75.3,23,26.0,62.6,0,65.9,0,3.9,1
S9946,Data Science,7,89.9,25,307.0,81.0,3,48.0,2,3.3,1
S9947,Data Science,7,83.0,17,167.0,63.3,0,87.1,1,3.3,1
S9948,Data Science,4,79.9,19,222.0,69.2,1,70.5,0,2.5,1
S9949,Computer Science,2,81.5,16,286.0,93.5,1,49.3,1,3.6,0
S9950,Computer Science,3,86.7,14,414.0,99.3,0,100.0,2,3.9,0
S9951,Computer Science,8,73.7,19,88.0,53.0,3,81.6,0,4.3,1
S9952,Computer Science,4,76.2,24,329.0,75.2,1,88.4,1,2.6,0
S9953,Artificial Intelligence,6,70.3,20,312.0,90.2,2,65.5,1,2.8,0
S9954,Business Administration,8,67.5,26,352.0,59.2,0,92.9,2,4.0,0
S9955,Artificial Intelligence,3,100.0,20,568.0,70.9,3,50.4,0,4.0,0
S9956,Data Science,5,71.1,21,487.0,87.8,2,71.7,0,4.2,0
S9957,Artificial Intelligence,6,94.0,17,335.0,68.3,1,75.3,2,5.0,0
S9958,Information Technology,4,77.7,21,367.0,54.1,0,53.8,1,2.5,0
S9959,Computer Science,2,88.5,19,296.0,72.0,4,61.2,3,2.9,1
S9960,Information Technology,8,82.0,19,391.0,74.2,3,66.9,2,3.7,0
S9961,Information Technology,5,60.5,10,304.0,100.0,4,44.6,0,3.6,0
S9962,Data Science,6,82.3,20,351.0,100.0,0,73.6,0,3.8,0
S9963,Computer Science,4,89.3,12,220.0,84.0,1,60.1,1,4.8,0
S9964,Information Technology,1,70.5,19,328.0,79.7,1,66.9,3,5.0,0
S9965,Data Science,7,100.0,13,463.0,58.0,0,81.6,2,2.9,0
S9966,Computer Science,4,91.7,13,368.0,52.9,1,78.2,1,4.1,0
S9967,Business Administration,1,91.9,14,314.0,98.9,1,55.3,1,4.7,0
S9968,Data Science,1,93.1,13,0.0,51.5,0,62.7,1,3.0,1
S9969,Artificial Intelligence,6,54.0,16,346.0,89.9,0,60.8,3,3.7,0
S9970,Computer Science,4,90.5,17,290.0,100.0,1,59.1,1,3.2,0
S9971,Information Technology,7,100.0,15,171.0,59.6,3,62.4,0,2.3,1
S9972,Information Technology,4,91.1,22,292.0,43.5,0,61.3,2,2.9,1
S9973,Artificial Intelligence,1,78.8,21,293.0,86.6,0,57.0,1,3.4,0
S9974,Artificial Intelligence,3,68.6,19,301.0,100.0,2,47.1,1,4.7,0
S9975,Information Technology,5,67.5,20,389.0,60.2,4,70.8,1,3.8,0
S9976,Computer Science,2,66.0,19,275.0,95.3,3,58.7,1,3.8,1
S9977,Data Science,4,77.2,13,271.0,100.0,2,54.6,3,3.4,1
S9978,Artificial Intelligence,5,69.2,20,258.0,84.9,1,55.7,0,3.7,0
S9979,Artificial Intelligence,5,80.2,16,329.0,70.8,1,68.9,3,3.8,0
S9980,Artificial Intelligence,8,84.4,9,365.0,92.5,2,47.5,2,2.1,1
S9981,Business Administration,3,61.4,26,455.0,68.6,1,93.9,1,4.0,0
S9982,Computer Science,5,72.8,9,364.0,77.2,1,75.6,1,3.5,0
S9983,Computer Science,4,75.1,16,429.0,71.4,0,60.9,1,4.5,0
S9984,Computer Science,6,74.7,19,402.0,83.1,1,48.5,0,2.8,0
S9985,Computer Science,6,82.2,17,318.0,81.2,1,80.2,0,4.8,0
S9986,Computer Science,8,83.5,21,213.0,77.5,2,60.2,0,2.8,0
S9987,Information Technology,5,76.9,16,348.0,73.6,2,48.1,0,4.4,0
S9988,Artificial Intelligence,4,73.9,17,487.0,88.7,1,56.3,1,3.1,0
S9989,Information Technology,4,81.8,18,430.0,64.9,3,55.2,0,4.0,0
S9990,Business Administration,1,99.3,19,453.0,63.4,4,71.8,2,4.6,0
S9991,Data Science,3,64.5,24,79.0,98.4,1,61.0,2,3.9,1
S9992,Artificial Intelligence,7,95.6,12,64.0,94.7,3,79.1,0,3.3,1
S9993,Business Administration,2,62.4,21,242.0,65.5,2,63.4,1,3.1,1
S9994,Information Technology,7,86.3,24,357.0,64.4,2,70.7,0,3.3,0
S9995,Data Science,8,94.6,19,255.0,65.4,0,50.5,3,2.6,1
S9996,Business Administration,1,66.1,18,276.0,44.8,2,65.3,1,3.7,0
S9997,Data Science,2,86.2,14,122.0,95.0,2,63.4,0,4.5,1
S9998,Business Administration,7,69.4,8,227.0,84.5,2,67.7,1,4.4,0
S9999,Information Technology,4,96.0,17,193.0,61.8,2,61.0,1,4.5,0
S10000,Data Science,6,62.8,17,197.0,90.7,1,57.2,2,4.1,0
